model,arm,rate,churn,n,rmse,rmse_lo,rmse_hi,bias,bias_lo,bias_hi,mape,mape_lo,mape_hi,spearman,spearman_lo,spearman_hi,ce,ce_lo,ce_hi
LSTM,ar_bounded-kmeans_8,0.01,0.2,10,0.8833026862279787,0.8469682387091128,0.9176079771233312,56.09389205239505,37.97444561352126,70.70285227724904,72.1743160409743,62.275401864068854,81.61748076690621,0.132534521324492,0.09733548857391225,0.16648841428526867,0.076555372427942,0.07355350295159341,0.07952064400344772
LSTM,ar_bounded-kmeans_8,0.01,0.4,10,0.7960972623375137,0.7602751829744618,0.8348313618243162,115.70919421193886,99.18410504583221,132.34629188913925,121.3157388101813,106.57981134106315,136.33443510052058,0.10847602082959729,0.07151815933112661,0.14175352265603858,0.0674607405128578,0.06423152501639419,0.0703443473687262
LSTM,ar_bounded-kmeans_8,0.01,0.6,10,0.7861828762591985,0.7387932527033435,0.8335633330683357,240.6118047407001,216.2720708325708,266.30200611060195,244.64077305695795,221.871601367091,269.01164266153125,0.07257252605664458,0.040535172670931485,0.10914940032918928,0.05092016273488596,0.0484445871788387,0.053753170846030054
LSTM,ar_bounded-kmeans_8,0.01,0.8,10,0.6331328164673592,0.5441436588472348,0.7210155308975115,428.80095297018624,303.95524017355706,587.3972364916559,445.4318440654085,328.44465240998386,597.7253860072233,0.06951029672855272,0.016863137540652585,0.11720085894084023,0.03312284333709002,0.030365856056256812,0.036150223922741094
LSTM,ar_bounded-kmeans_8,0.05,0.2,10,2.1980835395416976,2.1298901995518342,2.283557980177895,28.925320101575437,24.421035261728942,33.13452277080656,39.11494386687374,36.622088901168226,41.507606358367134,0.44834516190600937,0.429004570027996,0.46791554047770784,0.16869287384407855,0.1662764877772757,0.1715562167550836
LSTM,ar_bounded-kmeans_8,0.05,0.4,10,2.0015863895384483,1.9328647945921884,2.091635312080374,60.75426892992857,49.688702087672354,75.2303303857575,64.25724914469427,53.7938127760743,77.6745534269345,0.448231231517895,0.4250532838892505,0.48035123469317065,0.13498401405910648,0.13208245454356068,0.13810696805516876
LSTM,ar_bounded-kmeans_8,0.05,0.6,10,1.7999700115048871,1.7018063845184548,1.899894584374387,107.93489685684798,88.05746417184154,129.2770912669706,110.12958680156558,91.85942268178097,130.64906592614048,0.429630776376375,0.3930073695338083,0.4629473629353858,0.09800899088382717,0.09519181228801603,0.10058158844336862
LSTM,ar_bounded-kmeans_8,0.05,0.8,10,1.5801808110555822,1.3601789667146942,1.8183411006650803,286.6785427078052,188.7465679485503,396.2097430421425,289.7004184757319,194.57365321742816,397.3262315229656,0.3593558500293456,0.3359693510173195,0.382003908026828,0.06075573223643003,0.057165802957024406,0.06440917733358215
LSTM,ar_bounded-kmeans_8,0.1,0.2,10,3.4596920614352795,3.396460228707276,3.525217873343095,28.145884500554576,23.865864328999145,32.645520210723994,32.697255951570426,28.51976852919661,36.66585401161312,0.6035389730285108,0.5661822737167882,0.6372323947233166,0.25440328445357624,0.24653709552455497,0.26023766998414477
LSTM,ar_bounded-kmeans_8,0.1,0.4,10,3.1545452441903543,3.0311161915326035,3.3176013367080572,51.69693985871762,45.44643132809342,57.99554002090038,53.46890532994964,47.971261231972285,59.01662914009638,0.637434304877036,0.6232206621615566,0.6512823557976803,0.19330555730304871,0.18969183712471066,0.19689011361982137
LSTM,ar_bounded-kmeans_8,0.1,0.6,10,2.79468924976545,2.680051731987351,2.9050116303587914,91.70542435218074,74.1265279069138,111.04259047967126,93.10122532924281,76.56477390664915,111.66704281458121,0.5319064937032344,0.49945762431971624,0.563258945781542,0.13873086602737505,0.13482898762139178,0.1414514834495882
LSTM,ar_bounded-kmeans_8,0.1,0.8,10,2.035371880378404,1.8914926768643314,2.1640608344487635,131.3018704976216,96.67523182118393,176.930868757379,134.03344981623786,101.70982166384547,178.34575920641726,0.44789058736991183,0.41928449773183135,0.4726658480563771,0.07559826244496631,0.07232489156195268,0.07926426033955061
LSTM,ar_bounded-kmeans_8,0.3,0.2,10,7.956544859718697,7.6622569543125465,8.237115658636203,24.876344598622733,21.968138967146817,27.89575364733327,25.72614065599863,23.04830114963674,28.503333454053728,0.7872517777550706,0.7771935395269551,0.7974911420527901,0.48963641058653595,0.482527527930215,0.4971123731229455
LSTM,ar_bounded-kmeans_8,0.3,0.4,10,7.674135894629799,7.323680537956698,8.038007172443171,43.53002321166296,37.76685805474447,49.32493564451556,44.549918476340274,39.397028148089476,49.83374130935194,0.7542814870057882,0.7438096879870068,0.7656304388925514,0.35833482190966603,0.35282980748265974,0.36391779831796883
LSTM,ar_bounded-kmeans_8,0.3,0.6,10,6.73333064985794,6.431450437816253,7.05613240155519,70.86905462410161,63.16882853662995,77.51835629831935,71.34568849014568,64.35469883748209,77.60701564896533,0.6562595333089222,0.6435198843225679,0.6659853102222897,0.23550488017499444,0.22982350065505924,0.24045258764576694
LSTM,ar_bounded-kmeans_8,0.3,0.8,10,4.076342033193683,3.885451101973439,4.264012535305244,83.27292301865143,67.07354857724103,100.18902729770255,84.18505645587757,68.74925554225857,100.55088160847698,0.48598922720092863,0.4632877468772298,0.5053129768954838,0.11819313248762713,0.11130386428029918,0.1245873121835458
LSTM,ar_bounded-no_cluster,0.01,0.2,10,0.8636248261462409,0.8173669212206442,0.9191278382929058,43.934140782360444,22.56831290191535,67.2921962016956,64.6399368138628,52.596903516444094,80.53472334592381,-0.034764577528143895,-0.08981142325296775,0.0210868584419536,0.07806398356850773,0.0749253084277734,0.08120972393585056
LSTM,ar_bounded-no_cluster,0.01,0.4,10,0.7832503718780782,0.7453677981961381,0.8207852794298542,114.45974876993073,100.10910273698794,130.33945231104008,120.50325054984583,108.20013708346528,134.53798694838258,-0.09076082432313157,-0.1217618890899061,-0.06407283570156438,0.06747295792613704,0.06431549077920078,0.07029038639273487
LSTM,ar_bounded-no_cluster,0.01,0.6,10,0.7079178644421741,0.6584283849863254,0.7623199659231843,189.50465288290908,150.18890695218707,235.44428808503636,196.17301856399146,158.8740742655326,240.11904152321986,-0.042993091745710615,-0.09588431980621485,0.025197971586624554,0.051368022138873703,0.04872878601402043,0.05429044873546805
LSTM,ar_bounded-no_cluster,0.01,0.8,10,0.7122331525564396,0.6178845355704358,0.8004788440110076,575.9066096138062,347.8644753773769,831.3469199379948,591.3622242729319,373.83095344614964,838.2650619131184,-0.0671093664938045,-0.09528965249523091,-0.039421433027327306,0.03393800606330231,0.03109697556123135,0.03701358213089401
LSTM,ar_bounded-no_cluster,0.05,0.2,10,2.286261005726785,2.2330480234007273,2.334795740972604,46.547515716392084,39.04437879217515,53.992071098075975,48.4231970449293,41.642936018626976,55.23219616500835,0.5015358271651225,0.47257109705877565,0.5289323213635263,0.17399458955195574,0.1723250473849475,0.1759712249911543
LSTM,ar_bounded-no_cluster,0.05,0.4,10,1.876877975616424,1.820771202627273,1.91651228569015,51.99368156516042,42.79968561999574,60.98105056578972,55.55179921832504,47.3788154693176,63.4868310503994,0.5371501506336693,0.5133588471198267,0.5611275547611394,0.1381496348728736,0.135625604254504,0.14072259414009744
LSTM,ar_bounded-no_cluster,0.05,0.6,10,1.4337697394076625,1.3712153062767742,1.5113942981142932,59.86167080879775,42.80200772091641,74.05249713303495,66.67296510102676,56.633280779779525,76.51685772477794,0.5196571961194318,0.50573917610973,0.5334558453343387,0.10010299730707298,0.09770757536996492,0.10250979003496466
LSTM,ar_bounded-no_cluster,0.05,0.8,10,0.9722187429268054,0.9322904797969651,1.012729514638346,18.820401742383474,1.2631717002401728,37.39393610804143,60.39838276987497,52.894197754268085,69.15773556490944,0.39785184470117435,0.3686705539227749,0.4314756381239063,0.06067156705539671,0.0565386836248217,0.0648271639563609
LSTM,ar_bounded-no_cluster,0.1,0.2,10,3.317392063039584,3.2081483972144196,3.448117747950151,29.097692910457294,17.464705436677605,39.48516210756104,32.45481408162635,24.192368354611705,40.9810369753395,0.692646212876922,0.6810092366076388,0.7042187977084211,0.2607919126930868,0.25452113891020417,0.2660405748800508
LSTM,ar_bounded-no_cluster,0.1,0.4,10,2.7873123289061446,2.6791350421017706,2.8939420488484435,28.296786770006502,18.349200135744184,38.810551366428975,34.23264151965703,27.044794245960507,42.35360350640527,0.6944724183664387,0.679480077884978,0.7087144571464741,0.1979050665725391,0.1940800010732242,0.201873798541479
LSTM,ar_bounded-no_cluster,0.1,0.6,10,2.116063709895646,2.0483266272741867,2.1787524245447965,20.38476817618049,12.944072906493473,27.658118821314,32.696514710363495,29.626609407171014,36.39568232907737,0.625087669488365,0.6132332515614228,0.6360364102245664,0.13976780250668525,0.13567864276158312,0.1426731899318595
LSTM,ar_bounded-no_cluster,0.1,0.8,10,1.4494701102703393,1.3083844469328563,1.5811787472744179,3.9534635657761505,-7.232875541969752,15.353422156564681,44.93531936857874,40.23931826284204,50.20798216855921,0.47018834250966696,0.4483560018225246,0.48736242021272175,0.07696423839363782,0.07345735448847211,0.08080398025591334
LSTM,ar_bounded-no_cluster,0.3,0.2,10,6.491791514979108,6.259402549831847,6.7504152222274305,9.606129905510809,7.127487311303659,12.122824821636081,11.805699261347389,10.281663577319478,13.446900515146144,0.8523148528197744,0.8453617820894808,0.8599809392180094,0.4926067643333226,0.4859334481926635,0.49944869969040157
LSTM,ar_bounded-no_cluster,0.3,0.4,10,5.658773935518192,5.457016635231402,5.872421409524992,1.5690292789548805,-2.5695806801804073,5.670571977675811,12.607642077823035,11.463027589042687,13.691628851337313,0.8162447672389673,0.8090667557057231,0.8246492826854913,0.3554886567840973,0.34959135467434915,0.3609043135655423
LSTM,ar_bounded-no_cluster,0.3,0.6,10,4.603772991274898,4.458491098839209,4.765605073152804,-6.604723093906381,-13.21711968475321,0.5661447804789619,19.248233760537126,16.81900254069256,21.84524932172051,0.702322827398717,0.6903792933913871,0.7133234097735991,0.23209719237472326,0.22666946466346932,0.2368873754702508
LSTM,ar_bounded-no_cluster,0.3,0.8,10,3.0129348400676235,2.851580111791377,3.193736844210937,-12.564883748019644,-22.536601142601214,-0.6019432553443055,35.4377621537921,32.50123717371373,38.56408961591809,0.5073223724030413,0.4846748972567568,0.528146330723601,0.11699611243839633,0.11039583771492545,0.12304436670968497
LSTM,ar_unbounded-kmeans_8,0.01,0.2,10,5.0930153597821235,2.646938195983575,7.70450127047517,234.52652163992042,106.56270298849695,376.9609414278199,249.6666979372382,124.1558043211907,390.46450611032196,-0.08466663255221069,-0.1262864394732267,-0.04245850278789259,0.07497850070293574,0.07151596703799436,0.07841392785194322
LSTM,ar_unbounded-kmeans_8,0.01,0.4,10,11.367418587801826,5.38528914309754,17.901611343261102,1299.9237025218588,412.23645243459583,2405.892476749597,1303.98476899559,417.93368023266606,2409.081857127111,-0.11653997069374392,-0.18832219806230732,-0.046140915320458116,0.06589418392007548,0.06253008974948897,0.0689676411143903
LSTM,ar_unbounded-kmeans_8,0.01,0.6,10,5.476298957656437,1.9497539561516197,9.595623236062245,899.9677187418563,424.2665349016839,1465.0626483076885,903.7546227086001,431.3869149060625,1467.4713947372118,-0.0425728858823089,-0.13028683597575483,0.03811329375243488,0.050614397997657413,0.04779747799038882,0.05388979258636629
LSTM,ar_unbounded-kmeans_8,0.01,0.8,10,6.263549440152097,1.3764530002184943,11.956054771167915,1993.0748011055894,730.7424814633234,3553.263682616867,2015.0170540436975,762.6502342596747,3570.754310517405,-0.018646322088629538,-0.0787400097174919,0.03628137147893012,0.03272518861728405,0.030178749545108633,0.03529001565184438
LSTM,ar_unbounded-kmeans_8,0.05,0.2,10,11.364161997887765,9.159432093707002,13.37588494910367,188.3863377054859,150.63648371211895,223.746480363845,188.85793621823007,151.4784640515197,223.89002735552265,0.46059585790301244,0.43129931095846596,0.4921704805707157,0.1737886838082756,0.1713068007864058,0.17653577961160669
LSTM,ar_unbounded-kmeans_8,0.05,0.4,10,9.404975884602862,4.973207176291812,14.543511253928434,220.58467507046817,101.25429607124833,363.2625106068733,229.14047000356237,115.89346398797473,367.4358821500265,0.37444008516795446,0.31893216451400186,0.4267433803857008,0.14000714172919587,0.13719022524698324,0.14299687552110596
LSTM,ar_unbounded-kmeans_8,0.05,0.6,10,8.504928764464344,5.05858093829108,12.133510348817174,356.84703062158087,172.894017447491,578.0754242953159,358.80823925447896,176.04379644547507,579.6304849827609,0.36269103780006906,0.2834994182855731,0.43398540763365456,0.10367155646284418,0.1006530127022415,0.10681165876736239
LSTM,ar_unbounded-kmeans_8,0.05,0.8,10,11.443353657255376,7.938263156368477,14.721029310687692,907.9370530767671,567.9382070091966,1221.5613751174908,919.4500265691711,593.8528906785805,1225.3762578486915,0.31669133808179656,0.2704744440134963,0.36800927469617656,0.0651861955178901,0.060780172122176665,0.06927053175051691
LSTM,ar_unbounded-kmeans_8,0.1,0.2,10,13.083992377052564,8.432108993367521,17.90812858904772,141.39397068288548,81.56871519587119,204.6595130792517,144.93476205422309,88.22694717844963,206.43045289471948,0.5768942079832893,0.5374641713808271,0.61012126444899,0.2646347971945735,0.2584975898758552,0.27025345604574036
LSTM,ar_unbounded-kmeans_8,0.1,0.4,10,9.719772040985259,5.58367323479147,14.133280176870908,167.02579672244502,88.82192813252804,250.19396898411995,174.04326358197227,100.5093586650018,253.27044450526824,0.5641484222564065,0.5173052589819346,0.6055565028803923,0.2028308585040516,0.19757844438960584,0.20730474317139314
LSTM,ar_unbounded-kmeans_8,0.1,0.6,10,6.063651894774902,3.687839882060199,8.569061146078981,132.6402335275891,52.67118837562091,234.10981663883663,141.9498489574642,66.46703195457694,239.8585100929886,0.5520814523872675,0.5094626880426488,0.5886463590414835,0.14634118657559153,0.14239985461502022,0.15072855198911075
LSTM,ar_unbounded-kmeans_8,0.1,0.8,10,3.9823173208481415,1.7891802971946682,6.387923566765627,146.25710760031888,1.6836349873552265,354.7841260135728,188.9519413880441,56.18974312417904,382.03167589886374,0.44693944611125164,0.41850913923917504,0.46901511465551116,0.07844551760289398,0.07400211219282606,0.08371976389518622
LSTM,ar_unbounded-kmeans_8,0.3,0.2,10,15.600878335437434,11.315949129748223,21.658075864728314,75.84658000381555,45.70245710381892,107.22796222225236,80.3853099410133,53.7182026765027,108.87218934223586,0.7524879068929918,0.7251878303947931,0.7757784680035762,0.5133251246297732,0.5032670441601659,0.5230982603598386
LSTM,ar_unbounded-kmeans_8,0.3,0.4,10,10.248364086823772,7.509476827663078,14.33792524993515,42.870625474817146,8.39793395804718,83.84593925917726,61.87424547622088,36.319643270434064,94.73231363319982,0.746703796677434,0.7221776193781709,0.7731593681748136,0.38011503410836056,0.3730044795672099,0.3874545043874532
LSTM,ar_unbounded-kmeans_8,0.3,0.6,10,6.48890115684154,5.728916995447282,7.5421875393341145,11.094437571587884,-16.467119251910226,43.84201466173165,53.53851069458449,41.38104436121859,71.00584926239493,0.6569496639548464,0.6457644018878061,0.6687183743656152,0.25344328555677614,0.2449878187796899,0.26121333962306376
LSTM,ar_unbounded-kmeans_8,0.3,0.8,10,3.885571082704639,3.5150405194080947,4.249882396131792,0.43666236425482696,-17.19073580373578,18.215615920276946,46.72499499458029,40.918408826317155,52.853119121065966,0.4840421265523246,0.46520876418533125,0.5018175703704935,0.12615327499107534,0.11869842546348944,0.13286057795497716
LSTM,ar_unbounded-no_cluster,0.01,0.2,10,6.701730051785236,1.9465848103718597,12.650543399973252,502.4882579125013,92.86811344976506,1057.519399302091,513.483674124326,103.92758890191955,1068.7299174799996,-0.15958913190898533,-0.19599740343790206,-0.11827583985983386,0.07757722657277347,0.07437534167159655,0.08087460062595904
LSTM,ar_unbounded-no_cluster,0.01,0.4,10,1.89399217716787,0.8230571674902584,3.36774238056739,182.0820819535396,123.16939566431668,251.00057299911524,188.53741469229612,130.09991460621214,257.1153070099234,-0.2278297913382314,-0.24807339910608958,-0.2071311351791595,0.06751649836078281,0.06417394336113433,0.07050791114269352
LSTM,ar_unbounded-no_cluster,0.01,0.6,10,3.3890404657480446,1.4186190209335556,5.652611184039763,513.6474905126017,364.28057840633164,704.522874847711,514.0859921827213,364.6155274079607,704.9521066142918,-0.20384333813063646,-0.25192722606834383,-0.15368017893740546,0.05212928654005126,0.049185648523271015,0.05553975774285689
LSTM,ar_unbounded-no_cluster,0.01,0.8,10,1.530081860973795,0.8374589016315541,2.574601748665461,821.1966708843045,500.7507420844881,1141.0350645765461,837.8903670098138,533.053393609206,1147.2649536275924,-0.11874213870211373,-0.1510116974382375,-0.0822483233598515,0.0342889832061094,0.03126771142512243,0.0374670282795947
LSTM,ar_unbounded-no_cluster,0.05,0.2,10,14.226260590627271,11.6862564903901,17.08957360515143,239.89612766924262,189.73561926289173,299.4300593255453,239.89612766924265,189.73561926289176,299.43005932554536,0.4413542691731974,0.42288009525773,0.46349818103826596,0.17692486867308616,0.1746576812743608,0.17949164124604844
LSTM,ar_unbounded-no_cluster,0.05,0.4,10,10.378924719573899,7.987797692021438,12.919743763186153,313.09094077108864,255.08375672320437,372.019310303911,313.0909407710887,255.08375672320443,372.019310303911,0.38925416475339814,0.35881959933297325,0.42426677886893127,0.14455676147093371,0.14199341448644795,0.14709890571888534
LSTM,ar_unbounded-no_cluster,0.05,0.6,10,10.755607021034445,8.382406929215687,12.935318996778564,461.72353207593403,337.57764291980345,630.3214971053935,461.72353207593403,337.57764291980345,630.3214971053935,0.3528639052093163,0.32197467421169046,0.381370656960275,0.10818546709914997,0.10535770626428223,0.11114156365767117
LSTM,ar_unbounded-no_cluster,0.05,0.8,10,12.141063008794708,7.3901302136554845,16.739905247895166,1314.0450561994053,788.5974825676543,1809.629820465843,1314.8244152128857,789.4812040558637,1810.3384748978356,0.26194908617464957,0.20096177288253164,0.32555371897501706,0.06725989696569737,0.06246886381763032,0.07230833214824083
LSTM,ar_unbounded-no_cluster,0.1,0.2,10,21.14872230380689,15.916269338252704,26.872147406051916,300.74252941047905,223.11726856335866,391.48346831618977,300.74252941047905,223.11726856335866,391.48346831618977,0.6015367917942798,0.5836386841419732,0.6172464826991553,0.27230631198423605,0.2647501383497535,0.2781842433046549
LSTM,ar_unbounded-no_cluster,0.1,0.4,10,18.02559402437812,13.159443111334452,23.68752129831607,374.5720007475928,302.32671632556304,470.9173725407063,374.5720007475928,302.32671632556304,470.9173725407063,0.5709888627846287,0.5555937823519277,0.5887294673077244,0.21318974754066913,0.2096023562972198,0.21710092872514256
LSTM,ar_unbounded-no_cluster,0.1,0.6,10,7.5577324712061245,4.758653780317512,10.969720842068673,299.3828484792792,163.68210677689655,428.68777711364106,307.3170993359581,179.02343606045866,430.6735008956814,0.5181287786451314,0.470626427015059,0.5652657097289433,0.15352825752149024,0.14615892459327973,0.15969726094976067
LSTM,ar_unbounded-no_cluster,0.1,0.8,10,4.092682144915116,2.3032654132359043,6.634490939372603,284.9609406358019,102.78007354440766,492.66301584491475,306.5106562510723,137.33144185565197,503.3875116914958,0.4267088788554216,0.38132811930363625,0.4681173164242106,0.08461021923770501,0.07981747899235529,0.08927341919299212
LSTM,ar_unbounded-no_cluster,0.3,0.2,10,35.670054090819505,30.703061257141066,39.909143287280806,267.56291724212986,233.31808659556756,301.7012871484159,267.56291724212986,233.31808659556756,301.7012871484159,0.7341384443225812,0.7252960492609193,0.7428171713072221,0.546224501915276,0.5387787086702884,0.553138063470833
LSTM,ar_unbounded-no_cluster,0.3,0.4,10,18.040484998292204,11.275157708274604,25.33177411723278,150.9307454887096,62.09443030724002,243.33676669248527,161.21257634586533,80.81293823774851,246.91271411254826,0.7361976907964095,0.7106300245073742,0.7598763706391336,0.3996063610166311,0.3872049704442422,0.41224294940009704
LSTM,ar_unbounded-no_cluster,0.3,0.6,10,7.039255480567517,6.226649718792422,7.911974667503261,56.469261090163755,35.58578046827995,76.62825635610547,63.936973713068824,48.72398247171681,79.58410183679324,0.6583425366537933,0.643339350322356,0.6737108728380699,0.2593418970704079,0.2509896776851799,0.267620900071093
LSTM,ar_unbounded-no_cluster,0.3,0.8,10,4.629525240130421,3.4784889132051147,6.061773692681764,50.17684081443729,12.077610442990936,94.51262615200507,69.87895409125305,40.674022573768944,107.03364952707929,0.48026260872646825,0.46251082540410565,0.4961855864514747,0.13101497738427675,0.12560801445719721,0.13709052571741137
LSTM,no_ar-kmeans_8,0.01,0.2,10,0.9102795368006593,0.8693682352746397,0.9650216870745091,77.0849941301776,56.303561303509554,97.64305865945192,86.36319108611616,70.15833822067769,103.66155795369255,0.1365575668289579,0.11139826266315567,0.1615076105412468,0.07830607405242815,0.07537323295953677,0.08123196126388692
LSTM,no_ar-kmeans_8,0.01,0.4,10,0.8105126606950753,0.7841932865295843,0.8354399031442677,135.8620495656905,122.56134269283855,148.67466881637998,139.69752315005874,127.5092886878524,151.55071954506076,0.13636097195593683,0.10897028312416625,0.16399863530697872,0.06687414888292546,0.06357148393755775,0.06981976390350605
LSTM,no_ar-kmeans_8,0.01,0.6,10,0.8169799965235496,0.7619630955771058,0.8713462150812132,271.37851237018464,240.24712702056036,304.5255652129026,273.2752668582624,242.64523804324418,305.71982647912756,0.15911714421021955,0.1153466602561824,0.19919816938466017,0.05078404056529199,0.04799651357034836,0.053976262422899345
LSTM,no_ar-kmeans_8,0.01,0.8,10,0.8531157927188098,0.7922644393476399,0.908587976849102,725.4361165636965,541.7226401076634,937.2886402420299,728.9247410691244,547.7050742477779,938.2834551127714,0.11208831257794602,0.06632045341244167,0.15503231859180477,0.0331441024318337,0.03037733014905821,0.036199011041220065
LSTM,no_ar-kmeans_8,0.05,0.2,10,2.2584196861089763,2.168792862858897,2.3630389077379252,40.44276698127125,33.30266987817388,48.48752977218444,46.61002992517122,40.82329382090481,53.15357484816841,0.46021269804896336,0.4276865718917108,0.4987361718903186,0.16924669036416556,0.16699636740343907,0.17182974021380332
LSTM,no_ar-kmeans_8,0.05,0.4,10,2.0896038186901813,2.04887937188513,2.1364352242113682,81.13971404154097,71.4155905973518,90.8805780077004,82.30575362954124,72.88220735747255,91.76129762602083,0.46009421515834825,0.41815086009313857,0.4980417906024999,0.13681724971781167,0.13430067896842954,0.139333165337642
LSTM,no_ar-kmeans_8,0.05,0.6,10,1.9913456089882478,1.8910829233101778,2.0972060464864595,171.87341064627327,152.55872113569114,190.7763295580921,172.15751127444625,152.8013587681454,191.08188437233224,0.3804714288802661,0.312622625745787,0.4333623964690254,0.10161161939303073,0.09940794938057657,0.1037533048354089
LSTM,no_ar-kmeans_8,0.05,0.8,10,1.991247759513611,1.898981174641285,2.0920255339053955,506.2853926599987,437.3162019506145,559.6918775123123,506.2853926599988,437.31620195061464,559.6918775123124,0.3411029214802031,0.30142142039877456,0.3770253822135677,0.06403401312418278,0.06001333749620238,0.06835075643029989
LSTM,no_ar-kmeans_8,0.1,0.2,10,3.5655208907760305,3.4634960595921815,3.6617783230261955,35.470530830756786,28.30340220067168,41.69172279076429,38.781894505926424,33.79961251883726,43.72936649317627,0.5823583458778532,0.5546827314376964,0.6081857592930484,0.2584631727830994,0.2507529333814357,0.2650332172211436
LSTM,no_ar-kmeans_8,0.1,0.4,10,3.4235538473837956,3.3322114586893616,3.5310628349395445,73.94817922652955,68.37576041004935,80.00466171753033,74.45500557081786,69.0081039375193,80.29353362367013,0.5706107406299374,0.5259333980252054,0.6092064001538767,0.19834561390945543,0.1944325497016761,0.2020151748192998
LSTM,no_ar-kmeans_8,0.1,0.6,10,3.1185325433425466,2.978213177957446,3.2828273326045245,132.1993602061579,110.04891967215555,161.10517580949016,132.30398547740546,110.23813454773294,161.18056638134672,0.5057534292631621,0.4632936699948518,0.5397125127574108,0.1458081205685933,0.141690527414903,0.1488719952711835
LSTM,no_ar-kmeans_8,0.1,0.8,10,2.423975826946866,2.268268877964749,2.5764255452791747,308.6199372234517,230.58737301005667,404.1199861930424,308.92980211614275,230.93532097872702,404.29707998861295,0.3809832356434084,0.33580952909938555,0.4214605097297653,0.08599208936923076,0.08255508019713059,0.08938438910721899
LSTM,no_ar-kmeans_8,0.3,0.2,10,8.307392342885924,8.045326532371627,8.546463797137445,27.456602323483168,24.59333690905564,30.106715599019125,28.16927440833759,25.437536148498758,30.601371415867984,0.7452335193990771,0.730375222141577,0.7583211747718342,0.4931932932231575,0.48644473528140225,0.5001359718700406
LSTM,no_ar-kmeans_8,0.3,0.4,10,8.244859568236985,7.804463425170324,8.730184262989516,53.473813468993555,48.31150001297264,58.06829231059067,53.4959909626176,48.35848028400142,58.07729860957892,0.7436438459429922,0.7303432761138435,0.7551727061287183,0.3609374529123306,0.35557589426636693,0.3663624451359112
LSTM,no_ar-kmeans_8,0.3,0.6,10,7.351040340035345,6.961741131192915,7.6820152993317015,89.67199988227942,81.25639169064833,99.35109910460065,89.67199988227942,81.25639169064833,99.35109910460069,0.6385547481572819,0.6258893179088714,0.6508404430905816,0.2424602047673293,0.23538679885278851,0.24842580465333794
LSTM,no_ar-kmeans_8,0.3,0.8,10,5.338604958251937,4.830523958867035,5.859122291253761,141.60483070693834,115.1057392174126,170.3556997252989,141.74623484677363,115.36347541420488,170.3889607611367,0.4768713619174972,0.46176984014291617,0.4904798886295846,0.12653446489682368,0.11862114523083732,0.1335532567347698
LSTM,no_ar-no_cluster,0.01,0.2,10,0.8672153475122123,0.8299622645209687,0.9126346359906002,59.25247952988131,47.22334649244513,73.79108296727034,70.95195453065216,61.874058247854656,82.2893368237238,0.011619129876959032,-0.015833067345026777,0.035130781939986325,0.07936241377352006,0.0763846811657357,0.08233074663827811
LSTM,no_ar-no_cluster,0.01,0.4,10,0.801084329069553,0.7656913485840295,0.834423916776034,131.91731066801827,114.06451192742705,150.48021745849744,136.21707399689208,119.80045440959029,153.5666298048757,0.009489717814280822,-0.018997008899405938,0.03963651982963985,0.06784350518137214,0.06459511556196952,0.0707077444717288
LSTM,no_ar-no_cluster,0.01,0.6,10,0.829561943988933,0.7900240694036759,0.8709370577491204,289.52245072031957,266.6873685471284,315.67963105674556,291.2082470254929,268.72548324567174,316.9346771592163,0.00806124471052535,-0.032346850358620186,0.044914886368293216,0.05187563676387065,0.04902004985138767,0.05513826614897693
LSTM,no_ar-no_cluster,0.01,0.8,10,0.8574620337959088,0.7860647144527675,0.9225538588858208,755.2163394218221,533.1198466967287,1003.4409919855293,759.0850962890038,540.465802711085,1005.1650303281077,-0.01817288770111058,-0.0488789402434129,0.0167540028193635,0.03407842234009871,0.031264302616764265,0.03718206277611894
LSTM,no_ar-no_cluster,0.05,0.2,10,2.3271303322457864,2.1977199308131863,2.4577967619574648,41.750227127700704,32.75258754737299,50.63755246616312,44.58572718076026,36.54181800669948,52.54965545980627,0.2885845735158057,0.13344669592000247,0.436704182033618,0.1752416904483522,0.17290026761591426,0.17797993006450788
LSTM,no_ar-no_cluster,0.05,0.4,10,2.2448048817465596,2.1489469144710767,2.3341734654692843,98.28925740520219,86.70828221164284,109.449538213902,98.88086500844437,87.59465391366092,109.68934609894055,0.19597205148317196,0.05226607811143178,0.3435775375097595,0.1444284074629346,0.14194019011842704,0.1470694490599756
LSTM,no_ar-no_cluster,0.05,0.6,10,1.9531521013647908,1.8573697323803682,2.0428619773725085,157.30607092401254,138.34414555323468,175.69769195806128,157.63415769154344,138.82437274032057,175.81371914850445,0.03167696320256156,0.001928912734896244,0.05516903368267302,0.10902763950328027,0.10629918615830437,0.11184382224579648
LSTM,no_ar-no_cluster,0.05,0.8,10,1.8831932228389594,1.7490746604816216,2.0271958480774015,497.1800915485111,451.362795337807,543.6511676811258,497.18009154851114,451.36279533780703,543.6511676811257,-0.005920022908568681,-0.025160992781701686,0.015111504664426182,0.06951103154569863,0.06506198539515022,0.07404808618477543
LSTM,no_ar-no_cluster,0.1,0.2,10,3.2844090447274197,3.1563679057915595,3.4109459154206334,31.2639841174649,24.368230487888333,38.32735854677008,32.87881455853332,26.181081865004565,39.92105267000029,0.6726210140305134,0.6546059702934359,0.689136134116225,0.26219463884475686,0.2552510724418043,0.2680652093091713
LSTM,no_ar-no_cluster,0.1,0.4,10,3.109239908579712,2.7714730103046987,3.612279650171766,56.70539882980364,36.03675939360413,88.20807545010986,57.91910125834636,37.56302977478785,89.13635470170162,0.6373676813644048,0.5685840353356731,0.6875008452473239,0.20454686261140376,0.20026519083673805,0.20887664066689024
LSTM,no_ar-no_cluster,0.1,0.6,10,2.431607948234826,2.2798120477136967,2.6120425851681985,60.9781969685249,33.36054113030223,89.54802601819766,68.75629535798763,46.555132279485846,93.32762609546624,0.5971485592357662,0.5847722145467872,0.6095606106904223,0.14869941913833218,0.14273129360129433,0.15325184172640238
LSTM,no_ar-no_cluster,0.1,0.8,10,2.0180177762881053,1.7264799843012895,2.310460617274094,224.05478140385725,111.44078617086525,362.46318350590604,233.22441107673848,128.43859443894743,367.30509688263527,0.27496172305804917,0.1560436452633429,0.39302663867578075,0.0906875705594817,0.08533627811777918,0.0954732117461454
LSTM,no_ar-no_cluster,0.3,0.2,10,6.916255860954957,6.652713016209064,7.20896583440165,17.46477005563562,12.349521415210416,21.84714405970557,19.341083433827922,16.111743130671158,22.488366308993314,0.8509749790216622,0.8455066932767138,0.8572278007983595,0.4974981208331883,0.4909821670339443,0.5040408517909236
LSTM,no_ar-no_cluster,0.3,0.4,10,5.744143730692035,5.529503763055131,5.959777655448559,7.353769832333289,2.84208598239016,11.420243758638,14.499668651410545,12.925426069261158,16.076623918647115,0.8135655977818989,0.8056348260177278,0.8219903479931954,0.36068969945112866,0.3558760449513793,0.36572370157639184
LSTM,no_ar-no_cluster,0.3,0.6,10,4.733916450406203,4.532933833313884,4.9565446360601575,-1.3519277711894169,-8.341152038491606,5.3847003971823355,17.976119168186745,15.27209087274663,21.289994817728314,0.7015584741821547,0.6896923398885959,0.7117421834742172,0.23650778340441833,0.2306840940139123,0.2414446818136743
LSTM,no_ar-no_cluster,0.3,0.8,10,3.2633939435063395,3.0440527621540925,3.4906720211593423,-15.454875486272055,-22.485681059129472,-7.925148024244773,32.19602635904645,27.986431024821336,36.09220569770636,0.5068497197377368,0.4875296620845095,0.5264762329457567,0.12093243162887979,0.1162931209462933,0.12651241308185623
ParetoNBD,-,0.01,0.2,10,0.7943234242296842,0.7657012226872866,0.829924240089875,12.186829496648608,9.097598339974088,15.11660003683328,48.1413215535138,45.47278856740332,50.73153735472421,0.2203043806191209,0.19422163382043486,0.2496847367568742,,,
ParetoNBD,-,0.01,0.4,10,0.6797263440239623,0.6484157190138921,0.7109478282018301,34.04636997025162,26.468712301084498,40.21619594369143,65.53395738116055,61.965790868433466,68.49043361727296,0.2524109366776503,0.23033290457252675,0.27507325322379883,,,
ParetoNBD,-,0.01,0.6,10,0.5686677129028119,0.5400238303469556,0.5995656827403218,40.732763465006,31.81099721664146,50.05099000837999,88.13776483616877,83.49394447070044,92.67470320944614,0.26288821821955416,0.22689473217248102,0.2983680708380918,,,
ParetoNBD,-,0.01,0.8,10,0.4233989308093452,0.38361944023935496,0.4592612817000466,54.46052158601263,34.83972351284117,76.27421966842694,158.8297398308775,137.1792063751763,181.07003865686409,0.19951255514504157,0.15779088932041388,0.23878124735325032,,,
ParetoNBD,-,0.05,0.2,10,1.9228015697086156,1.8931066505532284,1.9554616607677537,8.397545268143098,5.949181755701302,10.913327276493717,35.27217562467574,33.80673203347861,36.97191701963953,0.5757386653288376,0.5571178685593292,0.5987144004476391,,,
ParetoNBD,-,0.05,0.4,10,1.6284977076032707,1.6036149696516113,1.6529659565744612,15.273791960275721,11.221377749390623,19.099484013574518,38.684233605549466,37.09036712187913,40.674913234302316,0.5987203753854871,0.5837082242757746,0.6142489537802547,,,
ParetoNBD,-,0.05,0.6,10,1.3173346528890995,1.2690969190698047,1.3699846592100235,8.820124745883911,1.1525937810879363,15.59747384940321,42.21579180821769,39.812124122693014,44.4549320311234,0.563227657121226,0.5514583532016893,0.5732281140564166,,,
ParetoNBD,-,0.05,0.8,10,0.8913895219839288,0.8617211608995797,0.9219628604407636,12.982593573681479,-0.3789153946708991,26.402509864990726,58.19534951738363,52.884437880022254,63.642822030864224,0.438882151795176,0.41640180270858806,0.4690448848283263,,,
ParetoNBD,-,0.1,0.2,10,2.9067813028395,2.862414283894791,2.9483329848313486,2.5942354645674546,1.1158417356597834,4.2445598844293455,31.189566760340114,30.405844781978743,32.110010912256605,0.7226450348793045,0.711693396456605,0.7334850188779434,,,
ParetoNBD,-,0.1,0.4,10,2.468983867305151,2.3856777727953866,2.5530535600089785,1.2319636893572148,-2.4512238822472963,4.5288877240237255,31.71214416639064,30.492566149949305,32.908840573634784,0.728669673121013,0.7175240235408701,0.7386184238466764,,,
ParetoNBD,-,0.1,0.6,10,2.002229764283373,1.9452259921164217,2.061661779724523,3.4893645768036547,-2.875407379341473,10.317848315491311,36.848665608091416,35.15617318951178,38.60595597086269,0.6517849892491406,0.6377751065449723,0.6636206240482275,,,
ParetoNBD,-,0.1,0.8,10,1.367953423760858,1.2553975879118873,1.471074535714073,7.249313327748827,-7.182454436690501,23.449715489131464,49.27979377635805,43.745869874280835,57.08530711603631,0.5116981069037677,0.49432461114508414,0.5249000809323568,,,
ParetoNBD,-,0.3,0.2,10,6.9257049810608695,6.721500538077709,7.127649531420393,-14.383943886945644,-15.68955275065171,-13.187674467997256,30.269090787276042,29.78229969941814,30.85173958909884,0.8599717297618652,0.8543371296954012,0.8664918130574446,,,
ParetoNBD,-,0.3,0.4,10,5.987705349836938,5.79160083862077,6.203840937985239,-13.668478489878146,-15.387519110616141,-11.923878758442664,30.797071105739718,29.960353882095358,31.63786777270565,0.8306163550102494,0.822684347376758,0.8391428952157741,,,
ParetoNBD,-,0.3,0.6,10,4.7170290704689615,4.5954738422174675,4.8590704878401185,-12.088947727566035,-15.619315039421835,-7.938003754211275,31.990897931003804,30.952483953927448,33.0651114157048,0.7686137687018917,0.7641405188507586,0.7736126772831684,,,
ParetoNBD,-,0.3,0.8,10,3.029985224923549,2.860982158571992,3.2208154074600763,-11.660541344782787,-18.361603935982334,-4.905919440108439,34.98800483291906,33.64676157463232,36.411112998509886,0.699866198012095,0.6819977779811758,0.7159141279578902,,,
Transformer,ar_bounded-kmeans_8,0.01,0.2,10,0.9035723660529836,0.8403408002941114,0.9799992368826255,23.392722424075842,-17.041594127816943,72.2184254055788,72.85521380874107,54.52224694391315,102.04544273471102,0.16438752354975378,0.1371653960926611,0.18992287574893119,0.07447275809633233,0.07124208292458203,0.07775387098314236
Transformer,ar_bounded-kmeans_8,0.01,0.4,10,0.7979136240779696,0.6964171651795407,0.9227394637049626,63.59000359678297,10.804611858900529,125.64112668058297,102.35039830738542,66.38971236200076,148.74362099678416,0.15618707888018385,0.12567517814406368,0.18435826616179055,0.06249351232711754,0.05959269193067611,0.0653297391833205
Transformer,ar_bounded-kmeans_8,0.01,0.6,10,0.6302906598615392,0.5813994119213864,0.6889800020850144,42.800274387854564,-1.5621843984139823,91.48385131703463,102.99005227858547,80.74689562878797,129.43546442977018,0.17668221581997617,0.12372455233947756,0.22943571690737313,0.04674782340725259,0.04397951400093731,0.04994833366448676
Transformer,ar_bounded-kmeans_8,0.01,0.8,10,0.5084994743809654,0.4275664003431164,0.5844098045425004,109.22396583328955,53.07544659640737,182.6196775724405,196.0498559527163,158.5498124026455,246.1006316801648,0.10771766491455319,0.04882851613235549,0.15696808318929162,0.028377423719696954,0.025758631332888936,0.031072118659818997
Transformer,ar_bounded-kmeans_8,0.05,0.2,10,2.6465382769932884,2.5034110047032745,2.8021482550753856,77.23843461557487,63.494538363889674,89.45445264256836,78.80554402448999,66.85920268468806,89.82510058389273,0.5054547630529006,0.4828807194798948,0.5339075596983035,0.1675516042858362,0.1650592630768993,0.1702165335576449
Transformer,ar_bounded-kmeans_8,0.05,0.4,10,1.9985710302124289,1.9054659943275425,2.0954934086930894,47.52435985358454,31.806556941541437,63.13379282984123,55.875395314976195,43.98241273085578,67.93618670416035,0.5146742991852487,0.4921155065303491,0.5363060157761799,0.13317009980479871,0.1305227403156459,0.13600072699598964
Transformer,ar_bounded-kmeans_8,0.05,0.6,10,2.0171023852170733,1.8089701402278264,2.2109313477139336,151.9872986272237,108.20916266538752,196.20518802067815,154.53521419830633,113.63041718396495,196.81161103169586,0.4700607906422868,0.4365463564910806,0.4996294749838209,0.0955478086672497,0.09295058403150032,0.09807588986730707
Transformer,ar_bounded-kmeans_8,0.05,0.8,10,1.1068720482450958,1.0643007746427915,1.1432178712931285,61.580073031848926,14.82014229240753,110.96751074989139,94.30454251473972,64.03571571779256,127.85599986289854,0.3740452252750639,0.33954991357530984,0.40982207009870397,0.057548970705829504,0.0536656353279249,0.061448726293747265
Transformer,ar_bounded-kmeans_8,0.1,0.2,10,3.7121661489728255,3.458239747835508,3.9736346657232207,36.30375879135799,19.826036689858885,53.51493915842307,45.115914801872115,34.67729291284394,57.58118304194942,0.6454523675850742,0.5892803699264741,0.6792768543387503,0.25451899045623744,0.2469957158924302,0.26041786396055516
Transformer,ar_bounded-kmeans_8,0.1,0.4,10,3.416765293313181,3.1217484857706332,3.763836709867194,51.29373286984463,30.568423194185687,71.57139729395378,57.634316158377416,42.832155286103195,73.58455534865405,0.6520748605551512,0.6414278277564448,0.6636023438835745,0.19215360509825272,0.188167970531139,0.19602788138397773
Transformer,ar_bounded-kmeans_8,0.1,0.6,10,3.052471753295168,2.7611207695171363,3.4005099219153694,105.77358493583833,72.79560207602223,142.02065753958593,108.22421476287172,77.05644212110725,143.058608958313,0.5704509786530175,0.5512685839565117,0.5878817165144646,0.13531855052957925,0.13170132945446913,0.1378054590461154
Transformer,ar_bounded-kmeans_8,0.1,0.8,10,2.3085911310333285,2.0822280597641876,2.5609622957359828,175.47936044680387,129.5508088079307,222.82632789525493,177.22997616842042,132.9432456591634,223.30536160026475,0.41944887592684943,0.3758737925320856,0.4539099704105409,0.07470501322299238,0.07151194104086604,0.07821416762564327
Transformer,ar_bounded-kmeans_8,0.3,0.2,10,8.08221211186461,7.659880764868653,8.468944652234185,24.551737243232648,17.320071907512567,31.665866838118017,32.37062053037768,28.818618119571923,36.721685195425295,0.7600307640122824,0.7013975661854859,0.7945336392153568,0.49429720994085075,0.48750096109695734,0.5011218980513513
Transformer,ar_bounded-kmeans_8,0.3,0.4,10,7.900701996617926,7.55936928143474,8.23788659766568,44.51696562308784,33.69270958144627,55.037905309012835,46.97018528211816,38.572579262628324,55.91210889859643,0.7435824143131576,0.7299863522626922,0.7581877988553003,0.3573015465214848,0.3514912082596371,0.3627323587244997
Transformer,ar_bounded-kmeans_8,0.3,0.6,10,7.330468270320482,6.459139681550265,8.414658042983984,83.46164599251696,61.160485386015075,107.97378988687588,84.79955978662585,63.642250603367714,108.50285432383615,0.6417281317051606,0.6243738795711341,0.6584084333118999,0.2337101386061736,0.22794288951371391,0.2386828479729592
Transformer,ar_bounded-kmeans_8,0.3,0.8,10,4.542504599342759,3.8303243275047265,5.325027248867491,87.17924821756007,55.574710513819575,121.69488347532406,90.7177828684799,61.461669753691815,123.29303416781565,0.4685164865839869,0.44043691394635737,0.4951416414645365,0.11795956988054776,0.11152721970497316,0.12376763395977036
Transformer,ar_bounded-no_cluster,0.01,0.2,10,0.8530330423062296,0.8068483711381091,0.9086003365206291,35.72834898352901,11.146867659169358,61.69524192608056,62.406429739961524,49.53043275657359,78.64870042087003,0.0301231362573156,0.0014428161965613022,0.05878763724720365,0.07727926956593158,0.07424278318765572,0.08032994556046709
Transformer,ar_bounded-no_cluster,0.01,0.4,10,0.71398220816249,0.6873610542358867,0.7409159323253705,26.53741328188915,-8.625624486112423,61.36629169700228,75.44688210261408,65.39619165095975,86.68533655387499,-0.02097207770800381,-0.0420442067813251,0.0013526489361395464,0.06512309741228814,0.06181398647371674,0.06808947212994093
Transformer,ar_bounded-no_cluster,0.01,0.6,10,0.5970538309643574,0.5669648808728208,0.6303008549191311,50.44008533939857,17.390509420753745,83.25696321513351,98.21106065260642,81.84694445031201,115.72572466970165,0.06097485526106511,0.021024369896043556,0.10252821985364119,0.049192796026666916,0.04631713174842293,0.052543341306659046
Transformer,ar_bounded-no_cluster,0.01,0.8,10,0.43655531083768917,0.3808156316289919,0.48814424964669595,88.87663436066913,45.428157236757656,135.32815608791896,175.65051840569237,151.6488256563984,200.65554594355513,0.0800414672191315,0.01795328036950556,0.1399643052098422,0.030947874694053655,0.02816048781843465,0.03384641037943458
Transformer,ar_bounded-no_cluster,0.05,0.2,10,2.5639952362941516,2.3950097300301905,2.6942330903589244,61.031325340540846,37.91486558249629,79.7504138912928,68.19869703105425,54.31935933375365,80.29522874788962,0.4523228567615248,0.4168202046105436,0.4810929073871719,0.17360354555504656,0.1715220799470054,0.1759755582907902
Transformer,ar_bounded-no_cluster,0.05,0.4,10,1.9085096865861686,1.7425981460144337,2.124809386077223,52.85133977684613,22.342941751644968,88.39303420742557,64.82081248287396,40.22520721658364,95.78427513839863,0.5490088291332875,0.5239828509102009,0.5717386910802421,0.13821882028132673,0.1356807539984584,0.14080063505563883
Transformer,ar_bounded-no_cluster,0.05,0.6,10,1.4688350268018646,1.3945054340804848,1.5548288047447096,66.37643680927056,36.47199099122679,96.26188155968579,77.20481176645396,55.5010819401078,101.33627155920166,0.5175731177239098,0.503505383582706,0.5287730086213909,0.09965778437753513,0.09682062818109982,0.10253479294292625
Transformer,ar_bounded-no_cluster,0.05,0.8,10,1.0370994458398979,0.9876888211605317,1.0842963896242785,76.00136363932629,27.86905437360418,127.43209955595061,101.94623218084122,68.36949360611194,140.55119558745358,0.4047824247510688,0.37506748699950976,0.43756108115233266,0.06104639018885784,0.05690974317840293,0.06515200342983
Transformer,ar_bounded-no_cluster,0.1,0.2,10,3.738179427449709,3.5572854870791395,3.9454540507007407,43.36143141065107,22.812407767590436,64.47170948910524,52.056101395214604,37.49783650163455,67.77592730263294,0.6763936906780109,0.6657359127687626,0.6867414808382806,0.2623068475579133,0.2549344618297847,0.2682478598679105
Transformer,ar_bounded-no_cluster,0.1,0.4,10,2.8682338061870105,2.636767822638346,3.1478530138792853,26.577634882267443,9.131148202712348,43.40842840965852,40.64353744513954,32.33232831475549,49.51650741866779,0.6428356493140541,0.5376934947979323,0.700791475783576,0.1990101211960171,0.19525218294135158,0.20282487937842827
Transformer,ar_bounded-no_cluster,0.1,0.6,10,2.7434249224250453,2.4043081024220667,3.1761091703470337,103.52159856384057,55.078388739464096,151.85988559713772,114.7072414256209,79.38124342702052,155.53158245134233,0.6064089483342731,0.5907180595161063,0.6215891033309625,0.14029423538595434,0.13644603729868926,0.1430926752587159
Transformer,ar_bounded-no_cluster,0.1,0.8,10,1.5664243161872464,1.4604418988732455,1.6615176882856524,82.4845088035916,34.16656589218335,135.34368081239916,102.12305594824227,68.03509485097926,146.11390788668578,0.4695752952628739,0.4540160100183713,0.4846768673694731,0.07814168600158557,0.07454542529965852,0.08201938081532714
Transformer,ar_bounded-no_cluster,0.3,0.2,10,8.056622930806066,7.063189327695015,9.178479015442186,25.129119846064917,8.672418729776048,42.51265747468982,37.347876800506604,26.70440544107504,49.24897658003994,0.8070488501684819,0.7947462645156301,0.8193004265261562,0.5005191146861762,0.49361179738421923,0.5076503826817498
Transformer,ar_bounded-no_cluster,0.3,0.4,10,6.879411010649458,6.1395774690010745,7.730201476355157,23.365826059217206,1.5370085471462296,45.4727939824084,42.05165340238899,31.542044037184876,54.65926762421499,0.702874725179698,0.5984525454401237,0.7831805668931594,0.36350837551057336,0.35714453453818956,0.36940760435536507
Transformer,ar_bounded-no_cluster,0.3,0.6,10,5.80726203583413,5.270721678378165,6.365631478376788,59.33604869900912,31.255741659701606,88.20455466694443,67.35836542077348,45.6800738991451,91.4311290957765,0.666038434988629,0.6486256889147811,0.6824122307932963,0.23779617122241428,0.23154375958655557,0.2432385712516095
Transformer,ar_bounded-no_cluster,0.3,0.8,10,3.1824187302218054,2.9774669715334707,3.3848635675551875,46.12342594995438,30.32920522340912,60.61872232286824,54.38893450773261,44.973933639188665,64.05451792137853,0.4832977238919202,0.4605443575276344,0.504934526682638,0.11872193174412807,0.11208752916675083,0.12470392623683431
Transformer,ar_unbounded-kmeans_8,0.01,0.2,10,0.8726780447166391,0.8328953630478607,0.9170649957369675,-12.600991197746183,-41.99566047093804,20.58745188862207,64.76702157543312,56.71674834806952,73.18420625365094,0.029763375543581626,-0.029030374819811727,0.08204611283279736,0.07220010216244391,0.06836424150077314,0.07583446553365013
Transformer,ar_unbounded-kmeans_8,0.01,0.4,10,0.7517480217605073,0.7185764754892291,0.7870720536783216,1.0522938260755623,-40.4725257792457,50.1764491360342,82.79100567736724,65.93057058387075,104.14930033810003,-0.0015875618406313388,-0.04903415223931762,0.04462115715221021,0.06055357335135336,0.05771861604614444,0.06299300243279762
Transformer,ar_unbounded-kmeans_8,0.01,0.6,10,0.6833362838680417,0.6027980802870421,0.7821209575488828,67.84310442155835,17.113812898798116,130.12300304755254,119.88184901894581,91.68781341982667,163.23426918532903,0.09644320486705558,0.048706622244806055,0.1416818883164185,0.04439255243788157,0.04162990440893913,0.04750913991282379
Transformer,ar_unbounded-kmeans_8,0.01,0.8,10,0.5066036366207556,0.4359277673450109,0.591542226765262,119.77689045430732,28.064091835540665,217.83958494180666,215.53498609174048,152.99583452344936,283.0451131022025,0.09082589166436765,0.031861517028243344,0.14422037896307877,0.027480843789332205,0.02498468312211721,0.030098845550722477
Transformer,ar_unbounded-kmeans_8,0.05,0.2,10,2.662005827547476,2.4044562457642544,2.911996251413421,60.58813095328799,36.29965838953483,80.88889837603905,69.20810887987591,54.57840413086186,82.33449182696661,0.4679611902756589,0.4034045694308966,0.5169809319692775,0.16804246907787662,0.1657014065209244,0.17061909094053715
Transformer,ar_unbounded-kmeans_8,0.05,0.4,10,2.147855253298242,1.9793372203248398,2.3415856702267535,67.53801327016747,36.380024330777964,101.16375238686649,78.47402373847031,54.339197774110346,106.78119521703016,0.46047583440325424,0.3754072582704203,0.5163316942399196,0.13367448905482884,0.13074683133900783,0.13674145952643202
Transformer,ar_unbounded-kmeans_8,0.05,0.6,10,1.9018670676228624,1.636325470848036,2.3123261402430795,97.5034345861644,54.67154625222898,159.4461345927172,103.13773826114542,62.75140957520733,163.0872017874313,0.43423933673415804,0.3580415518218339,0.4863950509281611,0.0943704861402511,0.0917152461316436,0.09712879808247084
Transformer,ar_unbounded-kmeans_8,0.05,0.8,10,1.153672901792807,0.9805693455366805,1.4266112351356646,62.95519018614529,14.063062007720449,128.71313771879778,96.93048503648335,62.50291499025384,150.6581260083568,0.3803192073202386,0.3564501165640057,0.40580623943826216,0.056786987092345906,0.05270522358943705,0.060966922056395506
Transformer,ar_unbounded-kmeans_8,0.1,0.2,10,3.857217115965933,3.5868624749535654,4.125514267795808,38.2372462215687,22.384743367131925,52.22747917125096,46.650837190982436,38.0731865774839,54.891797379534104,0.6297712913681373,0.5664354606543891,0.6666112144444263,0.255818161194634,0.24812812083567093,0.2625603608304103
Transformer,ar_unbounded-kmeans_8,0.1,0.4,10,3.7431345790392476,3.2869265008357273,4.2371939548343365,72.4577658563083,46.86345921733359,98.88700271372383,76.7041521360512,54.786176379716416,100.11338727304121,0.6227011567362515,0.5804922127732768,0.6484002930346172,0.1924795139785651,0.18780916319218474,0.19681214942709424
Transformer,ar_unbounded-kmeans_8,0.1,0.6,10,2.8283234356869507,2.5592230764769615,3.0901957702800322,69.52275583210391,42.72253141667019,97.24576453584014,76.49598929413084,55.007103716429654,100.54245433815383,0.5625576901776614,0.5187674428654527,0.5929390896571716,0.13571909529467419,0.1320376971115668,0.13831481498976544
Transformer,ar_unbounded-kmeans_8,0.1,0.8,10,2.208231806541873,1.8516137316317904,2.612615746701091,141.96332570062913,87.26053211794719,199.92504447738483,150.32130279229978,102.5312506037182,203.70731231104176,0.4382514300744537,0.40774060008600427,0.461896157642632,0.07501627335117919,0.0718007490507637,0.0786590482135199
Transformer,ar_unbounded-kmeans_8,0.3,0.2,10,8.843471503531697,7.9848130793575285,9.667061647665463,29.697678198865862,18.730153067668425,39.78567279439915,37.253892657353646,31.866139520925735,42.59008544254592,0.7959105608334787,0.7891978510370781,0.8020810673933916,0.49908569296821953,0.4913349755224771,0.5066702172765508
Transformer,ar_unbounded-kmeans_8,0.3,0.4,10,7.853195939682196,7.02600448934746,8.825771097954334,21.17398166690689,4.842768822600219,39.0883418509784,40.73145030172464,32.656552678379626,51.79194439676188,0.7365474213485851,0.6963861032908821,0.7626367653288597,0.36262297799189885,0.357632917560637,0.36766488412953907
Transformer,ar_unbounded-kmeans_8,0.3,0.6,10,7.04624709889505,6.18949110330616,8.113822763592507,53.91590233080738,26.879117491325438,82.11631150100388,65.371751276068,46.5840701625435,87.61782137529427,0.6386826313782735,0.617359172405936,0.6567637452152374,0.2414459540375641,0.23530423379104048,0.2465633043833077
Transformer,ar_unbounded-kmeans_8,0.3,0.8,10,4.260225425869825,3.886139388042387,4.650128871816242,38.66424495965982,19.169846054356153,56.727946771369474,56.004478816257134,48.04961640687418,64.86257989326536,0.4672302066268193,0.4392410253396405,0.49098440108824143,0.12266989267455075,0.1149499743488521,0.13010340761805236
Transformer,ar_unbounded-no_cluster,0.01,0.2,10,0.8332865654827744,0.8062631754887369,0.872081065428077,7.339035248506427,-8.507633254610592,25.719665774066563,49.19052799705997,43.88118544291654,56.2522292234654,-0.047251084642041676,-0.08977618614760777,-0.0025678073877696767,0.07688196375448668,0.07384193712108146,0.07999051460944528
Transformer,ar_unbounded-no_cluster,0.01,0.4,10,0.7197906067517581,0.6855562383112654,0.7504802165844396,18.0801174162792,-21.416127923596484,62.68005519772162,77.6450120426259,59.234322804672615,100.11652871183847,0.0006554812378640098,-0.0684422279310579,0.08145283773880116,0.06507211720038733,0.06179795889183876,0.06803333174836419
Transformer,ar_unbounded-no_cluster,0.01,0.6,10,0.7478130493193972,0.6216190016193693,0.8882328666908234,68.07189073045893,17.594156892281497,123.52632042077067,127.04181815636494,89.29952399750073,168.7943241786972,0.05634968314117015,0.018310900973400893,0.0944239314527284,0.0488454235096772,0.046009724573232165,0.052125769448156105
Transformer,ar_unbounded-no_cluster,0.01,0.8,10,0.7030200931127839,0.43683701307533296,1.183775087314316,264.3156705986454,72.85964520739633,541.2000211086364,345.09157639140767,169.84746671579254,611.0134499640009,0.0006335509658293951,-0.08604662233303396,0.07810236068248042,0.030721444995530534,0.028150308373975922,0.03346194745764172
Transformer,ar_unbounded-no_cluster,0.05,0.2,10,2.6878269102950383,2.458387536578706,2.89399608603347,89.77853728349213,67.79236555015211,108.51653427716153,90.87563007852673,70.20159401161747,108.62528478866248,0.519343632913035,0.5017690182365138,0.5377254213883226,0.17340071137462337,0.17140668559154223,0.1756489402840712
Transformer,ar_unbounded-no_cluster,0.05,0.4,10,2.3039359316747574,1.9670750882074142,2.7518176191223933,100.65616422773698,72.15985853640241,127.91002909651712,103.26908016065317,77.09396078980399,128.82142119530587,0.5144587594380718,0.436151870049309,0.5625223869533706,0.138455377270778,0.1358589132145668,0.14120294332038608
Transformer,ar_unbounded-no_cluster,0.05,0.6,10,1.7301696006990543,1.6124547562747986,1.8525478929172146,121.48206449881825,86.74514530304899,156.13406155404533,124.22883922666577,92.07808915641185,157.01880753111067,0.4874333854491576,0.4430632630215518,0.5231755769942211,0.10027343265712256,0.09754078062437468,0.10304224832169706
Transformer,ar_unbounded-no_cluster,0.05,0.8,10,1.0940233182770542,1.0006890483736495,1.2065939899842582,69.97231223765378,27.259302866941646,121.65001527657239,100.00467893950935,69.039696317329,142.31164868394825,0.1949394950230641,0.04594000245698318,0.33693942713690467,0.06155671239830549,0.057533613492269015,0.06558798273210407
Transformer,ar_unbounded-no_cluster,0.1,0.2,10,5.0008575792595025,4.302114064785551,5.8963764006996096,100.9926231096955,75.55610385955326,128.35739489033833,101.56244117924389,77.00384460947404,128.53802085735742,0.6487198454973745,0.6285356047559422,0.6616081061792098,0.2622098323543157,0.25456436804540095,0.26842762354353356
Transformer,ar_unbounded-no_cluster,0.1,0.4,10,3.8939513411302586,3.296259873929227,4.605073406417912,89.45318151814777,66.67477823217081,115.3685879912263,90.76485342815542,68.96826024776692,116.04421085730365,0.6358520453722691,0.5826861993975799,0.6680622299258092,0.2003183394916109,0.1958761611746644,0.2048829948423164
Transformer,ar_unbounded-no_cluster,0.1,0.6,10,3.572305679841533,3.0419540184013973,4.121698191634609,158.70268712001015,123.97690281535135,198.37888955529274,159.10042468365268,124.95867803481497,198.48825967013357,0.5714891763453839,0.543589786113021,0.5991470205616444,0.14319110345095393,0.13932871570345012,0.14598453200111783
Transformer,ar_unbounded-no_cluster,0.1,0.8,10,2.7027727307903824,2.2735920861229277,3.190876407564966,244.7740374060134,199.0554473131221,300.35303763219025,244.7740374060134,199.05544731312213,300.35303763219025,0.45275498190402497,0.4212217090299786,0.476845693211535,0.08017150109426838,0.07661573845582699,0.08439151131061624
Transformer,ar_unbounded-no_cluster,0.3,0.2,10,12.128765920431174,9.753367370833743,14.58318375264685,69.28425420950957,47.17332167965348,93.42537437444071,71.47886187019796,50.79683371946864,94.30279744104067,0.7627969861546704,0.7106494463396388,0.7954077560722002,0.5105442916974425,0.5040903940191492,0.516972284829244
Transformer,ar_unbounded-no_cluster,0.3,0.4,10,10.234983195308779,8.636127441076209,11.858092464314817,80.54486931766799,51.14564498447319,108.17725837608641,85.54161594567498,61.59965529729425,109.2311819472926,0.6895925324229071,0.621928112454547,0.7456188966338638,0.37605517305433744,0.3698588080151627,0.38265207904142634
Transformer,ar_unbounded-no_cluster,0.3,0.6,9,7.954548931439007,7.258455755283362,8.736555032930221,95.94116842159796,71.6116788246574,121.36655251996164,96.84487748431995,73.40034718701176,121.69840318335929,0.6288533185078757,0.5906605872184236,0.6582965215398239,0.2511766054445788,0.24182666564537653,0.2594374756668768
Transformer,ar_unbounded-no_cluster,0.3,0.8,9,4.843835388881707,3.8960458189360816,6.232789401175077,112.15937972945211,61.33803436565927,168.19843599350676,117.8100581159342,71.22828564428136,170.7989090449796,0.43386368288101296,0.40243084343203156,0.46067486379702227,0.12787698856170188,0.11997523198369887,0.13606206673659127
Transformer,no_ar-kmeans_8,0.01,0.2,10,0.8594101669543454,0.814979257856812,0.9156371647783631,-2.8696708657916212,-27.17360513119235,22.42552527618355,55.41559631725498,49.114955031053654,62.68739928263873,0.12303350974724196,0.09050382731561099,0.15828919608011074,0.07708282638341184,0.07411484998650845,0.07994170854799446
Transformer,no_ar-kmeans_8,0.01,0.4,10,0.9205780146893593,0.7704095586022348,1.0986954551432506,117.02514812911377,38.86010835079928,205.74157014191863,148.22386602235315,88.38906378317407,219.90626115094523,0.12426235546891673,0.08976664509079857,0.1582429653769093,0.06490486833666048,0.06139333142699405,0.06824567416948926
Transformer,no_ar-kmeans_8,0.01,0.6,10,0.6449329225456087,0.599699207630139,0.6941249706204018,65.13418443986843,11.007998871736365,119.32924751353042,119.87507003162253,92.52926590945998,150.30887463488276,0.16368903090540285,0.11938924824787639,0.20972485180213707,0.047226036638021406,0.04429713458102192,0.05055376864876591
Transformer,no_ar-kmeans_8,0.01,0.8,10,0.4778106732938537,0.41674674029108666,0.5432707382396694,103.61624032494778,32.38135757794535,204.5365941086563,195.02269511278212,143.7744748660185,270.88188696077316,0.15279946538113293,0.11951237604572873,0.18218356228654234,0.030159991960196385,0.027478516617265938,0.032956839375644094
Transformer,no_ar-kmeans_8,0.05,0.2,10,2.435677605745431,2.2481440993564044,2.6138813042761075,62.45319598909273,41.612655703361426,81.45822444222496,67.30245827771846,50.6302050991659,82.91738449877676,0.48721019548792005,0.45402809308095005,0.5228578548256028,0.1688669217361526,0.16635687510083824,0.1715519926754328
Transformer,no_ar-kmeans_8,0.05,0.4,10,2.372582009581596,2.2033172152792253,2.5588343869809678,104.6305842494825,78.64655970455796,133.8282344916579,106.7408587009104,82.11233942437028,134.96040455531588,0.47947611316756705,0.442417454812752,0.5115987181130688,0.13370745604236917,0.13079890259541566,0.1367955257790163
Transformer,no_ar-kmeans_8,0.05,0.6,10,1.9054541289472016,1.7296381641359928,2.0837460788014073,130.880404512712,87.88784260576645,177.0641554991503,134.47742137737688,95.58781714639888,178.297004746407,0.4822331204189947,0.464735183787725,0.49969196239562,0.09584081357965861,0.09319571300751216,0.0983093608533963
Transformer,no_ar-kmeans_8,0.05,0.8,10,1.286354292426723,1.1171321610128038,1.4681060174793914,161.09477730427074,68.87435078490215,254.34968042799596,181.41135896710372,103.165236637706,262.3980341322534,0.3556942015803989,0.2971262329201618,0.39819349852539254,0.05873850355856115,0.05495255603571417,0.06265959956799627
Transformer,no_ar-kmeans_8,0.1,0.2,10,3.9811892364727184,3.687175338060963,4.297240843006709,54.150258922603996,37.77420928433224,70.4003144863344,57.432386974734314,44.36195029324181,71.48689695668965,0.6082114931210761,0.5688944297449983,0.6372001262827018,0.2558944460892096,0.24859923889114338,0.26149018602871466
Transformer,no_ar-kmeans_8,0.1,0.4,10,3.991567527143914,3.641710959669446,4.283330445627184,93.39442271043347,74.08880210053832,108.85978269153938,94.78124913957592,77.81309642677088,108.89938849491887,0.6268671990308751,0.6127887458295758,0.6397696397278995,0.19542058707921056,0.19157036864331786,0.19915814422418943
Transformer,no_ar-kmeans_8,0.1,0.6,10,3.0111371902027537,2.7529272136749925,3.2740934571251508,106.40953169272177,78.21488794802228,132.05529759491864,108.52305203932026,82.127779360696,132.5582404747112,0.5620195881895926,0.5476465977781244,0.5751074106331018,0.13873963424315053,0.13500810905980565,0.14149777327353752
Transformer,no_ar-kmeans_8,0.1,0.8,10,2.3920023267558617,2.1635544061027314,2.6783311018855382,201.48957410134813,136.3185311167411,275.2871229944052,203.46858381895726,140.06314908211564,276.3651499342904,0.4309283490177188,0.4028158025038424,0.454139254888269,0.07673890869236652,0.07342368576934354,0.08044492813592982
Transformer,no_ar-kmeans_8,0.3,0.2,10,8.19808080928663,7.803642052424167,8.754200791331286,21.289352073423593,13.787468320370103,30.04376313854941,29.804802877780297,25.738803089711592,35.57902016046373,0.7610776203929805,0.7535250321692014,0.7689879687925412,0.5045872364658862,0.49751149503514175,0.5116919407481328
Transformer,no_ar-kmeans_8,0.3,0.4,10,8.519295791537692,7.895947028954561,9.09428531693062,53.087995597461465,42.30612651963993,63.00118982601643,54.66580875117776,45.45881434663793,63.29498695041675,0.7044464325771239,0.690294915735976,0.720438347653122,0.37294563730557756,0.36729669688890376,0.3776110887688895
Transformer,no_ar-kmeans_8,0.3,0.6,10,6.7397371103065895,6.358247688554925,7.150820495019467,64.51247236015348,51.62946699927631,80.07578867313408,65.27454595170416,52.66170409668381,80.49830000470554,0.6084817739980142,0.599660208886215,0.6177039819440624,0.24910942741802758,0.2425787766064916,0.25451981055151135
Transformer,no_ar-kmeans_8,0.3,0.8,10,4.964603097358727,4.3559247029822465,5.632422744688475,118.64490727365546,88.26958485624867,147.89426343973173,119.56019319567062,90.14627298712297,148.0136014871833,0.45480698058662294,0.435093923116077,0.471683919701834,0.1292815880049975,0.12174579901110304,0.13678199069111796
Transformer,no_ar-no_cluster,0.01,0.2,10,0.8425379907749336,0.8013679445368032,0.8982125671051622,19.29754397720234,-6.055805775656615,44.74085783541973,58.0912482337824,49.573799324427625,67.78155484673091,0.05100825540484786,0.02520210431539518,0.0770869151073794,0.07748977910313334,0.07448792132005712,0.08056564034622468
Transformer,no_ar-no_cluster,0.01,0.4,10,0.7504011002482195,0.6919247864778671,0.8178807798444468,60.65209304235017,12.643868193939003,113.37327032911358,96.03819097060868,65.31373087499864,134.2763428044359,0.01660021989742865,-0.025895713628981472,0.06099228540005541,0.06556581671216655,0.06255482847735815,0.06836624153357529
Transformer,no_ar-no_cluster,0.01,0.6,10,0.6287400507077805,0.5958025557680212,0.6646000644088326,96.01972215307501,46.77223212284835,148.83671958796296,129.29977856620167,96.54614090095258,167.40591650762,0.0653093380039811,0.038251204212014674,0.09354931415372718,0.04969569991032278,0.0468576062470674,0.05307696013276769
Transformer,no_ar-no_cluster,0.01,0.8,10,0.4447202823433131,0.39450920999411143,0.48813013966676866,121.00029053657192,66.08265277423257,182.1806200664652,196.64750606058075,159.2489254930382,238.8611697469436,0.07236482111247414,0.02324279591706125,0.11711396162079282,0.03138831600275197,0.028571280072743885,0.03432366062717236
Transformer,no_ar-no_cluster,0.05,0.2,10,2.695358582208897,2.534911085243515,2.8824830525367147,71.84285331863931,55.1886957234987,87.44545096803897,74.63222678121136,61.97799011360746,88.46642852903256,0.3076895234341285,0.2003188355366799,0.3981820172796874,0.17519116375063143,0.1731605094671249,0.17748617249008794
Transformer,no_ar-no_cluster,0.05,0.4,10,2.2829226366565036,2.128589180864968,2.4438771774967187,108.39724438997635,82.5346694155953,131.65436551101547,109.73564181712572,85.49171648457619,132.07747302694384,0.4186607959647374,0.3819045192672761,0.45421229241576644,0.14185629356652493,0.1393299997334058,0.14434084238329273
Transformer,no_ar-no_cluster,0.05,0.6,10,1.8675507031413485,1.685527852282203,2.043427776592669,143.80745499226188,89.2875909783916,196.6271832682939,148.74997372720446,97.86839166414534,197.96165322727268,0.3725664914676913,0.32391535320526665,0.4210465997512656,0.10458750059207274,0.10195307175877187,0.10743264023028308
Transformer,no_ar-no_cluster,0.05,0.8,10,1.12722462865323,1.0707435591840362,1.179396754719195,110.32296464931923,65.63407647553827,156.61211842168353,122.16626125506014,86.61269208891228,162.20775043205876,0.31573101938357506,0.2722490590724284,0.35011310508251825,0.0658436775207519,0.062219362291507374,0.06966998980031343
Transformer,no_ar-no_cluster,0.1,0.2,10,4.105253023697719,3.842976299448277,4.33721996290074,54.07429423926927,34.750884451316054,71.6312030623444,58.29279192604757,44.508860774761494,72.45436351373971,0.5813194041872951,0.5625868164894001,0.6007875461183643,0.26634594583662136,0.25917493139696307,0.27263046073594255
Transformer,no_ar-no_cluster,0.1,0.4,10,3.6941783585370067,3.4469324362926663,3.929713856785733,86.04511269162036,51.157450130443856,117.21489587982262,93.59416700046836,67.48067991611478,118.54697667639938,0.5797514832768392,0.5680828618911312,0.5907176004798848,0.20607888287158455,0.20197783900844443,0.21036332305653815
Transformer,no_ar-no_cluster,0.1,0.6,10,2.7225408208952366,2.490968366290099,2.995720211619219,97.65610690751782,59.47074621249369,136.64195012320883,103.00431519276356,70.37998478370478,138.7221029014078,0.5226501180681713,0.498536000393587,0.5466632565300368,0.15009610100338852,0.14644684131878113,0.1526953907450661
Transformer,no_ar-no_cluster,0.1,0.8,10,2.204668909777827,2.0443594188238006,2.355984232989506,264.68521175961905,200.66356344426103,342.4811244072419,265.2567217632494,202.03750830400196,342.9795790154689,0.4094829192638184,0.39037905845172527,0.4281542182636086,0.08751620898644126,0.08412030575051899,0.09107952246318256
Transformer,no_ar-no_cluster,0.3,0.2,10,8.303061030333291,7.54758439153308,9.394262235136102,19.73418465944629,2.693779813271584,39.69519618394499,36.12335941252662,26.204518783498084,49.68842680229458,0.7148674927145054,0.697638323887823,0.7334572205923571,0.5169938399456442,0.5110118317091837,0.5231778704561293
Transformer,no_ar-no_cluster,0.3,0.4,10,7.341274574654416,6.873145898616627,7.884290551832701,28.17442514136016,15.985486278135697,40.5748700994043,36.0487327498406,28.337064209585197,45.034253354055956,0.675323838803541,0.6552034988838425,0.697198384878185,0.3861267921080192,0.3799721217565238,0.391756703009208
Transformer,no_ar-no_cluster,0.3,0.6,10,6.191401725660574,5.778553041103288,6.681335913679531,39.713542534162954,11.14585164580828,67.64192144872906,57.0925669814758,40.905280587987505,74.89694898873977,0.5866047337015017,0.5744980808167804,0.6004769945329074,0.26457226638283043,0.25833536776048793,0.2700904214009643
Transformer,no_ar-no_cluster,0.3,0.8,10,4.055475074068118,3.691666202899673,4.491267477402708,85.57846218885018,43.20895322309896,132.54659862251157,96.34746568506455,61.56176236804496,137.9993051173471,0.4401023449021605,0.42095610672874784,0.4595066599260993,0.14100082868662395,0.13338652553132327,0.14831140804797027
