model,arm,rate,n,rmse,rmse_lo,rmse_hi,bias,bias_lo,bias_hi,mape,mape_lo,mape_hi,spearman,spearman_lo,spearman_hi,ce,ce_lo,ce_hi
LSTM,ar_bounded-kmeans_8,0.01,40,0.7746789103230125,0.7331508948809317,0.8162069257650933,210.3039609938051,150.20953041241472,270.3983915751955,220.89066799338053,161.71365033000575,280.0676856567553,0.09577334123482165,0.07361715972728382,0.11792952274235947,0.057014779753193946,0.05143449564874427,0.06259506385764363
LSTM,ar_bounded-kmeans_8,0.05,40,1.894955187910154,1.7911034753715704,1.9988069004487377,121.07325714903928,78.24588963283864,163.90062466523992,125.80054957221637,83.77515101938978,167.82594812504294,0.4213907549574062,0.4028997936890887,0.4398817162257237,0.11561040275586054,0.10244610501098227,0.12877470050073883
LSTM,ar_bounded-kmeans_8,0.1,40,2.861074608942372,2.678213923028342,3.043935294856402,75.71252980226863,58.2950941945118,93.12996541002548,78.32520910675018,61.368897432451476,95.28152078104888,0.5551925897446732,0.5273505506120674,0.5830346288772791,0.16550949255724157,0.14396644512615794,0.1870525399883252
LSTM,ar_bounded-kmeans_8,0.3,40,6.61008835935003,6.090640547965579,7.129536170734481,55.637086363259684,46.708659198269395,64.56551352824998,56.451701019590544,47.67611302562517,65.22728901355592,0.6709455063176775,0.6322889638467438,0.7096020487886111,0.30041731128970584,0.25548359547365834,0.3453510271057533
LSTM,ar_bounded-no_cluster,0.01,40,0.7667565537557332,0.7284438518491184,0.8050692556623479,230.95128801225164,137.62397296752687,324.2786030569764,243.16960755015802,151.4540315001766,334.88518360013944,-0.05890696502269764,-0.08379019909301288,-0.034023730952382404,0.057710742424205194,0.05208259009080132,0.06333889475760907
LSTM,ar_bounded-no_cluster,0.05,40,1.6422818659194192,1.4809418533957324,1.803621878443106,44.305817458183434,35.70764622251175,52.90398869385512,57.76158603353902,52.891056282708604,62.63211578436943,0.48904875465484954,0.46710353706410923,0.5109939722455898,0.11822969719682477,0.10445525240258413,0.13200414199106542
LSTM,ar_bounded-no_cluster,0.1,40,2.4175595530279286,2.1828240179976466,2.6522950880582106,20.433177855605113,14.184831724582132,26.681523986628093,36.0798224200564,32.29607597649901,39.86356886361379,0.6205986608103482,0.5900544510863344,0.651142870534362,0.16885725504148724,0.14666272340534117,0.1910517866776333
LSTM,ar_bounded-no_cluster,0.3,40,4.941818320459956,4.508393281537734,5.375243359382178,-1.9986119143650847,-6.560761605348537,2.563537776618368,19.774834313374914,16.4927675289608,23.056901097789027,0.719551204965125,0.675441316198069,0.763661093732181,0.2992971814826349,0.2538789251489218,0.344715437816348
LSTM,ar_unbounded-kmeans_8,0.01,40,7.050070586348122,4.485062705646477,9.615078467049766,1106.8731860023063,591.5619351048153,1622.1844368997972,1118.1057859212815,603.8383080510769,1632.3732637914861,-0.06560645280422325,-0.10216804931257228,-0.029044856295874215,0.05605306780948817,0.05061143981594277,0.061494695803033565
LSTM,ar_unbounded-kmeans_8,0.05,40,10.179355076052587,8.274570527489539,12.084139624615636,418.43877411857557,276.2563093893838,560.6212388477674,424.06416801136055,283.408867389537,564.7194686331841,0.3786045797382081,0.3452859517643057,0.4119232077121105,0.12066339437955145,0.10743294374178425,0.13389384501731866
LSTM,ar_unbounded-kmeans_8,0.1,40,8.212433408415217,6.014051259730455,10.41081555709998,146.82927713330963,87.08858846150534,206.56996580511392,162.4699539954259,106.4168070629354,218.5231009279164,0.5350158821845536,0.5095067155212374,0.5605250488478699,0.17306308996927766,0.15062307634241442,0.1955031035961409
LSTM,ar_unbounded-kmeans_8,0.3,40,9.055928665451844,6.85596445123004,11.255892879673649,32.56207635361885,14.188415194175924,50.935737513061774,60.63076527659973,48.54081188396822,72.72071866923125,0.6600458735193991,0.6232415477562689,0.6968501992825293,0.3182591798214963,0.2714135669352551,0.36510479270773755
LSTM,ar_unbounded-no_cluster,0.01,40,3.3787111389187365,1.6736170266892976,5.083805251148176,504.85362531573685,328.7697539312127,680.937496700261,513.4993620022893,338.95897475149826,688.0397492530803,-0.1775011000199917,-0.2012256972381689,-0.15377650280181449,0.05787799866992923,0.0523231781036962,0.06343281923616226
LSTM,ar_unbounded-no_cluster,0.05,40,11.875463835007581,10.137155761549236,13.613771908465926,582.1889141789177,383.52034175214413,780.8574866056913,582.3837539322878,383.7607910966103,781.0067167679654,0.3613553563276404,0.33169045037568173,0.391020262279599,0.12423174855221682,0.1108674551511197,0.13759604195331393
LSTM,ar_unbounded-no_cluster,0.1,40,12.706182736076565,9.511365414739146,15.901000057413984,314.91457981828825,245.2386224342791,384.59053720229736,322.2855714362756,255.97255785219457,388.5985850203566,0.5293408280198654,0.5013934752449725,0.5572881807947583,0.1809086340710251,0.15814889861126977,0.2036683695307804
LSTM,ar_unbounded-no_cluster,0.3,40,16.344829952452407,11.796685132937895,20.89297477196692,131.2849411588601,91.24807974931687,171.32180256840334,140.64785534807925,103.57509957819244,177.72061111796606,0.652235320124813,0.6173063285277877,0.6871643117218383,0.33404693434664795,0.2836263305137303,0.3844675381795656
LSTM,no_ar-kmeans_8,0.01,40,0.8477219966845235,0.8192036137396261,0.8762403796294209,302.4404181574373,204.47020616840805,400.4106301464666,307.0651805408905,209.8073856747622,404.32297540701876,0.1360309988932651,0.11663909474205905,0.15542290304447112,0.05727709148311984,0.05154575909316188,0.0630084238730778
LSTM,no_ar-kmeans_8,0.05,40,2.082654218325254,2.024352015951289,2.140956420699219,199.93532108227106,138.1393682865227,261.7312738780194,201.83967187228936,140.5328157245499,263.1465280200288,0.41047031589194527,0.3816777076374064,0.43926292414648416,0.1179273931497977,0.10512325362726993,0.13073153267232546
LSTM,no_ar-kmeans_8,0.1,40,3.1328957771123096,2.9751715054059296,3.2906200488186896,137.55950187172397,96.09997470366478,179.01902903978316,138.61767191757312,97.3884398417872,179.84690399335904,0.5099264378535903,0.4772279045160562,0.5426249711911244,0.17215224915759472,0.15135637822189124,0.1929481200932982
LSTM,no_ar-kmeans_8,0.3,40,7.310474302352548,6.866490337986609,7.754458266718486,78.05181159542362,62.172879901336266,93.93074328951096,78.27087502500207,62.454277536084646,94.0874725139195,0.651075868854212,0.6149239365940022,0.6872278011144217,0.30578135394991024,0.26150003348878315,0.35006267441103733
LSTM,no_ar-no_cluster,0.01,40,0.8388309135916518,0.8120737217943131,0.8655881053889906,308.9771450850103,201.23678502615968,416.71750514386093,314.3655929605102,207.5321549848206,421.19903093619973,0.0027493011751636553,-0.014366460195293087,0.0198650625456204,0.05828999451471539,0.05254484314175354,0.06403514588767724
LSTM,no_ar-no_cluster,0.05,40,2.102070134549024,2.0159088565016003,2.1882314125964473,198.63141175135664,139.68663286186177,257.5761906408515,199.5702103573148,140.87115680671803,258.2692639079116,0.1275783913232426,0.05957572277918087,0.19558105986730434,0.12455219224006644,0.11165555532275478,0.1374488291573781
LSTM,no_ar-no_cluster,0.1,40,2.7108186694575154,2.487673903575628,2.9339634353394026,93.25059032991268,50.76617792314871,135.73500273667665,98.19465556290146,56.529833772262215,139.8594773535407,0.5455247444221835,0.4831383556370815,0.6079111332072854,0.17653212278849365,0.1556917321901231,0.19737251338686418
LSTM,no_ar-no_cluster,0.3,40,5.164427496389884,4.712773134964047,5.61608185781572,2.00293415762686,-2.980210580033744,6.986078895287464,21.003224403117912,18.303746607635983,23.70270219859984,0.7182371926808632,0.6744124669108581,0.7620619184508682,0.30390700882940375,0.25837627291984533,0.34943774473896216
ParetoNBD,-,0.01,40,0.6165291029914509,0.5688014229521141,0.6642567830307877,35.35662112947972,27.3937450320278,43.31949722693164,90.16069590043014,75.26227238778925,105.05911941307103,0.23377902266534173,0.21494490581197717,0.2526131395187063,,,
ParetoNBD,-,0.05,40,1.4400058630462287,1.314801395132358,1.5652103309600993,11.368513886996052,7.09565019816551,15.641377575826594,43.591887638956635,40.29325178950516,46.89052348840811,0.5441422124076816,0.5216283675769056,0.5666560572384576,,,
ParetoNBD,-,0.1,40,2.18648708954722,1.9971884174226215,2.375785761671818,3.641219264619288,-0.8973818022559303,8.179820331494506,37.25754257779505,34.23584630084478,40.27923885474532,0.6536994510383065,0.624619577148097,0.682779324928516,,,
ParetoNBD,-,0.3,40,5.1651061565725795,4.6822881643545555,5.647924148790604,-12.950477862293155,-15.097601064265225,-10.803354660321085,32.011266164234655,31.219491781906584,32.80304054656273,0.7897670128715253,0.769139701438805,0.8103943243042456,,,
Transformer,ar_bounded-kmeans_8,0.01,40,0.7100690310933645,0.6448419396449383,0.7752961225417907,59.751741560500726,29.76709823113818,89.73638488986327,118.56138008685707,94.85303427541675,142.2697258982974,0.15124362079111675,0.12715308330216263,0.17533415828007087,0.05302287938759984,0.047208691153141344,0.05883706762205834
Transformer,ar_bounded-kmeans_8,0.05,40,1.9422709351669716,1.751288231834319,2.133253638499624,84.582541532058,62.482476622692424,106.68260644142359,95.88017401312807,77.25109826427872,114.50924976197742,0.466058769538875,0.4424314938051909,0.48968604527255905,0.11345462086592853,0.10004620477728675,0.1268630369545703
Transformer,ar_bounded-kmeans_8,0.1,40,3.1224985816536255,2.8946769355219115,3.3503202277853394,92.21260926096122,67.77060776565638,116.65461075626605,97.05110547288542,74.04383820693266,120.05837273883819,0.571856770680023,0.5368679241530191,0.606845617207027,0.16417403982676548,0.14244784554286355,0.18590023411066742
Transformer,ar_bounded-kmeans_8,0.3,40,6.963971744536444,6.382956082497364,7.544987406575524,59.92739926909938,45.828436359782444,74.02636217841632,63.714537116900395,50.58223042884789,76.8468438049529,0.653464449153647,0.6124815915209493,0.6944473067863447,0.30081711623726426,0.2553148642724424,0.34631936820208614
Transformer,ar_bounded-no_cluster,0.01,40,0.6501560980676915,0.5957790165514729,0.70453317958391,50.39562049137147,30.285401692303136,70.5058392904398,102.9287227252186,85.9436332544603,119.91381219597692,0.037541845257377096,0.012796866413485285,0.06228682410126891,0.055635759424735066,0.04978182888511483,0.061489689964355304
Transformer,ar_bounded-no_cluster,0.05,40,1.7446098488805206,1.5494670706970322,1.939752627064009,64.06511639149595,45.463095346594706,82.66713743639718,78.04263836530586,63.44483905588608,92.64043767472565,0.48092180709244764,0.45813370363329026,0.5037099105516051,0.11813163510069158,0.1044115771443004,0.13185169305708275
Transformer,ar_bounded-no_cluster,0.1,40,2.729065618062253,2.444781005941147,3.0133502301833586,63.98629341508767,41.905373211424674,86.06721361875067,77.38248405355432,59.18764717849016,95.57732092861849,0.5988033958973029,0.5627621232865431,0.6348446685080628,0.16993822253536758,0.14767276759144118,0.19220367747929398
Transformer,ar_bounded-no_cluster,0.3,40,5.981428676877864,5.284195179615034,6.678662174140694,38.48860513856141,26.279473807843615,50.69773646927921,50.286707532850414,41.640575329884356,58.93283973581647,0.6648149335571822,0.6191770440159123,0.7104528230984521,0.30513639829082295,0.2589635992187928,0.3513091973628531
Transformer,ar_unbounded-kmeans_8,0.01,40,0.7035914967414859,0.6485885856010049,0.758594407881967,44.017824376048765,7.3075604655273665,80.72808828657017,120.74371559087167,92.90511261979975,148.5823185619436,0.05386122755859337,0.023982012092757528,0.0837404430244292,0.05115676793525277,0.0454676272258235,0.05684590864468204
Transformer,ar_unbounded-kmeans_8,0.05,40,1.9663502625653468,1.7414798252732326,2.191220699857461,72.14619224894128,48.32165421309968,95.97073028478287,86.93758897899374,66.41621748636008,107.4589604716274,0.43574889218332746,0.403000662660029,0.46849712170662594,0.11321860784132562,0.09960534832601096,0.12683186735664026
Transformer,ar_unbounded-kmeans_8,0.1,40,3.1592267343085014,2.8694307743738077,3.449022694243195,80.5452734026525,58.5759887967623,102.51455800854269,87.54307035336608,67.35237959992183,107.73376110681032,0.563320392089126,0.5304307497564797,0.5962100344217722,0.16475826095476312,0.14290809545324704,0.1866084264562792
Transformer,ar_unbounded-kmeans_8,0.3,40,7.000784991994692,6.303482501622645,7.69808748236674,35.86295178905998,24.914600213542364,46.81130336457759,49.84039326285085,42.32173749958331,57.3590490261184,0.6595927050467891,0.6173078480144959,0.7018775620790824,0.30645612941805833,0.26101824811224184,0.35189401072387483
Transformer,ar_unbounded-no_cluster,0.01,40,0.7509775786666784,0.6300987233641238,0.871856433969233,89.45167849847249,14.239967826122495,164.66338917082248,149.74223364686463,75.79825035134253,223.68621694238675,0.002596907675705472,-0.032688043076305705,0.03788185842771665,0.055380237365020436,0.049538940422866336,0.06122153430717454
Transformer,ar_unbounded-no_cluster,0.05,40,1.9539889402364765,1.7217853795935478,2.186192500879405,95.47226956192529,76.58982916716256,114.35470995668801,104.59455710133875,88.52405095181112,120.66506325086638,0.4290438182058322,0.36682710278351055,0.49126053362815386,0.11842155842520737,0.1047949814559063,0.13204813539450844
Transformer,ar_unbounded-no_cluster,0.1,40,3.7924718327554188,3.371071751265669,4.213871914245169,148.48063228846672,120.92824085069941,176.03302372623403,149.05043917426633,121.70500770558091,176.39587064295176,0.5772040122797631,0.5469702536922372,0.6074377708672891,0.1714726940977872,0.14947472179783508,0.19347066639773933
Transformer,ar_unbounded-no_cluster,0.3,38,8.916393422112787,7.661924546594626,10.170862297630947,88.71568864819015,69.92253020284235,107.50884709353795,92.16050522528991,74.68039499279271,109.6406154577871,0.6339038999546256,0.586991412841528,0.6808163870677232,0.32309149983090335,0.2755456630808422,0.3706373365809645
Transformer,no_ar-kmeans_8,0.01,40,0.7256829443707918,0.6500357739054173,0.8013301148361663,70.7264755070346,32.28987833316465,109.16307268090456,129.6343068710032,99.14125072999408,160.1273630120123,0.14094609037567363,0.12095970562164501,0.16093247512970224,0.054843430829572534,0.04886672141640717,0.0608201402427379
Transformer,no_ar-kmeans_8,0.05,40,2.0000170091752376,1.8244376845362145,2.1755963338142608,114.7647405138895,84.20432918134634,145.32515184643268,122.48302433077738,94.22968783545149,150.7363608261033,0.45115340766372014,0.42504838482096563,0.47725843050647465,0.11428842372918538,0.100855392298271,0.12772145516009978
Transformer,no_ar-kmeans_8,0.1,40,3.3439740701438128,3.076735054414251,3.6112130858733744,113.86094685677685,86.78599495012683,140.93589876342685,116.05131799314695,89.58139258916914,142.52124339712475,0.5570066573398157,0.5293378446839819,0.5846754699956495,0.1666983940259843,0.1450534502564428,0.18834333779552578
Transformer,no_ar-kmeans_8,0.3,40,7.105429202122409,6.568313484888794,7.642544919356023,64.3836818261735,49.676688140178975,79.09067551216802,67.32633769408321,53.509043099657006,81.14363228850941,0.6322032018886854,0.5939750010292754,0.6704314027480954,0.3139809722986222,0.2685865891686052,0.3593753554286392
Transformer,no_ar-no_cluster,0.01,40,0.6665998560185618,0.6119127947685955,0.721286917268528,74.24241242729985,46.04107556449209,102.44374929010762,120.01918095779338,96.40567491033823,143.63268700524853,0.051320658604682934,0.030765969035315956,0.07187534817404992,0.05603490293209366,0.05021254199116642,0.061857263873020894
Transformer,no_ar-no_cluster,0.05,40,1.9932641376649947,1.7901645087134357,2.1963637666165536,108.5926293375492,86.94441586680556,130.24084280829285,113.82102589515043,93.93246816361858,133.70958362668227,0.3536619575625331,0.31846666449940264,0.38885725062566356,0.12186965885749526,0.10854968828151267,0.13518962943347784
Transformer,no_ar-no_cluster,0.1,40,3.181660278226947,2.909058957029227,3.4542615994246675,125.61518139950662,90.24450337810379,160.98585942090946,130.03699897063223,96.10867511498459,163.96532282627987,0.523300981199031,0.4986107500324298,0.5479912123656322,0.1775092846745089,0.15591485488521611,0.1991037144638017
Transformer,no_ar-no_cluster,0.3,40,6.4728031011791005,5.866422881015813,7.079183321342388,43.300153630954895,25.97389791728117,60.62640934462862,56.40303120722689,42.1479477657149,70.65811464873887,0.6042246025304271,0.5687524703521261,0.6396967347087281,0.3271734317807794,0.28179781658536207,0.37254904697619673
