cal,panel,rep,rmse,rmse_customer_total,bias_percent,mape_aggregate,spearman,cv
2y,cdnow,0.0,0.1454749383488953,1.626464735290697,-15.969113653006598,21.029810118208648,0.4503093010593464,1.7283271703347605
2y,cdnow,1.0,0.1454542073934841,1.6228567124436384,-15.075320290761764,20.71855292053986,0.456531258606572,1.7074801361557603
2y,cdnow,2.0,0.1454658621129632,1.623900510186834,-11.499069157540832,19.57989950585632,0.4402001024994468,1.700360276076489
2y,cdnow,3.0,0.1454244680509804,1.6199691103479172,-13.14496355916177,20.166657207936503,0.4428426634833,1.7140736659942932
2y,cdnow,4.0,0.1454826148086724,1.6315551597845237,-16.536762456925448,21.173739360938555,0.4438949062406478,1.713063455823304
2y,cdnow,5.0,0.1455186171199358,1.6313097931257912,-16.71652445926029,21.308954527079027,0.4437589466369718,1.7334846059756053
2y,cdnow,6.0,0.145436589591576,1.6191607102972787,-11.78272915138273,19.649907751992856,0.4463962684753357,1.7038676670242985
2y,cdnow,7.0,0.145474288726537,1.6233959151292463,-12.839822883182222,20.01255699674499,0.4579893605393177,1.682667160109773
2y,cdnow,8.0,0.1455041260618662,1.6303020974467246,-20.000540447152684,22.952787337896428,0.4487957015087465,1.705972291457612
2y,cdnow,9.0,0.14549219290629,1.6260021035002776,-15.002972055069216,20.755349238173835,0.4456896078146828,1.7136549059883697
2y,cdnow,10.0,0.1454625140703258,1.6224225982801506,-11.932403431656535,19.7293996593158,0.4575660842964471,1.6951297892265929
2y,cdnow,11.0,0.1454749881118763,1.62474553845716,-13.353013142967216,20.166409821797554,0.4432261292044531,1.689123476927468
2y,cdnow,12.0,0.1454508600861943,1.6228337725991313,-13.621201694444592,20.296936113020944,0.4573516605891342,1.7068076462026358
2y,cdnow,13.0,0.1454642086057477,1.6237180278200374,-12.615296723594833,19.913809242112897,0.4538042278508862,1.7017073375169611
2y,cdnow,14.0,0.1454817885335476,1.6250509520549068,-12.143373330077134,19.745435577388665,0.4545831975351606,1.7096905708839512
2y,cdnow,15.0,0.1455011745524169,1.6277737714134886,-15.730490497938453,20.946727995376648,0.4440288238827896,1.720333115871233
2y,cdnow,16.0,0.1455331984052098,1.633532055498649,-15.1591199191625,20.81546588693087,0.4522961794359735,1.7118187101959732
2y,cdnow,17.0,0.1454429876672877,1.6216176537439662,-14.069027186859806,20.386566979407835,0.4515575887252819,1.7073102775570108
2y,cdnow,18.0,0.1454696723472397,1.6256825457398405,-15.846221213743684,20.982107812582047,0.4465305381798111,1.7341268029993973
2y,cdnow,19.0,0.1454203941059588,1.6163329797008932,-9.770910660535646,19.07855820333863,0.4539395886623657,1.678355187415696
2y,electronics,0.0,0.3758312855906185,3.48965634002348,-63.015675529412576,65.65358811185486,0.2968940027272622,1.1165537538640973
2y,electronics,1.0,0.3758312983117142,3.4895147629532888,-63.20693011503435,65.79343872026422,0.2984038910162302,1.099819009250117
2y,electronics,2.0,0.3758321638902237,3.489025807878324,-62.98560033944391,65.63201068694129,0.3157755262959986,1.1093031378129443
2y,electronics,3.0,0.3758432795151784,3.494393531591143,-63.66831532355601,66.15130711033478,0.3154989020703871,1.126988365515292
2y,electronics,4.0,0.375829110188721,3.489137803629144,-62.67973560464471,65.40860284246149,0.3097582016589048,1.1019209365587028
2y,electronics,5.0,0.3758511246193972,3.495870116342197,-63.37297718633462,65.92259256751449,0.3095051578479927,1.1165046532599143
2y,electronics,6.0,0.3758220233778522,3.487873110066544,-62.82478563674288,65.51567807760605,0.3200521952067133,1.1048132329168068
2y,electronics,7.0,0.3758350811220965,3.4922239234396475,-63.04175944682285,65.67667230500224,0.3088172222792223,1.1032427004658745
2y,electronics,8.0,0.3758080901656034,3.48345281930693,-62.45471321272328,65.24203194501068,0.3152109721664951,1.108586255892738
2y,electronics,9.0,0.3758292598007437,3.4900331621696035,-63.15362183849957,65.75830055054685,0.3207014402320348,1.101787684313264
2y,electronics,10.0,0.3758162941044566,3.484918933997604,-62.592151643550125,65.33958358626616,0.3107499190085214,1.0936815705596905
2y,electronics,11.0,0.3758537437229218,3.4958515438207374,-63.77239919905345,66.22531849197281,0.3038995991739253,1.1230041805728592
2y,electronics,12.0,0.3758278049714347,3.489485712905711,-63.44590094811375,65.97613997713708,0.309410668697665,1.1062632121518114
2y,electronics,13.0,0.3758070563628448,3.4820519431362515,-62.97214497668442,65.62302717353688,0.3221865038835084,1.104353573498623
2y,electronics,14.0,0.3758313653242684,3.4903807865665333,-63.73973366138359,66.20510154336334,0.3342930668425049,1.1234520048562675
2y,electronics,15.0,0.375854720283502,3.496756908127456,-63.65017983566286,66.13657408949241,0.3141818084962245,1.1121665995794523
2y,electronics,16.0,0.3758367627766651,3.4906513371773986,-63.15209833973297,65.75601530287736,0.3259466767701726,1.1025647487137404
2y,electronics,17.0,0.3758154377585482,3.484412340197589,-62.887847606412336,65.55981402694465,0.310012477728931,1.1136027761417775
2y,electronics,18.0,0.3758137554397275,3.486243857932213,-62.93629599811392,65.59836825790818,0.3267992206219716,1.1110592034694928
2y,electronics,19.0,0.3758111999218438,3.4846262599476865,-62.32366399112511,65.14873920832761,0.3025689148584645,1.106626536014089
2y,gift,0.0,0.1065655611735787,1.1230122497529305,-9.8561066309356,43.134343058600194,0.3827771390172291,0.8177050008266384
2y,gift,1.0,0.1065549906441868,1.120179623453288,-11.61895154880616,42.60385049146743,0.3870298697420639,0.8364639561564156
2y,gift,2.0,0.1065610894315186,1.121596249531425,-11.176660467536696,42.73628450296231,0.3838928784274313,0.8260466646174413
2y,gift,3.0,0.1065697876296799,1.123669933405363,-11.701772564284449,42.58734478297436,0.3868642919067301,0.8314544591839226
2y,gift,4.0,0.1065674281758565,1.1228850016657737,-12.897195010790114,42.24700349701544,0.378244776860138,0.8329339172901838
2y,gift,5.0,0.1065650591054147,1.1227993606580844,-11.827529331292093,42.54312892933237,0.3813487066555751,0.828234761098861
2y,gift,6.0,0.1065670070738619,1.1232972932806808,-11.262254098553818,42.71532638421473,0.3886045704139046,0.8267916840558598
2y,gift,7.0,0.106567455305024,1.12337927902435,-10.233185422613374,43.02517859708431,0.371064103425913,0.820857651730334
2y,gift,8.0,0.1065666467704528,1.1231002792605735,-11.631070290050602,42.5991997741777,0.3706394331886135,0.8237409385440725
2y,gift,9.0,0.1065675225367221,1.1234823932872788,-11.50342665791374,42.63163968523521,0.3745366111680225,0.8304435567686607
2y,gift,10.0,0.1065688189063816,1.123807052083334,-10.114589988801283,43.064454562290585,0.3780699143726525,0.8202093055101849
2y,gift,11.0,0.1065659461876341,1.1232123266184286,-11.33059183595137,42.697657591389,0.3747967106731773,0.8196475830575888
2y,gift,12.0,0.106575573668859,1.1254946538945012,-11.467930494934627,42.653584896208535,0.3727385400443366,0.8275320126210188
2y,gift,13.0,0.1065686145262384,1.123421117732991,-12.08151503037525,42.47203252218622,0.3776396513556425,0.8272998877244047
2y,gift,14.0,0.1065645366178049,1.122713245648704,-11.855954506673456,42.533291491054015,0.3760589987039537,0.8290181041157553
2y,gift,15.0,0.1065614530854119,1.1215845851218385,-11.962880055215898,42.4966674030578,0.374167133542501,0.8319144258997593
2y,gift,16.0,0.106559666643904,1.121245431577858,-12.140817355862154,42.467041211986576,0.3753838526717247,0.8290157430176288
2y,gift,17.0,0.1065738137677358,1.125109898567544,-11.077733733330176,42.766470407751136,0.3755342610152715,0.8248034848364213
2y,gift,18.0,0.1065695804121968,1.123899024343564,-11.298960815807565,42.69215223577993,0.3657647944238881,0.8217595881449109
2y,gift,19.0,0.1065642610934709,1.1227615960571982,-10.79284063585262,42.848846200534645,0.3846890958873061,0.818838334000686
2y,multichannel,0.0,0.0566909187216914,0.5052184445508248,6.873160827669416,55.85642991811815,0.1891214502854783,1.206650992041764
2y,multichannel,1.0,0.0566857370408978,0.5030006489662042,6.79991749915071,55.79555751632688,0.1858737598005926,1.2087600818333053
2y,multichannel,2.0,0.0566875509771974,0.5035835539411989,6.599191861894426,55.824116802682646,0.187768389495606,1.1987560346241426
2y,multichannel,3.0,0.0566924106466892,0.5049412392622146,2.8812614130568965,55.163504691656286,0.1906362878695647,1.2387209213852062
2y,multichannel,4.0,0.0566854856784662,0.5027167422953903,7.065014675057263,55.949082217585016,0.1933253444527176,1.2075626306404108
2y,multichannel,5.0,0.0566898965026441,0.5049073103622406,3.861662722443863,55.33885089023476,0.1657942734599939,1.2155862245628155
2y,multichannel,6.0,0.0566878517155009,0.504108721337782,5.702061989107016,55.69511727613916,0.1835371827190904,1.1937967424552918
2y,multichannel,7.0,0.0566898009915886,0.504477486636176,8.72256396123795,56.090132292343256,0.181681628655327,1.1949014098645236
2y,multichannel,8.0,0.056686260300232,0.5033770845979718,5.316181381377355,55.50873458670191,0.190980270114996,1.2255160585380789
2y,multichannel,9.0,0.0566878037198982,0.5036095553863094,5.376129908343779,55.71198351614576,0.1976432858952506,1.2001017973518229
2y,multichannel,10.0,0.0566861262517234,0.5030575680218958,7.511141676554793,55.9294118594636,0.1997197842838614,1.2193950942401288
2y,multichannel,11.0,0.0566890903702382,0.5040201227143036,6.394852443362821,55.69231238619528,0.1832344180400022,1.2033501935625748
2y,multichannel,12.0,0.056695566978096,0.505796605065887,11.067743246740728,56.45604771508928,0.2007608195601023,1.1940130284633537
2y,multichannel,13.0,0.0566924783674575,0.5048446006784609,5.930449379127741,55.8887614686856,0.1552904313002413,1.1978402684157012
2y,multichannel,14.0,0.0566822066860797,0.5021479537351556,6.2861488812143405,55.65600379110543,0.199751764510379,1.2055426741187345
2y,multichannel,15.0,0.0566837118475331,0.5029610780710176,3.9743021745675433,55.27055086762429,0.1906942728327424,1.2113305450026353
2y,multichannel,16.0,0.0566842469569227,0.5026688910365803,8.388158380627306,56.14589366271117,0.1797982881721478,1.1948807746110774
2y,multichannel,17.0,0.0566929219858171,0.5051094734331882,5.872431432098598,55.720481095905285,0.1778082307655838,1.1887004862222872
2y,multichannel,18.0,0.0566912174569819,0.5047519825067533,7.992348044324808,56.05988631646779,0.1809784043453461,1.1919180605156394
2y,multichannel,19.0,0.0566929496524125,0.5051672075561372,7.143347493801718,55.72217601063242,0.1726782688071724,1.2272778346102324
3y,electronics,0.0,0.4049352933205039,4.211363784298117,-65.01352512878098,65.76933553375672,0.3292439665010226,1.0958087576597868
3y,electronics,1.0,0.4049497375249835,4.215340193200831,-65.31095951302783,66.01104639794819,0.3337185629893379,1.1101911134049725
3y,electronics,2.0,0.4049676942576903,4.2196757356757,-65.56740906333414,66.2271748851892,0.3344271689986078,1.0994739491547827
3y,electronics,3.0,0.404975443849605,4.221544140899384,-65.7482723161787,66.38334262680075,0.3281003843177217,1.0909335354624472
3y,electronics,4.0,0.4049423230278021,4.214159936101344,-65.2056398672851,65.92769399110959,0.337878562357325,1.1035876924837342
3y,electronics,5.0,0.4049504837087896,4.215003151392808,-65.1641965939185,65.89576900860406,0.3396070077607752,1.0930610538347878
3y,electronics,6.0,0.4049479650542353,4.214988137868428,-65.18723911734179,65.91020303269285,0.3375824030255374,1.1012361325227826
3y,electronics,7.0,0.4049384471479018,4.213140207268479,-65.18155785130512,65.90808328806456,0.3329122078329258,1.0870874174526288
3y,electronics,8.0,0.4049337091414693,4.211585477948102,-65.26718729498015,65.9758128110932,0.3443989124397549,1.090969132773283
3y,electronics,9.0,0.404934253214557,4.212378786590647,-64.62436196327288,65.45787451751426,0.3310974976775103,1.0856723450324322
3y,electronics,10.0,0.4049606098555318,4.21833402570982,-65.72875731951005,66.36687771166716,0.3293033715746516,1.1115711219580686
3y,electronics,11.0,0.4049649204569284,4.219766360564233,-65.56650968545776,66.22958514727716,0.3328943976069635,1.0958446214893234
3y,electronics,12.0,0.4049312611283954,4.211106852899919,-65.27888878007187,65.98841328861113,0.3298319173290553,1.0980659340656005
3y,electronics,13.0,0.404944330225821,4.214116772808273,-65.2792513439321,65.98689018397924,0.3307467655039439,1.0914778298271928
3y,electronics,14.0,0.4049423123445205,4.214618018537658,-65.04413075103486,65.79756954132212,0.3313505936651988,1.0997931440971298
3y,electronics,15.0,0.40494629239447,4.215318761989828,-65.24852759603942,65.95965030148942,0.3251645838217992,1.09534864301922
3y,electronics,16.0,0.4049444787520362,4.214939940820623,-65.01182668942403,65.77221221966965,0.3248044758633182,1.0983896984263406
3y,electronics,17.0,0.4049570326908259,4.2172685804624015,-65.32634525216648,66.02558539511523,0.3263500244290495,1.107897516828562
3y,electronics,18.0,0.4049526270373244,4.216157736945435,-65.61209726099061,66.26542513938765,0.3322882600154217,1.1069434302516792
3y,electronics,19.0,0.4049347825242217,4.211839504939998,-64.55600344305812,65.40259112497618,0.3347295160974141,1.1012308912086908
3y,gift,0.0,0.1001540210703761,1.0057827962217036,-7.531492815569677,42.98818165502436,0.4273369187032718,1.0520047812239584
3y,gift,1.0,0.1001492464242895,1.0044488092455326,-8.100179929024078,42.83808839819206,0.4317523906542049,1.0601533914932122
3y,gift,2.0,0.100152457655553,1.0048294567692566,-7.901310759369234,42.88686852234071,0.4380224146130228,1.052996502067345
3y,gift,3.0,0.1001502585964559,1.0044359675098846,-8.142904488967638,42.8216024262229,0.4415134662779867,1.062283964473833
3y,gift,4.0,0.100138359309839,1.0013501796181623,-8.921547677926174,42.59171930840826,0.4346619049559038,1.062311427481148
3y,gift,5.0,0.1001549630481165,1.0053095243665813,-8.40304701058092,42.73802301141157,0.4388032349465861,1.0551403391063785
3y,gift,6.0,0.1001394475500825,1.0010292610590277,-8.28249868130128,42.7680565085027,0.4405324792687157,1.0597243578758078
3y,gift,7.0,0.1001411184213472,1.0017852381104453,-7.759738144981638,42.936292403561644,0.4434603363345173,1.0548069288568145
3y,gift,8.0,0.1001443531770307,1.0029716600354437,-8.550546059394456,42.67776886450668,0.4359064137888903,1.0601920326502312
3y,gift,9.0,0.1001394189368115,1.0021279346572471,-8.7597321906767,42.63765672304068,0.4419965092318433,1.0536414274734702
3y,gift,10.0,0.1001377196047596,1.001178591469371,-7.974037405925047,42.89524443862862,0.4359447047878099,1.055481841823698
3y,gift,11.0,0.1001384508501792,1.001233749898412,-7.621445317430405,42.96714811524021,0.4344137665714768,1.0530383159393917
3y,gift,12.0,0.1001453562827196,1.0032259883294623,-7.899094705641752,42.87563605804591,0.4309039115708225,1.058217390156986
3y,gift,13.0,0.1001554364315127,1.0054326121002854,-8.430395196134008,42.741829499455065,0.4376381925607209,1.0501509820910455
3y,gift,14.0,0.1001414031697624,1.0020103470986648,-8.408814823510992,42.73204942708725,0.4450193850893251,1.060940026505334
3y,gift,15.0,0.1001432139330347,1.0018469681351527,-8.888528884958891,42.58636277124583,0.4419902301348854,1.0671777212949365
3y,gift,16.0,0.1001395107145312,1.0019706986825965,-6.934181481505693,43.233930048996704,0.4305343520631501,1.0615285064191593
3y,gift,17.0,0.1001560234749411,1.005846483512001,-7.680727316306291,42.96335315210905,0.4390257510980161,1.0564036165415691
3y,gift,18.0,0.1001495284060784,1.0044834413777797,-7.676197731266781,42.96537879968052,0.437088662746189,1.05572967945634
3y,gift,19.0,0.1001357754067726,1.000624408323974,-7.584708328968081,42.98293923580077,0.4351682228818868,1.0614803320215256
3y,multichannel,0.0,0.0488284850140605,0.3914490843178724,22.11177893157059,60.27151183597846,0.2360169945149794,1.4101137262238397
3y,multichannel,1.0,0.0488289831378302,0.3912196429305287,22.43009287065322,60.34826764864061,0.2585855869264892,1.4318961446906298
3y,multichannel,2.0,0.0488251649936074,0.3904429075732661,23.537078269917806,60.616913095545726,0.2518170303540077,1.3883543240640557
3y,multichannel,3.0,0.0488218995417002,0.3888300030448169,17.872186954737344,59.173049592380536,0.2567475785459732,1.4424921035261324
3y,multichannel,4.0,0.0488326837276483,0.3925530725652134,22.55595559645572,60.34577975829384,0.2597037726284222,1.4116373123114867
3y,multichannel,5.0,0.0488273796092638,0.391357499095556,23.253700671322687,60.35989880096555,0.2549049632866894,1.4198063266582863
3y,multichannel,6.0,0.048827339174204,0.3906927660117309,23.17685261878108,60.47962643658244,0.261557027989407,1.4048518605780318
3y,multichannel,7.0,0.0488266598715192,0.3901686304553268,21.67652237352068,60.16983655738626,0.2547656754567385,1.4288749603954602
3y,multichannel,8.0,0.0488282295577547,0.3914938641650264,25.30764742986013,61.191310573348055,0.2340704008948951,1.4127084952695756
3y,multichannel,9.0,0.0488216321271321,0.3886067390367807,22.645321462183272,60.421144262133424,0.2558378264329446,1.410243278131828
3y,multichannel,10.0,0.0488233583462012,0.3895242528878688,21.28816972795654,59.972434841212745,0.2716767226994339,1.4224324633372858
3y,multichannel,11.0,0.0488253042439303,0.3903049544766976,25.38624515074438,61.18818906533127,0.254229531844735,1.3878218871693444
3y,multichannel,12.0,0.0488308467126352,0.3919217027901686,22.55727196183131,60.38978083951904,0.2454385640087155,1.4161413570636547
3y,multichannel,13.0,0.0488311203290881,0.3915998967993686,21.183725599974444,60.03401255530206,0.25151793662684,1.4392694544428124
3y,multichannel,14.0,0.0488223331016154,0.3891467285507592,22.81351882404454,60.47207646409783,0.2421571208790711,1.4022786507900058
3y,multichannel,15.0,0.0488254858364228,0.3902746018216739,23.03889483014709,60.39975320572583,0.2519026408081503,1.3963236764756322
3y,multichannel,16.0,0.0488342097184647,0.3931651303590162,21.724115476756243,60.10450288412783,0.2534105122516139,1.409055685211734
3y,multichannel,17.0,0.048827497074555,0.3906826247796422,23.4739969739858,60.61339036739575,0.2580269198499005,1.410833146104158
3y,multichannel,18.0,0.0488267132530032,0.391245389901484,22.167839039244875,60.28041822871274,0.2439327405400092,1.3974873661845582
3y,multichannel,19.0,0.0488194050555156,0.3885260979268471,22.881835506670143,60.33755365736607,0.2609174041726249,1.3842482231471904
5y,electronics,0.0,0.11154702984277978,1.2294686373151513,-15.645665806267994,27.720615350202362,0.39395062991261476,1.3959391432824122
5y,electronics,1.0,0.11153861282541969,1.2280611552212066,-17.306462969786768,27.718119606099947,0.39436509720599644,1.408946039011706
5y,electronics,2.0,0.11153587654593476,1.2269398119116564,-15.938360117281139,27.717495090256794,0.39919004945938336,1.395099884362058
5y,electronics,3.0,0.11153445476579119,1.2265160350862034,-16.684976887480957,27.685739108488942,0.39807594263461366,1.400613083331336
5y,electronics,4.0,0.11154929012202107,1.2307431804764934,-16.98926920424623,27.707731072107986,0.39622537249829426,1.4087869407947797
5y,electronics,5.0,0.11153730137235358,1.2277582357424168,-16.868486733362428,27.691689971705074,0.39649635896155955,1.4007399320590663
5y,electronics,6.0,0.11154104591928239,1.227937015516114,-15.802415824732195,27.714817994702095,0.3950839056211278,1.4009829608269424
5y,electronics,7.0,0.11153875590535649,1.227978440514889,-16.397610915736298,27.69474303686657,0.3910318711260844,1.401378654849443
5y,electronics,8.0,0.11153846187385737,1.228295863875025,-17.551257291821177,27.75854547778389,0.3936896139651645,1.4127346898392117
5y,electronics,9.0,0.11154511089827704,1.2296986053781984,-17.532331948186542,27.741330823693808,0.39330024920060397,1.412326623908842
5y,electronics,10.0,0.11153148350780082,1.2262087534263477,-15.481879438928864,27.740887707827763,0.3969807510426574,1.401457744431636
5y,electronics,11.0,0.11153849454513996,1.2281340665667944,-16.081896257486825,27.69553423278975,0.3953343142015871,1.3937144139805757
5y,electronics,12.0,0.11154883085721508,1.2303448389182756,-15.274134299661055,27.748452341493525,0.3942243548566502,1.3908815534278218
5y,electronics,13.0,0.11152577129815816,1.2246986907392476,-17.705455234735794,27.79074552299637,0.3939164596011131,1.412697533718908
5y,electronics,14.0,0.11154359906443884,1.228151389942539,-16.35051027417439,27.692389642619332,0.39818370143628884,1.398771479775977
5y,electronics,15.0,0.1115418518739255,1.2289055545219336,-16.50303572609319,27.688760447695216,0.39413224195386126,1.4051173738776985
5y,electronics,16.0,0.11154283772288656,1.229145755421669,-17.162884565328287,27.733089143002395,0.3926474168580463,1.4113239571805647
5y,electronics,17.0,0.11154437175495635,1.2287595715180435,-16.38985894760561,27.702890886980335,0.3938624341429103,1.4056234416834634
5y,electronics,18.0,0.11154905788928778,1.2302844754224023,-16.886101793637884,27.70347608348365,0.39252644431860156,1.4086150951655023
5y,electronics,19.0,0.11153790813856808,1.2282034988307544,-16.688832246194693,27.69417028761556,0.39807383345540787,1.403364529752944
