model,arm,rmse,rmse_customer_total,bias_percent,mape_aggregate,spearman
ValendinLSTM,archive,0.1476444719685595,1.872180128965918,-45.24934113399207,46.12216430418909,0.35701730809604837
ValendinLSTM,archive,0.1470343541846431,1.7822877903902703,-30.262269955915084,32.22269186995807,0.3901373822967449
ValendinLSTM,archive,0.14665602466088012,1.7167879453329524,-8.505805610853859,27.717942108196276,0.36661644392258375
ValendinLSTM,archive,0.14654206688444452,1.7339511359546278,-37.44723018465254,39.87730918486567,0.4090509690765717
ValendinLSTM,archive,0.1471430540242403,1.7735987879659587,-1.193932201320441,25.725857599105197,0.38474540476337543
ValendinLSTM,archive,0.14636869327808338,1.6625561254120214,9.591555926299767,32.327704306318324,0.3896569129914401
ValendinLSTM,archive,0.1473952733883343,1.7159666508946705,-30.544327866227352,37.52902414979023,0.40439121706017955
ValendinLSTM,archive,0.15683272230422246,2.222715118893612,166.83403648824307,169.7485484437902,0.44091868207769214
ValendinLSTM,archive,0.14952544061403855,1.7905442040539383,1.9263846248307017,76.58496080138454,0.4293902372614741
ValendinLSTM,archive,0.14702485021024791,1.754631327910197,-32.0633252508607,37.65804784347892,0.40438540328316913
ValendinLSTM,archive,0.14713849692564518,1.8106247563948803,-29.506597129534985,33.051715677550256,0.40225909298042883
ValendinLSTM,archive,0.14819422250042852,1.9189635516264258,-55.57572626270442,56.863852813397834,0.3301261528007142
ValendinLSTM,archive,0.1471019981485978,1.7682418423575033,-33.913457203745196,41.06701886237157,0.3925657754483101
ValendinLSTM,archive,0.14686805793238772,1.765518312829172,-21.21820660676632,29.053034604106994,0.38264239728070726
ValendinLSTM,archive,0.14643279554937486,1.6853163268545557,-5.020317443570602,24.077308763919483,0.3873098322983018
ValendinLSTM,archive,0.14604975238581752,1.6677132962821437,-12.75382664949126,24.601319467545743,0.4217443319185749
ValendinLSTM,archive,0.14688067167784644,1.757976738588895,-19.598681510998947,32.221900080146504,0.43053316258377733
ValendinLSTM,archive,0.1470882819360432,1.707956947737355,31.54696485627227,39.21345597447561,0.3894537475541421
ValendinLSTM,archive,0.1473718168532372,1.8436170841860218,-41.05752053643586,41.530343669474306,0.40188299792399207
ValendinLSTM,archive,0.14794723851706307,1.8614106121788647,1.4970967706810938,33.05488132535037,0.3633660474267535
ValendinLSTM,paper,0.14685229661567578,1.7130294520169367,20.28575123766885,34.320580187575445,0.4161278339240102
ValendinLSTM,paper,0.1482062242453987,1.7830671685637258,24.201054736666862,62.1192614453548,0.3442736900669276
ValendinLSTM,paper,0.15025936437930526,1.7095130441989248,47.11503883243797,57.788917916362365,0.4209502300523303
ValendinLSTM,paper,0.14892837620279945,1.9090161767199076,30.22480151294102,66.17994738231587,0.3105414950423574
ValendinLSTM,paper,0.1473618713892672,1.7679265887849414,5.780474142684733,33.48918208262655,0.4243259972431357
ValendinLSTM,paper,0.14639700323935675,1.6742257973429118,-3.9701853925487973,32.79973619305446,0.4097087899976622
ValendinLSTM,paper,0.14754250665723104,1.8152423697509892,-28.174143296354675,35.95356251454703,0.36303379009095277
ValendinLSTM,paper,0.14730449989627442,1.81832954633944,-35.53878707948878,41.16464442349895,0.35912321728473623
ValendinLSTM,paper,0.1485780558617464,1.9944627380793991,-56.5102909842514,57.44432781913926,0.19813970223275035
ValendinLSTM,paper,0.1466834216452025,1.719826013168076,-7.2087079044287,24.179683476145907,0.4485223067512167
ValendinLSTM,paper,0.1477136169646217,1.8671839880433991,-44.58443348578608,45.890501989961166,0.38141338293201077
ValendinLSTM,paper,0.14698902353247897,1.7083107471410923,40.457782996449566,44.9327173691959,0.42394740015507293
ValendinLSTM,paper,0.1470009062862413,1.7834845740681835,-30.465436165066535,35.48759952580731,0.3278394163875017
ValendinLSTM,paper,0.14671153553654076,1.6859143164613306,20.82005203856338,37.66807364693055,0.4214137575453955
ValendinLSTM,paper,0.15634545188285034,1.9209528460951413,63.3989439211233,108.420052773474,0.37525330249523753
ValendinLSTM,paper,0.14718524685683285,1.7899896342121644,-38.78548884356429,45.29736188144532,0.3801554658545191
ValendinLSTM,paper,0.1467913030455936,1.7544664982477804,-17.315040425960493,26.427968676180015,0.39664392522615743
ValendinLSTM,paper,0.14809356771002993,1.8256998934933426,-13.71978967536594,48.337203514096416,0.32868375664920185
ValendinLSTM,paper,0.14738579726382003,1.7283110732019435,-21.873351728253965,38.94353599589835,0.3639410149043007
ValendinLSTM,paper,0.1480343256867873,1.8936261896649345,-49.39498749598497,53.28733561580191,0.36807747188267376
ValendinLSTM,floor50,0.14632718592947866,1.681289094079987,-19.71530412429466,30.09788940466537,0.4300092218046244
ValendinLSTM,floor50,0.14731150450337527,1.769038094141217,-40.876517920978756,42.18680801091243,0.3596796676182949
ValendinLSTM,floor50,0.14692233918579053,1.709749247599635,-0.22269203423460288,29.916095037435973,0.4381553899747273
ValendinLSTM,floor50,0.14847393553946447,1.8126604265699886,6.436410821177831,47.96992105498207,0.40193942094016605
ValendinLSTM,floor50,0.14767494719188684,1.7636720823631844,9.446173515317964,31.57651701927336,0.4071438486897197
ValendinLSTM,floor50,0.1466436836884192,1.7188197289613312,-17.350396546818086,29.216359140484236,0.40828644862100777
ValendinLSTM,floor50,0.14826578463697435,1.942559926259758,-36.78971064962616,40.28258628568246,0.27226989825169656
ValendinLSTM,floor50,0.1462206435297535,1.658695929884018,-20.379947843497273,32.58786302762692,0.40526285705261167
ValendinLSTM,floor50,0.1474441359851506,1.8502352111866982,-53.77599006474517,54.22770500694251,0.3372394773082196
ValendinLSTM,floor50,0.14623185130257582,1.6854145892033134,-19.334565423144262,26.23007948670088,0.43216808842830745
ValendinLSTM,floor50,0.14803595620828042,1.7992734307772742,-13.637467830252978,24.739314126819053,0.3797730806952299
ValendinLSTM,floor50,0.14691766232092432,1.6759952515532104,29.891555948983736,40.274142005080115,0.37280183793711724
ValendinLSTM,floor50,0.15912124109449902,1.9880023060579282,48.88891761326318,91.71108194476976,-0.1499395887490823
ValendinLSTM,floor50,0.14644579778886294,1.7248251191817667,-31.732718346979865,35.58021153945074,0.39827967014747534
ValendinLSTM,floor50,0.1466190505418926,1.7383474593215387,-28.179420272237614,34.72506641796108,0.413419955899887
ValendinLSTM,floor50,0.14933046745084103,1.9627200343919056,-10.321108887911052,27.340633422971898,0.43496817317885206
ValendinLSTM,floor50,0.14729266376504094,1.8005326287586032,-36.46728309903491,41.22506657231986,0.39550181260599726
ValendinLSTM,floor50,0.14658697545124158,1.7361172055271088,-38.85910361381106,40.824275020274314,0.32087944905136306
ValendinLSTM,floor50,0.1470199823934485,1.703847629102115,-5.669393916086331,27.940633408823615,0.4213890954206488
ValendinLSTM,floor50,0.15485865493028364,2.031671065759412,45.38601508826027,76.96649078097893,-0.14724238046945237
LSTM,archive,0.14606801149105406,1.670502614819455,1.367017702349127,19.09155658306181,0.4183400093930619
LSTM,archive,0.14633048587663958,1.6906458054976121,15.528231425048363,26.80474900397261,0.42802359574596255
LSTM,archive,0.14612597828982987,1.6691985286944153,-3.855145817185428,18.852506578558344,0.43771708775609414
LSTM,archive,0.1464923603527629,1.714648250555331,-0.18575281047322992,18.788390389660776,0.4129266200029077
LSTM,archive,0.14593993072766206,1.6601779281099918,-26.353562695950085,27.713984698598,0.4019786951237741
LSTM,archive,0.1463782082599698,1.7059138186565996,-12.15725666831098,20.080739058514972,0.4172625199983439
LSTM,archive,0.14578907460076485,1.6349350955763746,15.731397684378198,25.75408932765181,0.4394523981373512
LSTM,archive,0.1469453492405207,1.7789655601228225,2.155408231064507,18.950659494679915,0.4278625039268098
LSTM,archive,0.14588792556374933,1.6538076010267175,-2.234565366285903,19.00976242443499,0.4311132090021817
LSTM,archive,0.14616765162079795,1.672863670172942,-1.487863497577888,18.449340310920807,0.45112314256174324
LSTM,archive,0.14683215222382273,1.7713471739756905,-17.849605012990068,22.53350963594904,0.44899712672777947
LSTM,archive,0.14645175809798686,1.7308071853054512,-31.120845048460122,31.754618100232484,0.41592612545081376
LSTM,archive,0.1459383187613401,1.6695106988927386,-20.271240757940756,23.237995150103604,0.44147231008054777
LSTM,archive,0.146463062382537,1.7249915573361367,-12.929552219670803,20.503166497618775,0.40990429128527106
LSTM,archive,0.14652798366179626,1.7311801199268626,-6.352243510156304,18.527440727838304,0.4279561851476888
LSTM,archive,0.14614959288461857,1.6870846987375567,-0.9612145730466721,18.69366742970325,0.4256723706595534
LSTM,archive,0.14637788219683853,1.7124572252609922,-13.355937492210817,20.27203195514587,0.42492425915765447
LSTM,archive,0.14617222780129965,1.6774849970427745,8.318205081899228,21.7329812143734,0.4399699424003237
LSTM,archive,0.14649895642252023,1.6937974512556773,11.712927997141474,23.83166189691271,0.40954511495843127
LSTM,archive,0.14614230179394466,1.6773343232851445,2.9168857711224363,19.844063129275973,0.43021173216011044
LSTM,paper,0.14644049563226635,1.7161186883050585,-11.09208529721731,19.75752006901689,0.3818972937037205
LSTM,paper,0.14618215185036434,1.6775262477127733,11.508178612693738,23.633772715641,0.38946652355170686
LSTM,paper,0.1467971029451755,1.7189169633306682,37.981265769155506,41.287862175883674,0.4293271291044376
LSTM,paper,0.14625045868379974,1.6775284132236141,13.062004422950503,23.653033908338482,0.3969280113633459
LSTM,paper,0.14635523726175373,1.6877069277281174,23.074669372683257,29.527440112241244,0.4122868632912733
LSTM,paper,0.14634828812231637,1.7004099737886595,-3.9857527539432023,18.71029025189442,0.4168784391299617
LSTM,paper,0.14873147562044772,1.9913601711831128,18.920315801114107,28.259630204917915,0.39661847718407955
LSTM,paper,0.1460673886864826,1.6686063830660616,-1.660686814248638,18.876517023596293,0.35344490828710035
LSTM,paper,0.14602790026801735,1.6440180210009652,28.697360711353777,33.264115529532745,0.4300567094522509
LSTM,paper,0.1465561097570681,1.7061957041486309,31.191819832023526,35.7997356387625,0.4282735339113328
LSTM,paper,0.14655535633991962,1.7441877933642387,-25.530607605200956,27.205541430134804,0.39159603359078493
LSTM,paper,0.14617012438557767,1.695127650954244,-11.092612922123125,19.76226940136758,0.42094837117006123
LSTM,paper,0.1463005978070025,1.6650273662758186,29.37493325655853,34.0192607401974,0.4424921416054845
LSTM,paper,0.1468925761673681,1.774750802028499,-0.6548821674490716,19.477044732499056,0.3226837309881316
LSTM,paper,0.1462227899215863,1.6938797650035244,-8.178892670135697,18.919261411461562,0.39648152865201414
LSTM,paper,0.14652493873242026,1.7316595205771257,-6.220053581663739,18.52084438220691,0.43373604371015734
LSTM,paper,0.1470989105696667,1.8020757788447777,-34.15303507156327,34.51029096781685,0.40921037618573
LSTM,paper,0.14671531529873966,1.7484939090191058,-10.865963924489735,19.58100297284326,0.403225124799597
LSTM,paper,0.1466744817955435,1.736486016188511,5.467545338230298,20.87809992880405,0.41248391642548426
LSTM,paper,0.14675719098439438,1.747264960075105,3.8345638458125144,20.26622669039026,0.42830863062826124
LSTM,floor50,0.14584225348297564,1.6398176901576769,-0.6258582325266866,19.252770349904267,0.42056186215709646
LSTM,floor50,0.1474852422955186,1.7905833144577823,54.326120813507146,59.02374636357275,0.42254079667986133
LSTM,floor50,0.14662944793997768,1.7170016070501573,0.8947223479461024,20.588654198666525,0.405490889425613
LSTM,floor50,0.14594682201997475,1.6143149801688719,24.966753945245777,31.72664869586506,0.443219570734147
LSTM,floor50,0.14580510101228447,1.6195389847811443,1.5817934865409229,19.801846829225756,0.4265160386831322
LSTM,floor50,0.14609576913657765,1.6606810912218222,14.136147008505718,25.602110494075514,0.4308927755118952
LSTM,floor50,0.1460712893799511,1.6874399382260872,-21.936148499927764,24.89604269844895,0.3930513054833625
LSTM,floor50,0.14576605181141994,1.6305023259694535,-0.8350929937827133,19.317941847539874,0.42530356061706975
LSTM,floor50,0.1457887714603141,1.6438757105908026,8.69999919283251,22.336938981467995,0.41896711033257283
LSTM,floor50,0.145789789991751,1.6406046287139189,-4.657784298524588,18.82717686835533,0.4450842895521151
LSTM,floor50,0.14564591443897185,1.6279983340167186,-13.737203846182139,20.084432955969007,0.4501065170325122
LSTM,floor50,0.14593709252907233,1.6628361548055948,-8.989446640388449,18.948812756028886,0.433404584699707
LSTM,floor50,0.14570256522899738,1.6131236740211492,7.1736140440566665,21.968337430183652,0.42791203375983367
LSTM,floor50,0.14569969530092097,1.6330823897450975,-13.097889826566977,20.25092373432548,0.43326725281799155
LSTM,floor50,0.14583662074354564,1.6230476956800561,22.7643792535173,31.861477165205102,0.4284789581716817
LSTM,floor50,0.14586050128377998,1.652660664561507,5.360949258110874,21.491292623709537,0.4460882859055981
LSTM,floor50,0.14633349210274074,1.7082429709075342,-7.482586455750408,18.73166238058531,0.4482790589486854
LSTM,floor50,0.14615118300475674,1.654929906590884,33.272822536134655,38.3029019155373,0.43355410077922285
LSTM,floor50,0.14571243353452273,1.6216067146210353,14.11187259219853,25.527704148540906,0.4504516028170577
LSTM,floor50,0.14691985681670802,1.7575108987226384,13.500790946224617,24.966754380682254,0.4462407304459627
