panel,model,contrast,mean_a,mean_b,delta,lo,hi,supported,refit_noise
cdnow,ValendinLSTM,label alone,51.67395817555041,57.4513455634386,5.77738738788819,-20.349837165436128,35.64040579999306,False,5.83
cdnow,ValendinLSTM,floor alone,51.67395817555041,56.52368094469366,4.8497227691432485,-19.811245886299233,30.774635210520096,False,5.83
cdnow,ValendinLSTM,floor | label,57.4513455634386,51.02854874069827,-6.422796822740331,-33.62540367282249,13.51469092114051,False,5.83
cdnow,ValendinLSTM,label | floor,56.52368094469366,51.02854874069827,-5.495132203995389,-29.362710316118964,13.362453570864725,False,5.83
cdnow,LSTM,label alone,57.70389212030276,80.23660935264687,22.532717232344105,-9.189013480218764,52.68379240198158,False,5.83
cdnow,LSTM,floor alone,57.70389212030276,183.86601580624608,126.16212368594333,77.20057170890523,173.16505604514694,True,5.83
cdnow,LSTM,floor | label,80.23660935264687,84.75755919084085,4.520949838193985,-27.092808358263067,34.364055009272654,False,5.83
cdnow,LSTM,label | floor,183.86601580624608,84.75755919084085,-99.10845661540523,-145.84160892987404,-52.74014153753898,True,5.83
electronics,ValendinLSTM,label alone,69.08307767133194,69.15875926846475,0.07568159713281375,-12.411008068663442,14.267981324635008,False,3.63
electronics,ValendinLSTM,floor alone,69.08307767133194,46.287116569139286,-22.79596110219265,-28.068539479434758,-17.36215316584696,True,3.63
electronics,ValendinLSTM,floor | label,69.15875926846475,58.81913761165491,-10.33962165680984,-25.317714681094746,3.169343013733243,False,3.63
electronics,ValendinLSTM,label | floor,46.287116569139286,58.81913761165491,12.532021042515623,5.355193361314679,19.626764949551376,True,3.63
electronics,LSTM,label alone,56.92005790199003,54.91397404608688,-2.0060838559031495,-7.845986276455729,3.795765975254295,False,3.63
electronics,LSTM,floor alone,56.92005790199003,51.71838779183671,-5.201670110153316,-12.311916772224562,2.5080712761171156,False,3.63
electronics,LSTM,floor | label,54.91397404608688,52.848432121376824,-2.065541924710054,-10.977812231547187,7.5341023035023955,False,3.63
electronics,LSTM,label | floor,51.71838779183671,52.848432121376824,1.1300443295401124,-8.907127177974154,11.759344778473546,False,3.63
gift,ValendinLSTM,label alone,32.24816784742149,31.753621349841808,-0.49454649757968383,-4.988685724034205,3.981781491735449,False,5.89
gift,ValendinLSTM,floor alone,32.24816784742149,28.900654794409526,-3.3475130530119657,-6.893306555482319,-0.14737842262750644,True,5.89
gift,ValendinLSTM,floor | label,31.753621349841808,28.961278473183114,-2.7923428766586937,-6.593447174169207,0.9035176116686294,False,5.89
gift,ValendinLSTM,label | floor,28.900654794409526,28.961278473183114,0.0606236787735881,-2.2285959120527497,2.4276470740226794,False,5.89
gift,LSTM,label alone,30.32591677060779,29.258922520955128,-1.0669942496526623,-4.704756612349756,2.5724304846026835,False,5.89
gift,LSTM,floor alone,30.32591677060779,29.875742201636694,-0.45017456897109653,-4.024554590998631,3.2535363029270243,False,5.89
gift,LSTM,floor | label,29.258922520955128,31.581762755195438,2.32284023424031,-1.8038155191328782,6.645113936868094,False,5.89
gift,LSTM,label | floor,29.875742201636694,31.581762755195438,1.7060205535587443,-2.4722184514405185,5.89770950047193,False,5.89
multichannel,ValendinLSTM,label alone,84.91918676567444,68.12609582600206,-16.793090939672382,-29.28870166469647,-3.5137301331088198,True,7.71
multichannel,ValendinLSTM,floor alone,84.91918676567444,56.04166566866009,-28.877521097014352,-37.78283306629764,-20.17777353038952,True,7.71
multichannel,ValendinLSTM,floor | label,68.12609582600206,63.38640306800537,-4.739692757996686,-17.80644957629659,8.144344824891123,False,7.71
multichannel,ValendinLSTM,label | floor,56.04166566866009,63.38640306800537,7.344737399345284,-0.6148045765381811,17.201688890108635,False,7.71
multichannel,LSTM,label alone,140.8800408701613,67.40548167839255,-73.47455919176876,-103.78351670479043,-38.575859348188054,True,7.71
multichannel,LSTM,floor alone,140.8800408701613,52.76721423158894,-88.11282663857237,-111.38295478780398,-66.1384879484545,True,7.71
multichannel,LSTM,floor | label,67.40548167839255,57.66370566053246,-9.74177601786009,-36.795640551094145,6.6630071234238635,False,7.71
multichannel,LSTM,label | floor,52.76721423158894,57.66370566053246,4.89649142894352,-0.6358053350910494,11.017236652270329,False,7.71
