panel,model,training,cluster,rep,rmse,rmse_customer_total,bias_percent,mape_aggregate,spearman
cdnow,ValendinLSTM,archive,no_cluster,0,0.14866768221793913,1.876762475787171,-36.47203251296848,44.21767873999177,0.2734468847830754
cdnow,ValendinLSTM,archive,no_cluster,1,0.14729819837873928,1.828854135817184,-50.24168929163799,50.24168929163796,0.3553915309888248
cdnow,ValendinLSTM,archive,no_cluster,2,0.1478863351877059,1.8911016495613888,-59.244855481757995,59.244855481757995,0.39078843821021564
cdnow,ValendinLSTM,archive,no_cluster,3,0.14739984465656386,1.825580653048709,-39.75514586346553,46.54723003565656,0.36866843330064514
cdnow,ValendinLSTM,archive,no_cluster,4,0.14728292257871733,1.841660958726943,-49.92770515411806,52.41319317577092,0.36666642871126676
cdnow,ValendinLSTM,archive,no_cluster,5,0.14745827740021863,1.8168130922509989,-20.952771302794545,32.437203638452345,0.41983176539216094
cdnow,ValendinLSTM,archive,no_cluster,6,0.1472345357074916,1.7868053302021196,-16.360159102228025,27.026121557977792,0.41755662317823095
cdnow,ValendinLSTM,archive,no_cluster,7,0.14652947410055034,1.7195020147343016,-15.459895197371207,27.184960679360106,0.4177331044749912
cdnow,ValendinLSTM,archive,no_cluster,8,0.1469218995594446,1.6922428425928258,-1.7601591440063087,30.013456473957593,0.41051473831450314
cdnow,ValendinLSTM,archive,no_cluster,9,0.14784872234293178,1.9023883913682373,-60.05435416740356,60.05435416740358,0.3522038537161213
cdnow,ValendinLSTM,archive,no_cluster,10,0.1474483737482237,1.7471594613100783,-0.6923490191141866,47.447493497459234,0.4114738118630957
cdnow,ValendinLSTM,archive,no_cluster,11,0.15128272668367876,1.9124870374098955,17.294194557037834,75.75224298959249,0.028673180631925338
cdnow,ValendinLSTM,archive,no_cluster,12,0.14611087123616312,1.6616744076095318,-7.817942763342376,22.76992102647527,0.41847862354982696
cdnow,ValendinLSTM,archive,no_cluster,13,0.14700391543901592,1.7779735837408221,-38.14432793957921,38.76121438666221,0.34720133365061917
cdnow,ValendinLSTM,archive,no_cluster,14,0.14728501750434053,1.7358679863140836,-23.472560119955524,36.028232637861805,0.38509374927203116
cdnow,ValendinLSTM,archive,no_cluster,15,0.1470440027518496,1.7688945954071351,-23.68733592390416,35.39551491797536,0.36813726137508074
cdnow,ValendinLSTM,archive,no_cluster,16,0.14691449128638223,1.684982966624514,-25.12374744954545,38.395514827673914,0.38872456254402366
cdnow,ValendinLSTM,archive,no_cluster,17,0.14786163317178364,1.9037262393155823,-53.86438062964995,53.86438062964994,0.36480519196430566
cdnow,ValendinLSTM,archive,no_cluster,18,0.1479947859736079,1.7961616532133116,-34.812929562703665,45.95066017513049,0.3807967809930764
cdnow,ValendinLSTM,archive,no_cluster,19,0.16397717366711384,2.3191834737625245,204.77651682905932,209.73324518056086,0.4164599970453907
cdnow,ValendinLSTM,archive,kmeans_8,0,0.1507299269924586,1.9620315653672513,5.103430060035745,42.817414255621095,0.4433438569164131
cdnow,ValendinLSTM,archive,kmeans_8,1,0.15015221597775819,2.040087203119874,8.544854793579596,29.72005269787517,0.46862471047710647
cdnow,ValendinLSTM,archive,kmeans_8,2,0.15317926302360188,2.2519314552659453,31.16569906861411,43.15989437446704,0.42557335321022105
cdnow,ValendinLSTM,archive,kmeans_8,3,0.1520097084273263,2.122409448322855,23.518733451914457,38.56200520971439,0.41314558865052226
cdnow,ValendinLSTM,archive,kmeans_8,4,0.1545530159203997,2.280990711316706,40.70686003974681,49.98918193065631,0.43447076310669674
cdnow,ValendinLSTM,archive,kmeans_8,5,0.15948884294366236,2.7576981252014763,48.090765094065056,51.88443266346771,0.4268871545628797
cdnow,ValendinLSTM,archive,kmeans_8,6,0.15126859849605329,2.0697378484959588,20.148284898672728,37.23905010620686,0.39176149163961715
cdnow,ValendinLSTM,archive,kmeans_8,7,0.15680786858653645,2.507021136232648,49.03456453902343,52.17757248813602,0.42821017112418014
cdnow,ValendinLSTM,archive,kmeans_8,8,0.14921304323519172,1.9058551835270388,-3.614775762944911,29.426385283489832,0.46969358100721487
cdnow,ValendinLSTM,archive,kmeans_8,9,0.15291747553437143,2.0233733065870125,27.319260987263853,60.42955130333752,0.32074638812653916
cdnow,ValendinLSTM,archive,kmeans_8,10,0.15272103281539465,2.205359776677279,36.570448403671726,42.239577744431294,0.3829791668629662
cdnow,ValendinLSTM,archive,kmeans_8,11,0.1497490866500385,1.9320831118049746,-0.014511965765692813,32.996569953092184,0.44802443819036947
cdnow,ValendinLSTM,archive,kmeans_8,12,0.15050127922292555,2.0530460947975397,22.96860157141069,32.16015831230692,0.44696085963189064
cdnow,ValendinLSTM,archive,kmeans_8,13,0.21569877581805758,4.234857540612601,259.951450739223,269.3445905967367,0.20859540306396251
cdnow,ValendinLSTM,archive,kmeans_8,14,0.1585221748557578,2.329599849160732,83.85224244780927,96.66332429181534,0.3239425886517255
cdnow,ValendinLSTM,archive,kmeans_8,15,0.1536345899743101,2.2743937954794715,31.009498646723596,41.2675461238422,0.43446941260867994
cdnow,ValendinLSTM,archive,kmeans_8,16,0.15266108083940305,2.03333620006456,30.98258558287224,66.32875983114292,0.39127842943574126
cdnow,ValendinLSTM,archive,kmeans_8,17,0.15416295188433932,2.1751813224537444,46.83166212045964,57.5656991186588,0.3791352601934
cdnow,ValendinLSTM,archive,kmeans_8,18,0.15316017807562785,2.2557271099632423,24.441952465942432,38.22612132159574,0.3948246314253579
cdnow,ValendinLSTM,archive,kmeans_8,19,0.14940084640322301,1.893594257236948,13.08021097146658,36.829023662178045,0.4245373561976117
cdnow,ValendinLSTM,floored,no_cluster,0,0.14752751332536676,1.7375099806651053,-24.344855657579927,41.50791597392888,0.3621201185518915
cdnow,ValendinLSTM,floored,no_cluster,1,0.14761186154402972,1.7706727267972158,-5.0026392658049845,44.09287635143611,0.35963927330275747
cdnow,ValendinLSTM,floored,no_cluster,2,0.14814515842633072,1.8018017805455535,1.0635876003404199,43.20554104935884,0.3843812471833592
cdnow,ValendinLSTM,floored,no_cluster,3,0.1473544243355363,1.7759516151087396,-42.02849669637565,51.96147799742548,0.3897437725760336
cdnow,ValendinLSTM,floored,no_cluster,4,0.15593269797842013,2.0604210794610833,145.6741420414523,151.8999997780001,0.4225860654337644
cdnow,ValendinLSTM,floored,no_cluster,5,0.1479285118124769,1.7353664448358541,31.322690658418463,63.605013247382736,0.3493760978038835
cdnow,ValendinLSTM,floored,no_cluster,6,0.1462600315495914,1.6749486047691307,0.9649068291608245,25.72480208213419,0.43108061251303664
cdnow,ValendinLSTM,floored,no_cluster,7,0.16340197548270122,2.3657559730227136,199.75778329434306,212.30976242016706,0.4068708714043395
cdnow,ValendinLSTM,floored,no_cluster,8,0.14702421758302728,1.7251167829372196,37.032716985408285,45.3968333709482,0.43237480667830586
cdnow,ValendinLSTM,floored,no_cluster,9,0.14728906314484835,1.6716384670438151,29.145909608255458,48.97915542754765,0.4229358070418134
cdnow,ValendinLSTM,floored,no_cluster,10,0.14854171579988767,1.9847792521124672,-50.15224356985729,52.32216430680563,0.23169566159397942
cdnow,ValendinLSTM,floored,no_cluster,11,0.14653080856686482,1.696862146718948,-24.488391205472162,34.23825899684589,0.38515798417310915
cdnow,ValendinLSTM,floored,no_cluster,12,0.14748566918515021,1.7712612784049002,-36.10316697272224,41.693668073058184,0.35860252202971354
cdnow,ValendinLSTM,floored,no_cluster,13,0.14704242413528362,1.7995544702227435,-41.06174213315407,42.675990014285645,0.36926323723017007
cdnow,ValendinLSTM,floored,no_cluster,14,0.1480709206738632,1.8761473715619996,-44.932454571639305,48.9767815686745,0.3199201347297951
cdnow,ValendinLSTM,floored,no_cluster,15,0.14656847295204653,1.673736187453621,21.04327098223153,32.21635848932486,0.4296737269912035
cdnow,ValendinLSTM,floored,no_cluster,16,0.14806537640669332,1.804051358518607,0.9759886699939695,43.67730886220819,0.4102557973034788
cdnow,ValendinLSTM,floored,no_cluster,17,0.14614149690878464,1.6613547280671597,-10.737731536865365,26.76833783544232,0.4267366937101537
cdnow,ValendinLSTM,floored,no_cluster,18,0.14730374753350609,1.8282467099459547,-33.88311428049891,36.755409571674136,0.3774708484094672
cdnow,ValendinLSTM,floored,no_cluster,19,0.14697080945147353,1.7645925991243743,-34.93825927430837,42.46596347722476,0.39266995493523926
cdnow,ValendinLSTM,floored,kmeans_8,0,0.1501961510684541,1.9263301653767686,-4.7327177508643725,31.173878601975847,0.4265280835264973
cdnow,ValendinLSTM,floored,kmeans_8,1,0.15180818022858428,2.047152997978938,10.877572404402494,38.42480205372957,0.39321976684930793
cdnow,ValendinLSTM,floored,kmeans_8,2,0.15776334780014215,2.6389722749109112,58.12216359630498,61.93746702534223,0.4274996881607616
cdnow,ValendinLSTM,floored,kmeans_8,3,0.16138363228286234,2.838330496291541,54.14116073645507,60.4741422548929,0.38259320014532316
cdnow,ValendinLSTM,floored,kmeans_8,4,0.16351088601424543,2.4338185324026447,104.9857517569706,115.38575180503965,0.39455633088879216
cdnow,ValendinLSTM,floored,kmeans_8,5,0.149294769617305,1.950248028743517,0.8321899950189287,23.766754653727475,0.447328695325162
cdnow,ValendinLSTM,floored,kmeans_8,6,0.15583194545167636,2.4073877120085343,44.75540894680802,53.43192609051598,0.4118473960625093
cdnow,ValendinLSTM,floored,kmeans_8,7,0.15368858185307507,2.206895618982026,37.48944584732394,49.818205744480224,0.40783388133205245
cdnow,ValendinLSTM,floored,kmeans_8,8,0.15205573605428313,2.1141599876450075,28.69182040978776,40.61002632185302,0.395911240923717
cdnow,ValendinLSTM,floored,kmeans_8,9,0.15236120991684343,2.2170228890605888,29.802638467814,42.74775717500839,0.3815537885727002
cdnow,ValendinLSTM,floored,kmeans_8,10,0.15006337568964187,1.9129615794099777,0.09208433330054253,37.535356184207195,0.4328382695199093
cdnow,ValendinLSTM,floored,kmeans_8,11,0.15729694842322253,1.9415073089047508,65.08390479094504,88.59525045306273,0.35063617736128355
cdnow,ValendinLSTM,floored,kmeans_8,12,0.15564806844773257,2.2030583045999417,65.79709739244895,71.60659611937743,0.36856180132794136
cdnow,ValendinLSTM,floored,kmeans_8,13,0.14806892414117323,1.8098003006441123,-8.265435419790004,33.01424810643209,0.40010629339096604
cdnow,ValendinLSTM,floored,kmeans_8,14,0.150230372022638,1.9215520250317906,-4.7000000685316285,31.316358836854285,0.43240259480482357
cdnow,ValendinLSTM,floored,kmeans_8,15,0.15343961653122437,2.2995167049327128,42.65857508293002,46.61530333087041,0.4447594228931733
cdnow,ValendinLSTM,floored,kmeans_8,16,0.15361301569455865,2.257596196128171,40.170184667701335,44.985488114981706,0.4084982592931635
cdnow,ValendinLSTM,floored,kmeans_8,17,0.1535097299594592,2.2593957900354575,27.78839039569593,42.69973608107356,0.39924376939311684
cdnow,ValendinLSTM,floored,kmeans_8,18,0.15293834503559195,2.2064504765725217,14.824802002827724,33.9350922847545,0.4286019999191824
cdnow,ValendinLSTM,floored,kmeans_8,19,0.15514619648422565,2.09749747315524,60.111081547209416,72.49683357578623,0.3781375845422859
cdnow,LSTM,archive,no_cluster,0,0.1470652471075107,1.8130820665282328,-33.55171581066802,34.18179493318868,0.3701099194654141
cdnow,LSTM,archive,no_cluster,1,0.14774955786563695,1.874264441341339,-33.59973701066061,34.734829271256714,0.3712814309127549
cdnow,LSTM,archive,no_cluster,2,0.14907393569109836,1.8637536756478492,23.597360925114668,41.1203166199135,0.4137609470084104
cdnow,LSTM,archive,no_cluster,3,0.14809937721322136,1.9382996273827693,-57.978628624604426,57.97862862460443,0.3206161086564707
cdnow,LSTM,archive,no_cluster,4,0.14660390803661477,1.674613063732404,22.279682665827117,32.42321871987736,0.4453741605837939
cdnow,LSTM,archive,no_cluster,5,0.14736377417400776,1.8549341896120275,-43.27862872179421,43.2786287217942,0.37230690312627107
cdnow,LSTM,archive,no_cluster,6,0.15287344822119414,1.9910007666645038,71.82875936860708,114.26411648789583,0.3645116826368021
cdnow,LSTM,archive,no_cluster,7,0.14702691181665528,1.7941907955364533,-31.808180158569893,32.92533048426163,0.3968170778834772
cdnow,LSTM,archive,no_cluster,8,0.14855673034108924,1.8776863285606809,15.141160214432574,40.39656985526542,0.4203618865352024
cdnow,LSTM,archive,no_cluster,9,0.1479447926884456,1.7791137283013359,45.14960357029758,50.359102480683404,0.4439621334420367
cdnow,LSTM,archive,no_cluster,10,0.1474327630192689,1.7881892016707785,-10.395779093349331,23.397889332673852,0.4164527486679336
cdnow,LSTM,archive,no_cluster,11,0.15088412839642135,1.9468758645439612,85.90685966677718,89.2767807052009,0.41779447288290983
cdnow,LSTM,archive,no_cluster,12,0.14825790417116524,1.7509264551637596,25.66094918722027,47.62137205755252,0.43448588725281034
cdnow,LSTM,archive,no_cluster,13,0.15589588555948963,2.1280593395034,113.4013188118727,123.60342992253415,0.22247310876396753
cdnow,LSTM,archive,no_cluster,14,0.16211623719971763,2.5706695267697133,211.96411615257233,222.42269167971438,0.39698386945894326
cdnow,LSTM,archive,no_cluster,15,0.14693867602799227,1.7833435370161297,-30.44168942099306,31.986808071409598,0.40378840723478776
cdnow,LSTM,archive,no_cluster,16,0.1473723031276423,1.8358953984322486,-38.37440712785375,39.431399097641815,0.40117534793990517
cdnow,LSTM,archive,no_cluster,17,0.1477124975020256,1.884836391480788,-33.84459193029268,34.454090559860305,0.34504265066692175
cdnow,LSTM,archive,no_cluster,18,0.14742975246794388,1.8495013438384034,-38.09287680131181,38.40633322516765,0.4170373951324725
cdnow,LSTM,archive,no_cluster,19,0.14638121905793064,1.6897665946938494,3.9960413120467884,21.814511555559,0.3475829796528817
cdnow,LSTM,archive,kmeans_8,0,0.15699626934882294,2.398442902850222,62.94089671411107,69.11028990104279,0.36453421115262546
cdnow,LSTM,archive,kmeans_8,1,0.15889403145361888,2.769610560240454,97.32638509806462,97.32638509806463,0.3958570369817976
cdnow,LSTM,archive,kmeans_8,2,0.15473242920101052,2.4446293412083127,45.200263732370914,47.663060604474204,0.44197196397159805
cdnow,LSTM,archive,kmeans_8,3,0.15282526885169126,2.1393735492463524,65.19102877040325,73.66332431169006,0.39307698102914496
cdnow,LSTM,archive,kmeans_8,4,0.15261228027558568,1.9163734166796174,47.98179414531199,57.94010557632365,0.35732750667340796
cdnow,LSTM,archive,kmeans_8,5,0.16477449997988328,2.549746810578927,130.80105516671298,136.7013190424752,0.3884557493836258
cdnow,LSTM,archive,kmeans_8,6,0.16686114806998892,2.5698600225734283,189.95514483478564,189.9551448347857,0.364026701666305
cdnow,LSTM,archive,kmeans_8,7,0.15128506554094784,2.056174798691598,13.170184636129742,31.538522404748786,0.3920589149637852
cdnow,LSTM,archive,kmeans_8,8,0.16270525480100392,2.568355726994868,129.39604188259042,131.48891788610004,0.3050702706435563
cdnow,LSTM,archive,kmeans_8,9,0.14984607033203007,2.0231899757998715,9.242480195282191,24.048812644590555,0.4236216383079406
cdnow,LSTM,archive,kmeans_8,10,0.15128055952034747,2.070021976774872,28.799472176629493,41.33561994187471,0.4024691055692584
cdnow,LSTM,archive,kmeans_8,11,0.15478321632688738,2.4435798889859,61.09445899936285,61.55250648478911,0.444797637198841
cdnow,LSTM,archive,kmeans_8,12,0.1748227090254321,2.5125251873900925,186.69313950247877,186.69313950247877,0.3902045853734258
cdnow,LSTM,archive,kmeans_8,13,0.16106346182388884,2.474740311283317,92.16226874828567,95.34854848557062,0.40480027492961773
cdnow,LSTM,archive,kmeans_8,14,0.15046049345590023,1.9716692899797443,12.333245246245976,27.94063318589589,0.45068557430840894
cdnow,LSTM,archive,kmeans_8,15,0.14950044182152689,1.968631131893205,2.280474774205228,21.814511870193765,0.3943202539675817
cdnow,LSTM,archive,kmeans_8,16,0.15288512886728609,2.1356316874686665,36.198152930065355,47.397097619619,0.4152120083381236
cdnow,LSTM,archive,kmeans_8,17,0.14994704595077446,2.027752551338933,-5.196306272348472,27.688126692248613,0.4308244381129827
cdnow,LSTM,archive,kmeans_8,18,0.167598097813833,2.879340027650111,182.73139818731224,183.40949847070505,0.40568859695445797
cdnow,LSTM,archive,kmeans_8,19,0.1510379526606662,1.9575770498484324,40.546701583313315,52.11662249526585,0.4002318706692115
cdnow,LSTM,floored,no_cluster,0,0.1469200521496301,1.7450059135612423,5.336938537312949,22.6118732529316,0.39348862882527214
cdnow,LSTM,floored,no_cluster,1,0.15643659471211843,2.2036442762928394,155.18812632640322,160.6255934683796,0.4057888826594014
cdnow,LSTM,floored,no_cluster,2,0.1621006078274655,2.687985268597967,237.04379943840797,240.07229558720502,0.404027026261872
cdnow,LSTM,floored,no_cluster,3,0.17501941126270104,3.3593015958475925,333.4166233947297,334.0614783570248,0.22826171711054793
cdnow,LSTM,floored,no_cluster,4,0.15502155319761535,2.136420722914226,135.25435325539692,147.99261209935844,0.41535063807606554
cdnow,LSTM,floored,no_cluster,5,0.17596107914995646,3.4040676805744385,347.2240113064959,348.19551530399764,0.14959049119643156
cdnow,LSTM,floored,no_cluster,6,0.15891743449995893,2.544655534912953,198.66042197399355,203.73799466383002,-0.04545986038306538
cdnow,LSTM,floored,no_cluster,7,0.15043922418989106,1.9656014936947648,74.05620000352144,77.78601552249162,0.4324491013248693
cdnow,LSTM,floored,no_cluster,8,0.14911175931068144,1.9257701651840269,30.787862210059963,43.899735947210715,0.40457701040038696
cdnow,LSTM,floored,no_cluster,9,0.15620448862906075,2.3036340511923648,188.07123993176918,192.18680732389578,0.43004779616018357
cdnow,LSTM,floored,no_cluster,10,0.15633731505877763,2.2445333916645724,144.33482809409986,149.69947201713393,0.4256552136090372
cdnow,LSTM,floored,no_cluster,11,0.15683218037629054,2.290686144248459,150.24168819714913,154.9377308330328,0.3887094256066674
cdnow,LSTM,floored,no_cluster,12,0.16155339465626153,2.5741443193673414,216.78707125933335,218.70263862789724,0.412520534104942
cdnow,LSTM,floored,no_cluster,13,0.15673126691004258,2.200829883675079,155.6010551224792,160.73984159485946,0.4256207725315409
cdnow,LSTM,floored,no_cluster,14,0.14701647039352567,1.7432986848840124,4.95778287109696,22.59313973546575,0.38464658417622577
cdnow,LSTM,floored,no_cluster,15,0.16592708346060708,2.847806180062653,269.414512080123,273.1063327579549,0.3927664507216544
cdnow,LSTM,floored,no_cluster,16,0.17965645447092043,3.298379313211742,335.9561996661754,341.5535613059466,0.41496769538528283
cdnow,LSTM,floored,no_cluster,17,0.17734550095997845,3.0972624605435723,305.5598940300731,307.4379943639019,0.4135339093348422
cdnow,LSTM,floored,no_cluster,18,0.157393871545145,2.1091001246948964,99.29947193461325,146.8973616689031,0.1598662788454461
cdnow,LSTM,floored,no_cluster,19,0.15409152959459824,2.1781597070177097,126.09182019155242,130.4823216935004,0.4061672820199959
cdnow,LSTM,floored,kmeans_8,0,0.1620849635317437,2.2593636992988464,92.12506578817444,117.67915555052356,0.3768848033254146
cdnow,LSTM,floored,kmeans_8,1,0.16842230376401235,2.7485902967769418,130.49472272577918,130.95804727569924,0.4104625782179161
cdnow,LSTM,floored,kmeans_8,2,0.16090863516374912,2.4442899752796685,116.43878599471525,119.47308678450275,0.34804166166531914
cdnow,LSTM,floored,kmeans_8,3,0.16164983574049996,2.3704710316972797,133.61451140435344,135.3411605184538,0.4099054767545218
cdnow,LSTM,floored,kmeans_8,4,0.15854708913517102,2.1556403724364523,96.34881239128843,99.79630585661577,0.3950226673333495
cdnow,LSTM,floored,kmeans_8,5,0.15247378570079617,2.1371771312259717,35.79234807931452,40.76121359498367,0.43280896031155097
cdnow,LSTM,floored,kmeans_8,6,0.1492647990974957,1.9774491278732762,-5.673087245359656,21.935883979055077,0.3968536736478951
cdnow,LSTM,floored,kmeans_8,7,0.165915843002413,2.713389526481764,70.65382550305881,75.52823189798355,0.3527268346534597
cdnow,LSTM,floored,kmeans_8,8,0.15832353557723874,2.3884598374324706,69.76253272424931,78.2749338391529,0.40237264596652966
cdnow,LSTM,floored,kmeans_8,9,0.15899706088053464,2.292888147769198,76.08812646326014,77.27282305132583,0.39921368693227016
cdnow,LSTM,floored,kmeans_8,10,0.15047366548235575,2.0802772587605696,14.801582985294635,31.37361473047559,0.44352231712770596
cdnow,LSTM,floored,kmeans_8,11,0.16799304999071968,2.6363342825599365,174.21477539474645,174.21477539474645,0.3594891778768703
cdnow,LSTM,floored,kmeans_8,12,0.15332595041934763,2.0296837995311363,48.520844164537785,59.01794180755639,0.41532058574969183
cdnow,LSTM,floored,kmeans_8,13,0.16786215411600316,2.365101089490164,129.09577814547586,131.95751958475057,0.3822880532346536
cdnow,LSTM,floored,kmeans_8,14,0.1661579722459642,2.8266129315360713,132.86015799962033,134.1715036513465,0.4110622113229891
cdnow,LSTM,floored,kmeans_8,15,0.15095168131106107,2.0361500300755404,17.94802101707391,37.627176728817105,0.4526808089011399
cdnow,LSTM,floored,kmeans_8,16,0.15040955405015216,1.989776387812883,23.117678011951817,42.8765170720939,0.45168056841178134
cdnow,LSTM,floored,kmeans_8,17,0.15178919614184425,2.094371108462897,35.84960404527922,41.84802100868366,0.4101361142355423
cdnow,LSTM,floored,kmeans_8,18,0.15867875764548045,2.1572459450424257,96.3662266395592,99.80949845916945,0.39536321148537323
cdnow,LSTM,floored,kmeans_8,19,0.15384878045366,2.3468728903783345,43.459630555333156,45.233773030881245,0.40836223239007746
electronics,ValendinLSTM,archive,no_cluster,0,0.37735945506811513,3.6345532943585424,49.90149957191977,75.42501699900588,0.022908245140119275
electronics,ValendinLSTM,archive,no_cluster,1,0.3769809874557784,3.5759963178258793,32.85241975514401,60.60702107826415,0.0037592524750566527
electronics,ValendinLSTM,archive,no_cluster,2,0.37814290266835004,3.6639930141747286,57.82208580615136,84.0490797288263,0.03663718701650505
electronics,ValendinLSTM,archive,no_cluster,3,0.37741852324530906,3.635162668258432,48.622017638629465,69.36707560845274,-0.01501502528816723
electronics,ValendinLSTM,archive,no_cluster,4,0.37739502723790197,3.6403724997828615,48.91888194399396,73.47784590238892,-0.048730519348905925
electronics,ValendinLSTM,archive,no_cluster,5,0.3775493906478154,3.559514691924969,33.76244018622486,68.01874569573401,0.11341309288867657
electronics,ValendinLSTM,archive,no_cluster,6,0.3764741600886852,3.5578477443574736,28.94410344396833,51.110429392369504,0.0736750258020488
electronics,ValendinLSTM,archive,no_cluster,7,0.37717053859283733,3.595755283596616,40.104635181851265,64.62133600673012,0.037315917429737354
electronics,ValendinLSTM,archive,no_cluster,8,0.3776693755579483,3.613549774435489,44.46898417784766,73.84867072943399,0.03589621500701003
electronics,ValendinLSTM,archive,no_cluster,9,0.3776218826894934,3.6277674884235847,47.78220849359255,72.90422629460876,0.04108590036401302
electronics,ValendinLSTM,archive,no_cluster,10,0.37736754103249737,3.575953650418745,30.906611959619312,64.44921612570688,0.02555811712038079
electronics,ValendinLSTM,archive,no_cluster,11,0.3782697970410821,3.6691865387982086,56.67007486459717,81.42194952714186,0.06424740887230448
electronics,ValendinLSTM,archive,no_cluster,12,0.3774156152265289,3.6652431252680597,53.64485333325112,67.99181996836447,-0.020767072963269424
electronics,ValendinLSTM,archive,no_cluster,13,0.3769559749415727,3.537189819347269,21.332651472649694,56.71029305783867,0.015169518777129217
electronics,ValendinLSTM,archive,no_cluster,14,0.37763403194053397,3.6255418834683946,47.559986255387386,68.80129511774736,0.03654041896161578
electronics,ValendinLSTM,archive,no_cluster,15,0.37716755330337204,3.5860674463226823,34.12269924309576,68.76209952723136,-0.03816027209675677
electronics,ValendinLSTM,archive,no_cluster,16,0.3782192477245672,3.6596905335391843,55.08725279224765,89.52965238858478,0.048650045638676725
electronics,ValendinLSTM,archive,no_cluster,17,0.378121909497975,3.6511210578719817,52.48875242703022,75.8186775003194,0.011537871157866968
electronics,ValendinLSTM,archive,no_cluster,18,0.3773586397733381,3.6288672148315944,45.841172341912376,64.44308102396248,-0.025336705911065294
electronics,ValendinLSTM,archive,no_cluster,19,0.37694629009248043,3.5683344485521835,27.820722377924305,50.30402175392683,0.0027247048157756637
electronics,ValendinLSTM,archive,kmeans_8,0,0.3772728768187362,3.4816004960073013,-10.24505810008407,38.89331967654321,0.3155682834512627
electronics,ValendinLSTM,archive,kmeans_8,1,0.3798753423544289,3.963362933734795,37.41683691026456,54.67041573501819,0.3015709207553001
electronics,ValendinLSTM,archive,kmeans_8,2,0.3802121334927011,4.091204312832155,74.12712997772758,86.61247428192989,0.3198055618934186
electronics,ValendinLSTM,archive,kmeans_8,3,0.37739179479575924,3.4858772655449783,-11.539536570062404,42.47886841239352,0.3268060025851829
electronics,ValendinLSTM,archive,kmeans_8,4,0.37864211509903917,3.882750624031655,32.83094735574868,51.600545220871815,0.2856315109794177
electronics,ValendinLSTM,archive,kmeans_8,5,0.3762602158494532,3.488803824274612,-60.16019117023653,65.53306086820537,0.2805136939131277
electronics,ValendinLSTM,archive,kmeans_8,6,0.37681088308186467,3.4524447253219916,-5.587934853347972,63.66223583141391,0.2933961972404251
electronics,ValendinLSTM,archive,kmeans_8,7,0.3784911737010185,3.841177521419227,23.559645423125943,52.848670724652365,0.33528935731901177
electronics,ValendinLSTM,archive,kmeans_8,8,0.37758770497659616,3.6770833511214907,18.505794046435177,42.86912058955581,0.3157431447653085
electronics,ValendinLSTM,archive,kmeans_8,9,0.3784542541033474,3.8207100872550086,33.91820016795098,53.35855470657923,0.333396845283575
electronics,ValendinLSTM,archive,kmeans_8,10,0.3770994892361188,3.5185562710625766,41.479890716046825,66.53169721025957,0.295261086402041
electronics,ValendinLSTM,archive,kmeans_8,11,0.381599245125196,4.429365392324324,79.57873195987474,88.27539183429212,0.302922666136173
electronics,ValendinLSTM,archive,kmeans_8,12,0.3787411073248735,3.874767873518696,31.852419772797955,53.31186083841863,0.30283343020561543
electronics,ValendinLSTM,archive,kmeans_8,13,0.38428118397565525,4.843505828990632,61.415132552121115,77.86639369909926,0.29106641806381917
electronics,ValendinLSTM,archive,kmeans_8,14,0.3813985637325488,4.279513160760016,85.1789363957661,97.30027248586461,0.3248309003324718
electronics,ValendinLSTM,archive,kmeans_8,15,0.39093955709197103,5.732364599356904,134.11792735838978,137.6557597037894,0.27036351583755713
electronics,ValendinLSTM,archive,kmeans_8,16,0.3817249062636638,4.396680024319274,70.56407607988974,78.48363988991532,0.3311878733160495
electronics,ValendinLSTM,archive,kmeans_8,17,0.37769100656460697,3.594269784943237,4.492160799483254,43.0572597049024,0.3124787086358764
electronics,ValendinLSTM,archive,kmeans_8,18,0.38959725579917936,5.684613582134235,140.8047032473962,144.13121998336743,0.2743920041197159
electronics,ValendinLSTM,archive,kmeans_8,19,0.37656334068751407,3.4968344252255767,-4.878323316642769,44.034423972222875,0.27702174968346127
electronics,ValendinLSTM,floored,no_cluster,0,0.37609179394819103,3.2834199896645315,6.183026342042494,36.41615534917371,0.2498083170821318
electronics,ValendinLSTM,floored,no_cluster,1,0.37673741760220975,3.5136246996013596,21.532719634440173,54.09168368751393,0.0899279402501695
electronics,ValendinLSTM,floored,no_cluster,2,0.37716790312836246,3.517960958176031,24.38139035953695,55.17552821816339,0.12172397513202768
electronics,ValendinLSTM,floored,no_cluster,3,0.37627367983856597,3.4747810251415245,-31.97443798056171,44.89331979668958,0.14494917149363423
electronics,ValendinLSTM,floored,no_cluster,4,0.3764109640706439,3.4919803176408983,14.884798678403646,46.24948867786502,0.07789321922033132
electronics,ValendinLSTM,floored,no_cluster,5,0.37632861356810526,3.503420731591663,-25.731425021026734,42.33742335458284,0.2049537502836524
electronics,ValendinLSTM,floored,no_cluster,6,0.37617548436852605,3.426464176930757,-13.04158175334949,41.88957052418341,0.21608949376680678
electronics,ValendinLSTM,floored,no_cluster,7,0.376205117200391,3.4774461676325683,-11.890252531984316,39.14451257909135,0.16757629795228424
electronics,ValendinLSTM,floored,no_cluster,8,0.37588644492572615,3.3303939308899975,8.220517824720575,40.15848663208295,0.2507009804781816
electronics,ValendinLSTM,floored,no_cluster,9,0.37736843544583254,3.570073937658274,27.51056556028047,61.11179269988643,0.014111039283105531
electronics,ValendinLSTM,floored,no_cluster,10,0.37600704995406053,3.3252580996394943,5.158145615072853,40.99863662854869,0.2789201754714739
electronics,ValendinLSTM,floored,no_cluster,11,0.3761290664172227,3.4475419134394527,-36.036128512994566,46.20449911204985,0.26922119586386084
electronics,ValendinLSTM,floored,no_cluster,12,0.3767147389114036,3.441633930020634,33.817654927581636,56.34185407912553,0.18068276832156274
electronics,ValendinLSTM,floored,no_cluster,13,0.37614781729285784,3.4135372972954277,-22.11077061361803,38.622699463048036,0.17158065137999712
electronics,ValendinLSTM,floored,no_cluster,14,0.3771260377270308,3.5050819417515804,39.83469647383934,62.95603265822049,0.16235595008198445
electronics,ValendinLSTM,floored,no_cluster,15,0.37584017800823827,3.415935723493013,-36.90695331178636,47.00034098469879,0.2302907293581632
electronics,ValendinLSTM,floored,no_cluster,16,0.3756496645805107,3.312790743451959,-16.65439705136511,39.86230406284222,0.25299955396599927
electronics,ValendinLSTM,floored,no_cluster,17,0.37562061710337646,3.283258504507875,-20.281868075460714,40.701090731298095,0.2759654508376015
electronics,ValendinLSTM,floored,no_cluster,18,0.37660423459060194,3.5005736815855513,15.482617399370081,45.72392634789682,0.055093101884951735
electronics,ValendinLSTM,floored,no_cluster,19,0.37636567691878553,3.5215827409504294,-32.96728052475696,45.86298579582472,0.13881521189467055
electronics,ValendinLSTM,floored,kmeans_8,0,0.37720295679272364,3.4863314521269535,3.0620311750650453,41.65167002300664,0.28165209971984345
electronics,ValendinLSTM,floored,kmeans_8,1,0.3801811403750807,4.064509443732109,47.16837070545842,64.36605312269184,0.3118433630666174
electronics,ValendinLSTM,floored,kmeans_8,2,0.3815504813875521,4.269949056386177,64.96080416365785,76.53340135130264,0.2923865038348163
electronics,ValendinLSTM,floored,kmeans_8,3,0.38211324532120033,4.343065214128223,68.26482599337041,81.28459426201746,0.28846757439429627
electronics,ValendinLSTM,floored,kmeans_8,4,0.37589323731988594,3.3241587627211304,-24.171097654260247,41.487389251693905,0.3170376681858238
electronics,ValendinLSTM,floored,kmeans_8,5,0.37970077724726015,3.6692555435065275,25.81390571572895,59.723926222824076,0.327338366734237
electronics,ValendinLSTM,floored,kmeans_8,6,0.387240353341753,5.496134711668137,73.38343539409173,87.34253572284834,0.32887832211512147
electronics,ValendinLSTM,floored,kmeans_8,7,0.37801754128704596,3.694410897682715,44.265848453440306,61.820722427079424,0.3326007098149006
electronics,ValendinLSTM,floored,kmeans_8,8,0.3799007381843389,4.084861347168294,58.214723707913684,73.49284239292352,0.31284155731357455
electronics,ValendinLSTM,floored,kmeans_8,9,0.3762622233985019,3.3506151836306213,-20.376619117762466,41.19665983051124,0.3220740766940335
electronics,ValendinLSTM,floored,kmeans_8,10,0.379499878159479,3.879818066817508,35.90184034819016,53.779141057534034,0.3147766421120946
electronics,ValendinLSTM,floored,kmeans_8,11,0.37950750130851024,3.9195901326892204,43.53749133842009,61.44069518028019,0.31130641315456603
electronics,ValendinLSTM,floored,kmeans_8,12,0.37826136390020926,3.823237518747596,36.05828203194862,56.29072926783627,0.2897238750799959
electronics,ValendinLSTM,floored,kmeans_8,13,0.37749658101366856,3.605764709776763,6.783230940924881,43.63190180043692,0.31650081742095193
electronics,ValendinLSTM,floored,kmeans_8,14,0.37585023237093296,3.321472630356816,-24.00647593902125,41.27641443046345,0.28994221411966364
electronics,ValendinLSTM,floored,kmeans_8,15,0.3788316899970217,3.9201582304176865,40.25664605554524,56.03919549043341,0.28914155577673406
electronics,ValendinLSTM,floored,kmeans_8,16,0.3814643928994409,4.27868801271029,64.73483280421571,76.26244024879557,0.2928048664246285
electronics,ValendinLSTM,floored,kmeans_8,17,0.3766978582947743,3.4679215855879986,-8.275732996758775,38.09236537813683,0.29163747497556414
electronics,ValendinLSTM,floored,kmeans_8,18,0.379601719023448,3.908795403102783,45.35616890640934,58.686775633977604,0.28217566341204653
electronics,ValendinLSTM,floored,kmeans_8,19,0.3808639667283814,4.169672804327309,50.452965076304224,61.983299138304986,0.3074581336743316
electronics,LSTM,archive,no_cluster,0,0.37682724228180714,3.536185620688378,22.323108197144656,53.49147917751038,0.0777386017283209
electronics,LSTM,archive,no_cluster,1,0.376508180889238,3.5335090820041564,-15.532379319806418,49.86434903461804,0.04288616700423939
electronics,LSTM,archive,no_cluster,2,0.376695438931708,3.5317205013199175,16.049079534971483,50.24812535694512,0.02565539395980215
electronics,LSTM,archive,no_cluster,3,0.3773961129073761,3.5971126457445237,40.36434889836421,66.20756650214024,0.039835254126987234
electronics,LSTM,archive,no_cluster,4,0.3779011804929313,3.6608587008404974,55.36537141880058,72.95501018279485,-0.002596669401094055
electronics,LSTM,archive,no_cluster,5,0.37683156917348853,3.5339471613885745,18.052147025713367,52.962167623967645,0.06283841209528504
electronics,LSTM,archive,no_cluster,6,0.37668042037604366,3.5602490211523206,25.471029109394404,56.67961824598991,0.014294328748400744
electronics,LSTM,archive,no_cluster,7,0.3766322076692108,3.5212733212150487,1.1540556354440301,51.58759370667129,0.06410582930502345
electronics,LSTM,archive,no_cluster,8,0.3775754190728514,3.6131955083556946,45.47443752264022,69.05180638276374,0.06463088316522891
electronics,LSTM,archive,no_cluster,9,0.3775474636767284,3.601004298899273,40.5112472924021,65.68098159928451,0.05630587133669739
electronics,LSTM,archive,no_cluster,10,0.3768965049728115,3.543676370452384,15.743012758049195,52.22017719336077,0.023197418704776446
electronics,LSTM,archive,no_cluster,11,0.37682345478067514,3.544755609974066,18.023858013059268,52.41581453232631,0.07018757338666681
electronics,LSTM,archive,no_cluster,12,0.3770406163836745,3.547802276483218,22.688820528027595,55.82924328481578,0.017956005330255577
electronics,LSTM,archive,no_cluster,13,0.3771991615453652,3.579164528636011,36.27232433180549,59.221199666795464,0.02036214646557507
electronics,LSTM,archive,no_cluster,14,0.3768509722309953,3.5669009205736137,24.94444427719731,55.45432849437366,-0.0036887387591265433
electronics,LSTM,archive,no_cluster,15,0.3765575722577307,3.53392825563076,3.7389227492579606,53.21404219045722,-0.04379375914720729
electronics,LSTM,archive,no_cluster,16,0.37637234507257517,3.5318224067040007,-9.3793458945228,46.98329920319923,0.06767232792283397
electronics,LSTM,archive,no_cluster,17,0.3769889723307695,3.5448030906722314,18.195637145626137,51.97682338471543,0.029741656089915285
electronics,LSTM,archive,no_cluster,18,0.37680322997612625,3.5433589488381414,10.591001820514851,50.06134964267946,-0.05781559748089532
electronics,LSTM,archive,no_cluster,19,0.3777895464715403,3.6591371038910316,54.902181214441434,72.29618263439137,0.012410460551362712
electronics,LSTM,archive,kmeans_8,0,0.3762558931790143,3.44872971473803,-12.99761433532725,44.157123395407496,0.31670176087427765
electronics,LSTM,archive,kmeans_8,1,0.37769715766767514,3.60647082103886,41.42331268223169,63.87661884671507,0.3099216625206054
electronics,LSTM,archive,kmeans_8,2,0.37674016305144287,3.5282492227048934,-14.442399718647092,44.625766899045644,0.29691056107360375
electronics,LSTM,archive,kmeans_8,3,0.37592337369251083,3.403444672742,-17.841854297391667,43.93524202723222,0.317802985344811
electronics,LSTM,archive,kmeans_8,4,0.37830691778080583,3.7655405718300328,50.79652328106379,69.38411712236363,0.27062434345742553
electronics,LSTM,archive,kmeans_8,5,0.37679381055929784,3.417219574753706,-0.8861624493550908,42.62235851732387,0.31195003815243805
electronics,LSTM,archive,kmeans_8,6,0.37679840099861345,3.451904933211012,8.599522508980314,51.03442390622655,0.2819078594066833
electronics,LSTM,archive,kmeans_8,7,0.37656926994804574,3.41353839364891,-26.008521064851955,46.96353114582728,0.3187814818638853
electronics,LSTM,archive,kmeans_8,8,0.37688168370517683,3.4852829906839524,9.16768879278585,47.229038739682274,0.30657240005270564
electronics,LSTM,archive,kmeans_8,9,0.3774236938370297,3.7401512425875323,10.26414433607204,43.63224265148483,0.27604627903850515
electronics,LSTM,archive,kmeans_8,10,0.3776587285077923,3.6156162309500948,51.709952110700044,71.66291742097393,0.2940726936216698
electronics,LSTM,archive,kmeans_8,11,0.3799389809525547,4.01314292504099,40.519427079339046,66.1799589658299,0.3125106847931714
electronics,LSTM,archive,kmeans_8,12,0.3777295529331964,3.631285218172236,41.71915455082014,64.1683706975,0.27752267396975566
electronics,LSTM,archive,kmeans_8,13,0.37752570769409066,3.621088370243828,27.210633544569877,56.926380268005374,0.13843386937127358
electronics,LSTM,archive,kmeans_8,14,0.37706654076295926,3.5864463535167417,27.99556900619502,58.414791999086304,0.2589954147433802
electronics,LSTM,archive,kmeans_8,15,0.3755839187186788,3.337528218671981,-27.596114763206767,43.4911384358977,0.29698840480823935
electronics,LSTM,archive,kmeans_8,16,0.37607753697410395,3.322735539845001,5.780504197364594,48.562372217733135,0.3249051358476432
electronics,LSTM,archive,kmeans_8,17,0.37691037935400806,3.4195488692604212,22.458759088566783,57.52079067675579,0.3082625516831886
electronics,LSTM,archive,kmeans_8,18,0.37929926019699,4.144712124850377,69.81629149013155,77.08759352205476,0.28942678038278696
electronics,LSTM,archive,kmeans_8,19,0.37698896695430484,3.486175806173057,21.38207205225228,56.80470346659164,0.2652937264903075
electronics,LSTM,floored,no_cluster,0,0.37685323440664886,3.580791094875413,35.07464197880099,59.077368697802804,0.01296161449870047
electronics,LSTM,floored,no_cluster,1,0.37619349295716803,3.4644823689589646,3.1134966625014693,36.44069523944808,0.17752115414097744
electronics,LSTM,floored,no_cluster,2,0.37657443836128374,3.407402840323535,24.718813710587483,45.84901150253778,0.19852524666905447
electronics,LSTM,floored,no_cluster,3,0.377835913924801,3.7119603371647245,89.05282885022831,91.83605994271193,0.23318246696133146
electronics,LSTM,floored,no_cluster,4,0.37612793931097466,3.4322058547445256,27.584185242721333,45.5869119136321,0.18792585157103237
electronics,LSTM,floored,no_cluster,5,0.3769388420519735,3.5451196246592556,51.40695286039873,60.53987723262875,0.2235317550705913
electronics,LSTM,floored,no_cluster,6,0.3759297735604491,3.4331998031845545,-8.032379328795871,36.22256301987177,0.19447091959858798
electronics,LSTM,floored,no_cluster,7,0.3767500386980037,3.4595768327670626,57.550442991644815,67.28732096400779,0.2685701699310228
electronics,LSTM,floored,no_cluster,8,0.37677967404088547,3.5145008457400877,45.0398771768408,58.019427310461964,0.19521793393768674
electronics,LSTM,floored,no_cluster,9,0.37606780482398816,3.374687833464383,-8.239264113748703,39.05044308404584,0.26707236484916375
electronics,LSTM,floored,no_cluster,10,0.3768117842156557,3.4609359192836493,37.458077517935365,53.250170279365264,0.21295676869361585
electronics,LSTM,floored,no_cluster,11,0.3761469176675571,3.403624204184872,-10.742331619216532,33.93728697206509,0.25849019800793616
electronics,LSTM,floored,no_cluster,12,0.37625254382945245,3.374919669655431,22.904226113169035,46.006475659703014,0.2645400297366865
electronics,LSTM,floored,no_cluster,13,0.3764430771954157,3.484031614735436,18.242671918669778,38.20654387600414,0.13349840304792532
electronics,LSTM,floored,no_cluster,14,0.37723922093379253,3.5746314805847557,33.29516001002521,62.06475788423936,0.03956682294714402
electronics,LSTM,floored,no_cluster,15,0.37707951761514574,3.6141562574507797,69.0034083079294,75.50102246648429,0.154461584114389
electronics,LSTM,floored,no_cluster,16,0.3762338513488896,3.4146815408214093,24.513633083171076,45.82719828155145,0.21479303602959743
electronics,LSTM,floored,no_cluster,17,0.37746931193383304,3.5982393541624065,39.532719650600875,63.13053839252751,0.03451915567219834
electronics,LSTM,floored,no_cluster,18,0.37646486414225766,3.4587979155153,-0.3029995839142895,38.572256270308486,0.14111668357379367
electronics,LSTM,floored,no_cluster,19,0.3758120325661668,3.315007200794837,-4.719836675786221,37.961826847336724,0.2243630084586575
electronics,LSTM,floored,kmeans_8,0,0.37611916369102955,3.3932284660471463,-24.744035623111966,42.52522155361908,0.3079097184576951
electronics,LSTM,floored,kmeans_8,1,0.3764474246678557,3.509638633115919,-21.1567827999395,45.0156782748687,0.23381689992301136
electronics,LSTM,floored,kmeans_8,2,0.380484359101337,4.399051011777654,71.02147212535151,78.87286959519447,0.30364504041480567
electronics,LSTM,floored,kmeans_8,3,0.3781116931094778,3.7061725860460264,11.883435433574217,36.41922284487757,0.3201674211752285
electronics,LSTM,floored,kmeans_8,4,0.37591031139786163,3.42206051846253,-21.67416511937711,41.19904569255591,0.31377431346624696
electronics,LSTM,floored,kmeans_8,5,0.3793294768946674,4.066053566455407,32.97137000262169,52.226993799699635,0.31104875729877035
electronics,LSTM,floored,kmeans_8,6,0.3757170775586522,3.396883354369884,-9.513292584984816,39.89434216860949,0.30074402550494106
electronics,LSTM,floored,kmeans_8,7,0.37592825479244757,3.4030423743816955,-13.29516042798423,40.23381055770132,0.3373906688743532
electronics,LSTM,floored,kmeans_8,8,0.3793198648916894,4.219150205249617,61.79209254058631,72.30606667510776,0.3060969120670168
electronics,LSTM,floored,kmeans_8,9,0.37638852071143164,3.4464070075378412,-5.014655891496174,37.110088635032874,0.3198188539431879
electronics,LSTM,floored,kmeans_8,10,0.3764017621076176,3.4241961917495796,-7.225289886046723,37.65473753136431,0.30065642547038035
electronics,LSTM,floored,kmeans_8,11,0.37666114097237546,3.46204609311144,-2.933197147286023,38.296523529860984,0.31965973653398655
electronics,LSTM,floored,kmeans_8,12,0.38422030831869297,4.9658637934863465,78.19870468178256,86.93217436256721,0.2963874245994761
electronics,LSTM,floored,kmeans_8,13,0.37742014666483786,3.6717039022398756,8.746421089917602,49.18200402687558,0.284186800200649
electronics,LSTM,floored,kmeans_8,14,0.37585145673910375,3.402787015285257,-24.400818156270276,42.76618954402427,0.28664653581862687
electronics,LSTM,floored,kmeans_8,15,0.37586912135080097,3.4033116772732,-10.383435763893633,40.386843932291015,0.3060841487253907
electronics,LSTM,floored,kmeans_8,16,0.3827103825873874,4.790799369919681,83.00340804763395,93.51124726108887,0.29860662061085863
electronics,LSTM,floored,kmeans_8,17,0.3785427920546757,3.8642605042893257,36.79175172635962,55.30708925360484,0.3132418582445384
electronics,LSTM,floored,kmeans_8,18,0.3787782415588918,3.851512798200949,31.34287643952928,46.85412392829014,0.317850658029898
electronics,LSTM,floored,kmeans_8,19,0.3804894971576915,4.241773723058301,67.14076313597089,80.27436926030246,0.2622299653272734
gift,ValendinLSTM,archive,no_cluster,0,0.10679811146332562,1.180579171870093,-11.244765575000498,28.094677478205213,0.252318517235447
gift,ValendinLSTM,archive,no_cluster,1,0.10644800587300433,1.1400046537610853,-24.61998349642442,27.96466031995995,0.35476065476167484
gift,ValendinLSTM,archive,no_cluster,2,0.10649579153825425,1.1638566374148722,-30.822863102522057,32.49912815319692,0.366286001408852
gift,ValendinLSTM,archive,no_cluster,3,0.1066816137584415,1.1628972787854444,-14.049302999509345,28.74912795843175,0.29753367498883687
gift,ValendinLSTM,archive,no_cluster,4,0.10683686634020632,1.1445990534909105,28.77966709187878,41.802355219133496,0.3498921314020046
gift,ValendinLSTM,archive,no_cluster,5,0.10670370289288593,1.1402963802593675,24.4917089541325,32.03882996381326,0.381235213883306
gift,ValendinLSTM,archive,no_cluster,6,0.10640673963333455,1.1241749210384635,2.3027911623788433,24.311518479532,0.38382869107217604
gift,ValendinLSTM,archive,no_cluster,7,0.10664889888396999,1.1838738330807104,-32.0122173802857,33.11343882614898,0.3185745743745719
gift,ValendinLSTM,archive,no_cluster,8,0.10642320949224147,1.1459384597034672,-20.05759264987797,26.46771435955823,0.349570128643214
gift,ValendinLSTM,archive,no_cluster,9,0.10670295887187412,1.203974233762429,-46.41448596555838,46.414485965558384,0.3254609712408272
gift,ValendinLSTM,archive,no_cluster,10,0.10650773706419861,1.1371776466504524,-0.6575054463888055,25.183682574485918,0.37151957412368797
gift,ValendinLSTM,archive,no_cluster,11,0.10636483484563482,1.125836917681988,5.50916119906059,28.73516582215879,0.37740773360487745
gift,ValendinLSTM,archive,no_cluster,12,0.10665562017241385,1.1924094887672738,-50.7683253920207,51.29188556129875,0.3498359268172662
gift,ValendinLSTM,archive,no_cluster,13,0.10676252230215291,1.1564278826197596,15.53446633463268,32.79101174791206,0.37159237173446963
gift,ValendinLSTM,archive,no_cluster,14,0.10668615849406002,1.1904495289710613,-39.342060235994175,39.40925044251443,0.3429793080531768
gift,ValendinLSTM,archive,no_cluster,15,0.10659010208247317,1.1707269548929744,-33.43979148454293,35.02705137116992,0.35180848428059935
gift,ValendinLSTM,archive,no_cluster,16,0.1065368897706795,1.1260323583966059,8.24040014208946,25.033594781197912,0.3634863615587625
gift,ValendinLSTM,archive,no_cluster,17,0.10665849481665976,1.1720194114059423,-30.13045476565923,32.103403857348745,0.3269394434682641
gift,ValendinLSTM,archive,no_cluster,18,0.10666306457468624,1.1564972916393794,-6.82199068349654,24.91623056576276,0.36995015886731064
gift,ValendinLSTM,archive,no_cluster,19,0.10653002639873091,1.1409580490807603,-11.348604897109158,29.01614350104238,0.37169975750551165
gift,ValendinLSTM,archive,kmeans_8,0,0.106948707347313,1.1837465896143005,-14.416230896189006,28.58638778795384,0.3461552226791826
gift,ValendinLSTM,archive,kmeans_8,1,0.1070874328869841,1.1987167340437046,21.555409510416492,36.329406483446604,0.3753284039964099
gift,ValendinLSTM,archive,kmeans_8,2,0.10673748443489393,1.1634386218450874,-7.58900587986632,28.955497650306167,0.34638323627999024
gift,ValendinLSTM,archive,kmeans_8,3,0.10698169014151696,1.1818837552525674,11.403576960708843,29.01265261228309,0.3642275580090712
gift,ValendinLSTM,archive,kmeans_8,4,0.10748462898619246,1.2591264637364126,37.75959785436009,50.15575877190864,0.3718902935153371
gift,ValendinLSTM,archive,kmeans_8,5,0.1066979887444728,1.1515938907518901,-7.496946571349609,23.243892069233212,0.37203633459021723
gift,ValendinLSTM,archive,kmeans_8,6,0.10693685140843491,1.178331965362788,1.580278559085347,23.1823736464485,0.34240076270855596
gift,ValendinLSTM,archive,kmeans_8,7,0.10893768360508474,1.1633224382742493,1.0484287121133737,40.12609100624291,0.3387025484198815
gift,ValendinLSTM,archive,kmeans_8,8,0.10691563912613136,1.1655157394556677,5.881325737776077,28.142233992346565,0.37978403507047315
gift,ValendinLSTM,archive,kmeans_8,9,0.10760826902092362,1.2368101483045508,20.986910427011672,34.21902244514001,0.3684530239717185
gift,ValendinLSTM,archive,kmeans_8,10,0.10683088977726765,1.1539295978799347,-2.511344731332362,40.51919709525373,0.32727149594755484
gift,ValendinLSTM,archive,kmeans_8,11,0.10705114384899057,1.1843594568016846,5.849912011651021,28.42757404850137,0.380729964013814
gift,ValendinLSTM,archive,kmeans_8,12,0.10689616539800088,1.1713950205509216,-3.954625340344632,28.640488819601178,0.34445764272024976
gift,ValendinLSTM,archive,kmeans_8,13,0.1070746309428867,1.1886325876889983,20.769632693597515,38.8708548242449,0.380582977257247
gift,ValendinLSTM,archive,kmeans_8,14,0.10697532716677241,1.1709812617027318,-33.69459037150542,36.28883110668146,0.3634094269368161
gift,ValendinLSTM,archive,kmeans_8,15,0.10676637678280845,1.1771309324649848,-9.266580018600365,21.560645884920437,0.3271302220803993
gift,ValendinLSTM,archive,kmeans_8,16,0.10702462239719723,1.1921338165998656,23.301482652955663,39.71247783265534,0.36395332349896276
gift,ValendinLSTM,archive,kmeans_8,17,0.10680365762575247,1.1481288175697593,-8.951134986307808,28.345550067258078,0.37219603330085743
gift,ValendinLSTM,archive,kmeans_8,18,0.10675337799779401,1.1634413680098954,-12.328534627115765,24.202879742243077,0.37097528226172566
gift,ValendinLSTM,archive,kmeans_8,19,0.10681947477146032,1.1779596828700771,-12.921466538113958,26.550611110166933,0.33623942226390585
gift,ValendinLSTM,floored,no_cluster,0,0.10682812453009909,1.173307178085026,-4.046248953243873,31.650960216068047,0.23304237265466737
gift,ValendinLSTM,floored,no_cluster,1,0.10658775167983717,1.1607126349171943,-22.352967845247207,30.573735228800057,0.34239626531363426
gift,ValendinLSTM,floored,no_cluster,2,0.10685936739926766,1.1924368742802816,-4.808029183877918,23.26614349994361,0.18906513862047014
gift,ValendinLSTM,floored,no_cluster,3,0.10711858923574355,1.2278128247087605,7.921028250411702,29.622600007441296,0.04175109187303634
gift,ValendinLSTM,floored,no_cluster,4,0.10656998033847542,1.134000583229465,-0.23734845053683704,27.425829233621293,0.32551422020172094
gift,ValendinLSTM,floored,no_cluster,5,0.10662848538860735,1.1384955854857035,12.216839946588099,30.95244295158805,0.3720914104482245
gift,ValendinLSTM,floored,no_cluster,6,0.10665574258576045,1.1370567793328943,13.437607799563489,32.313699385941014,0.35483280737208234
gift,ValendinLSTM,floored,no_cluster,7,0.10655055613409356,1.1418651739942425,-15.066754917027879,30.573735042779255,0.35362103517546817
gift,ValendinLSTM,floored,no_cluster,8,0.10661106857210137,1.1562421783539347,2.7844665491587506,28.925829028944786,0.36745944554262405
gift,ValendinLSTM,floored,no_cluster,9,0.1066076054332589,1.152036452017961,-16.65314241795221,27.085078894006475,0.3254047803460928
gift,ValendinLSTM,floored,no_cluster,10,0.10661526422284225,1.163999099083057,-13.553666093031275,23.36256587138359,0.2692295037216049
gift,ValendinLSTM,floored,no_cluster,11,0.10697431912505988,1.237008154762623,-23.945463712800702,29.37216469619848,0.02340878077450947
gift,ValendinLSTM,floored,no_cluster,12,0.10658440262003728,1.14409256875235,-0.8965979739021058,30.366928529491716,0.3417803322446601
gift,ValendinLSTM,floored,no_cluster,13,0.10653609206732044,1.159306145882106,-31.687610069075713,33.72164130979702,0.3712484564807482
gift,ValendinLSTM,floored,no_cluster,14,0.10683326319755018,1.1736056334346299,-3.7465107432989457,31.012653052257633,0.26132372748835225
gift,ValendinLSTM,floored,no_cluster,15,0.10680480371646049,1.1952344456054675,-17.164922607364264,25.831588797180522,0.21627451656991956
gift,ValendinLSTM,floored,no_cluster,16,0.10665860958687108,1.1663746617167747,-17.081152952648868,25.029669015832773,0.30847583937614703
gift,ValendinLSTM,floored,no_cluster,17,0.10670024275733246,1.196629542816785,-31.64048967509209,32.99476516678526,0.3176300731856376
gift,ValendinLSTM,floored,no_cluster,18,0.10656922882243296,1.1703951869407259,-28.11300272738077,29.80235670969559,0.3540950815749776
gift,ValendinLSTM,floored,no_cluster,19,0.10681794358426795,1.2025310112997465,-17.365184433297188,24.128709250434007,0.22233250381968084
gift,ValendinLSTM,floored,kmeans_8,0,0.10690426261867898,1.1747848048547276,-13.543194261530955,26.263089303210187,0.35507645955260514
gift,ValendinLSTM,floored,kmeans_8,1,0.10715580954391968,1.1971871068882443,17.606020330761552,38.65488652671384,0.3673840779583447
gift,ValendinLSTM,floored,kmeans_8,2,0.10690198127725838,1.2083473962368236,12.681936591791839,27.088568699797957,0.36917402363565616
gift,ValendinLSTM,floored,kmeans_8,3,0.10688500931951671,1.1720545296197917,-16.487347853514905,30.36431089363819,0.35959082331788966
gift,ValendinLSTM,floored,kmeans_8,4,0.10669536866292133,1.1578249941427807,-16.839878477504264,26.825916532989563,0.3510350332206083
gift,ValendinLSTM,floored,kmeans_8,5,0.10692773509881141,1.153175495797833,-5.1832467920587275,33.43280998723391,0.3490131732815329
gift,ValendinLSTM,floored,kmeans_8,6,0.10665777234187063,1.1557701363831192,-21.317627105982485,27.73909281222506,0.3769392473810445
gift,ValendinLSTM,floored,kmeans_8,7,0.1071803918442247,1.2004031653491336,14.848603116409832,34.068498813447924,0.34988983077811225
gift,ValendinLSTM,floored,kmeans_8,8,0.10654110694391401,1.1495037880574053,-13.933246697008524,26.25785353292847,0.36471504507978786
gift,ValendinLSTM,floored,kmeans_8,9,0.10697544922146324,1.173059213555697,-1.1178016930782526,22.930192152269093,0.3729884005345293
gift,ValendinLSTM,floored,kmeans_8,10,0.10658535747409124,1.1484890340115912,-13.954625445797074,26.992146811410763,0.3702112939026795
gift,ValendinLSTM,floored,kmeans_8,11,0.10654271433448928,1.1342829848209166,-8.035777304419366,31.386562158722658,0.37549399504056613
gift,ValendinLSTM,floored,kmeans_8,12,0.10694148993330212,1.204270946190239,9.713350252018936,27.050174432717217,0.37372206039217176
gift,ValendinLSTM,floored,kmeans_8,13,0.1067197314799868,1.172419308661027,-19.607766681996285,27.380890265045487,0.37831059928115385
gift,ValendinLSTM,floored,kmeans_8,14,0.10689093704927151,1.1592204057638358,-8.047121089036642,29.636998505967167,0.33698327789166266
gift,ValendinLSTM,floored,kmeans_8,15,0.1068363665739371,1.1671233657267255,-0.2412746404422725,24.944589890289333,0.3603031737396657
gift,ValendinLSTM,floored,kmeans_8,16,0.10670331176828834,1.157706911747802,-9.523997104923637,22.509162381037875,0.37980294085862915
gift,ValendinLSTM,floored,kmeans_8,17,0.10761661815315235,1.2318837785210417,27.08333267807526,38.61474661102881,0.365714178148146
gift,ValendinLSTM,floored,kmeans_8,18,0.10675733328037777,1.1569946842669963,-16.80061143691343,26.923647748686832,0.35449401268196584
gift,ValendinLSTM,floored,kmeans_8,19,0.10659406998006304,1.154152216118882,-24.664922137411807,30.16143140430215,0.3506397642563637
gift,LSTM,archive,no_cluster,0,0.10644546614915446,1.1344379738159651,-14.376091812762152,23.023560690168782,0.36288188206662064
gift,LSTM,archive,no_cluster,1,0.10653810439975156,1.1567249137518774,-15.988221086146106,24.816318029086137,0.3593091047718183
gift,LSTM,archive,no_cluster,2,0.10651279597089632,1.1667464376696808,-23.633072611244067,28.796248490976108,0.34560396910534746
gift,LSTM,archive,no_cluster,3,0.10655404957945137,1.1580303594241317,-21.751310007101058,28.356021583441407,0.34436692466434055
gift,LSTM,archive,no_cluster,4,0.10655193251952698,1.1681512499627538,-32.680192875902215,34.63656266275211,0.3292799566380855
gift,LSTM,archive,no_cluster,5,0.10647890372784176,1.160857635033905,-30.330716455875855,32.20506182735267,0.3760079117714912
gift,LSTM,archive,no_cluster,6,0.10689575970425093,1.2211959588383452,-18.688482889275473,24.82373522420685,0.25408785517321864
gift,LSTM,archive,no_cluster,7,0.10679148320392332,1.1860099112729765,-10.651397333849907,28.155759621873354,0.33437862914335376
gift,LSTM,archive,no_cluster,8,0.10668043903244825,1.1787276047086026,-28.821117902438374,32.47993086931212,0.2779101522695268
gift,LSTM,archive,no_cluster,9,0.10646361086262429,1.155009201796232,-24.015271546966492,26.876527785176,0.35961519901404004
gift,LSTM,archive,no_cluster,10,0.10656823553778118,1.173106659450309,-40.6845558455046,41.25872677668355,0.3474363648794863
gift,LSTM,archive,no_cluster,11,0.10673142148010387,1.201564759483116,-36.00567288877227,37.24825565384687,0.23790401983424372
gift,LSTM,archive,no_cluster,12,0.10666524282491295,1.1910126657316336,-45.195899640875155,45.91754004253635,0.33199424414414574
gift,LSTM,archive,no_cluster,13,0.10698223171239415,1.22745575248791,-6.338570286710566,22.6605587119618,0.10380138506242782
gift,LSTM,archive,no_cluster,14,0.10674879572449027,1.1948356034070238,-23.101659115553936,26.62609152196832,0.3625204864216642
gift,LSTM,archive,no_cluster,15,0.10648040037411918,1.148606064206521,-11.185428602816467,21.256108412415163,0.3539031637163345
gift,LSTM,archive,no_cluster,16,0.10653139101192877,1.1510148925172174,-15.879582269052728,23.856893968061588,0.351275972514091
gift,LSTM,archive,no_cluster,17,0.10646262864140013,1.1505509065152666,-30.11431159747461,32.5471211286561,0.37557512818957894
gift,LSTM,archive,no_cluster,18,0.10683931273321327,1.1729185640047517,30.858201049852813,38.1313255934422,0.3557843083043458
gift,LSTM,archive,no_cluster,19,0.10655906143243618,1.1718325718491498,-30.10951238180547,32.84598681823846,0.3631600244044609
gift,LSTM,archive,kmeans_8,0,0.10668645899662417,1.1504013918560694,-7.431501525342373,24.369546478406246,0.3796988652392401
gift,LSTM,archive,kmeans_8,1,0.10679814640044548,1.1667361597883277,-24.229930684029192,32.77181533049891,0.3733941014026022
gift,LSTM,archive,kmeans_8,2,0.10676326481857681,1.1783901240551482,-6.597295524487729,20.62696338481685,0.3433206551010498
gift,LSTM,archive,kmeans_8,3,0.10684486658214214,1.169436261627605,1.3957235697218302,29.29973815686439,0.3345511349866937
gift,LSTM,archive,kmeans_8,4,0.10665805651837051,1.1392709029661812,-4.544503327108379,35.12478180336934,0.37593342215147757
gift,LSTM,archive,kmeans_8,5,0.10666666253771566,1.160167175929084,-18.774869681919764,29.121291801743173,0.3496460041435045
gift,LSTM,archive,kmeans_8,6,0.10680658613418921,1.180411342308699,-5.131326950062792,23.032722675386225,0.3450057647678122
gift,LSTM,archive,kmeans_8,7,0.10668260272245074,1.1629000255713215,-12.950262381576838,28.164049005623568,0.3664411462372718
gift,LSTM,archive,kmeans_8,8,0.10684322774215772,1.186467193201371,-5.58333393344019,30.53970342172056,0.34217327952941534
gift,LSTM,archive,kmeans_8,9,0.10724619826765125,1.1899436919209747,-7.154887015517083,27.294502848105985,0.3488408185145813
gift,LSTM,archive,kmeans_8,10,0.10686908297368178,1.178379213363979,-5.705061697289235,25.253054244447075,0.34159043674311496
gift,LSTM,archive,kmeans_8,11,0.10689638024534918,1.1655251694837887,-6.115620129093493,31.78490425515312,0.3691837861183398
gift,LSTM,archive,kmeans_8,12,0.10667911566407906,1.1691788184317784,-11.189791233397768,26.921902509263283,0.34629281203049433
gift,LSTM,archive,kmeans_8,13,0.10715111392311347,1.2093338242776561,0.1583766036162714,40.42452009716582,0.35028768909271546
gift,LSTM,archive,kmeans_8,14,0.10669704036370373,1.1564544600169184,-11.424520747317075,25.486474966932775,0.3433476103477736
gift,LSTM,archive,kmeans_8,15,0.10680046596670117,1.15675856312667,-16.040140313355103,29.65357795806313,0.3499452560459149
gift,LSTM,archive,kmeans_8,16,0.1069265968655197,1.1774587640702747,3.338568304123869,26.57242595262009,0.35884573457919167
gift,LSTM,archive,kmeans_8,17,0.10666471821350822,1.1448838939922288,-31.615620060461673,44.02137895343908,0.36879606422012096
gift,LSTM,archive,kmeans_8,18,0.10669847932084496,1.1534624218058873,-9.486039100055873,25.434555256346023,0.37208993613442454
gift,LSTM,archive,kmeans_8,19,0.1066084452679705,1.1505847151847566,-20.82155390194022,29.280541319136912,0.3619622354768861
gift,LSTM,floored,no_cluster,0,0.10659952067309991,1.1610015146788741,-24.76090844419959,29.944154182059187,0.2891787595796518
gift,LSTM,floored,no_cluster,1,0.10660905434371772,1.150447968254477,7.806281585011759,29.594240708188803,0.36447903871511256
gift,LSTM,floored,no_cluster,2,0.10654145162627998,1.1613899858366514,-24.14747047844354,28.941536533531234,0.26861418249187546
gift,LSTM,floored,no_cluster,3,0.10655693024775144,1.154439240920218,-35.069372599382525,35.98909327666106,0.28813594557212846
gift,LSTM,floored,no_cluster,4,0.10655273667592477,1.1536909214028512,-21.43455603010482,28.83507904700673,0.3350415437062316
gift,LSTM,floored,no_cluster,5,0.1066002501130293,1.1582777776594966,-28.711606499968603,33.4733863805715,0.35753226001605465
gift,LSTM,floored,no_cluster,6,0.10670405577700348,1.1660554366944842,-4.497383444133343,27.08202471093564,0.19977417367626102
gift,LSTM,floored,no_cluster,7,0.10664690832288563,1.169242592129271,-24.54755779601241,34.66623095579368,0.31894073128006784
gift,LSTM,floored,no_cluster,8,0.1064818378773856,1.1505786826908877,-4.290577139458903,23.646596964955844,0.35281816515288805
gift,LSTM,floored,no_cluster,9,0.10671175244619549,1.1715635776516253,-16.259599741903152,28.829407108863332,0.24951939889109997
gift,LSTM,floored,no_cluster,10,0.10651911761806952,1.135365892826864,-2.4864757927643253,28.147033471809298,0.3493745524366021
gift,LSTM,floored,no_cluster,11,0.10652110290989056,1.1565343556864784,-15.362566464985782,26.59293254179156,0.3326341559676724
gift,LSTM,floored,no_cluster,12,0.10667925444695334,1.164731916602561,-12.726004577744565,31.401396660137664,0.31660859670153596
gift,LSTM,floored,no_cluster,13,0.10694685425292588,1.2248643708763305,-16.206807489092974,25.90401450701953,0.14061288368120559
gift,LSTM,floored,no_cluster,14,0.10702809383482127,1.2345946141154864,-12.87521940378127,23.33158862697437,0.02095797034619272
gift,LSTM,floored,no_cluster,15,0.10684765321535775,1.2258940266374112,-47.24825568786537,48.04319451135634,0.15865299907051464
gift,LSTM,floored,no_cluster,16,0.10660898435917185,1.1606675357252254,-19.03228730476962,28.000000464757807,0.2741267922677669
gift,LSTM,floored,no_cluster,17,0.10678059567651234,1.1849991515696519,-22.02966954619275,29.065445593004277,0.2997061541260784
gift,LSTM,floored,no_cluster,18,0.10658954866582675,1.1543357422869813,-20.981676435020532,28.568063412807874,0.3359181926118844
gift,LSTM,floored,no_cluster,19,0.10699844193406138,1.2328075341697795,-9.189791852335821,27.45942437450821,0.014402519294085607
gift,LSTM,floored,kmeans_8,0,0.10679801650689774,1.1412930204812648,-20.424084576338032,46.589878024322175,0.37009892784082576
gift,LSTM,floored,kmeans_8,1,0.10665785650246168,1.163682858783163,-16.443717898719967,28.69502649257333,0.3310721374102124
gift,LSTM,floored,kmeans_8,2,0.10713777117561299,1.2046058044051566,12.842931217281198,46.81849905873203,0.34421169342515395
gift,LSTM,floored,kmeans_8,3,0.10678557615759646,1.1722453316150525,-26.367365318817246,30.179756078918068,0.34305043307200983
gift,LSTM,floored,kmeans_8,4,0.10723391101203109,1.2007436765198582,24.79842856256532,35.753053854045575,0.364450945732863
gift,LSTM,floored,kmeans_8,5,0.10701722711032458,1.1811449297391214,2.5366486040433895,28.95113441225201,0.3721644769763048
gift,LSTM,floored,kmeans_8,6,0.1066468274273842,1.1541838611361677,-6.938482285355618,25.785776814055858,0.36634433715929166
gift,LSTM,floored,kmeans_8,7,0.10670872191569708,1.1596320518664647,-1.358203082158829,22.573734868324397,0.3661779441112998
gift,LSTM,floored,kmeans_8,8,0.1069799673038872,1.1798211858615402,-3.2958121724872016,27.35078547322187,0.33673371911587263
gift,LSTM,floored,kmeans_8,9,0.10668424183972729,1.159102883713003,-4.966841911959143,22.622164143948318,0.3656726823063612
gift,LSTM,floored,kmeans_8,10,0.10706289022087224,1.1914222656025801,9.09118604672351,40.693280767863875,0.35036423599579974
gift,LSTM,floored,kmeans_8,11,0.10674474730054825,1.1673160227282466,-14.280977917520078,25.117801281950324,0.369136287947292
gift,LSTM,floored,kmeans_8,12,0.10667886104214314,1.153384573684259,-19.077662051042886,26.529668759470265,0.3718581030548595
gift,LSTM,floored,kmeans_8,13,0.10664831079677488,1.14603071344186,-11.487784202862626,23.53577688108834,0.37764868419748876
gift,LSTM,floored,kmeans_8,14,0.10695970636429106,1.1858097649206993,0.578969629663156,37.437608944785204,0.3482832811801668
gift,LSTM,floored,kmeans_8,15,0.10671410558762862,1.1493054187315992,-7.28228694131958,26.95157089673744,0.3642134897883043
gift,LSTM,floored,kmeans_8,16,0.10721181804283272,1.2012779422668696,12.595112712315558,47.12827213362086,0.34481721938573207
gift,LSTM,floored,kmeans_8,17,0.10665931786133315,1.1460749022939212,-4.905759872719443,27.484293335749697,0.36744398220587626
gift,LSTM,floored,kmeans_8,18,0.10689737375978504,1.168009800994,3.6413605232276165,27.16753938077687,0.35523003122572594
gift,LSTM,floored,kmeans_8,19,0.10687454364206636,1.1683663059957758,-0.6404892646305661,34.269633501472306,0.3747557595608615
multichannel,ValendinLSTM,archive,no_cluster,0,0.05717945146135421,0.5660412443266318,99.93201331357821,113.91885602119494,-0.016173724241729217
multichannel,ValendinLSTM,archive,no_cluster,1,0.05706566729121589,0.5448228481428155,39.392540856312,73.29605093813959,-0.002215198449475313
multichannel,ValendinLSTM,archive,no_cluster,2,0.05715226268236703,0.5526116492267499,70.39034740688739,110.19736599961294,0.01475485689939119
multichannel,ValendinLSTM,archive,no_cluster,3,0.057030529929935896,0.5473270860870135,49.7543827589716,81.11403277878978,0.022364874436047257
multichannel,ValendinLSTM,archive,no_cluster,4,0.057034732766961985,0.5461117905232096,40.55701458148443,75.8859634370814,-0.017960398736818605
multichannel,ValendinLSTM,archive,no_cluster,5,0.05712796629704409,0.5520066967303571,64.43640008944399,86.70394544554952,-0.032816897381288235
multichannel,ValendinLSTM,archive,no_cluster,6,0.05694995176693059,0.5404341091264,4.269734553566651,64.58991146237928,0.015078081379922626
multichannel,ValendinLSTM,archive,no_cluster,7,0.057046681197871194,0.5440369418635697,36.12499708930501,69.71710391522305,0.018118093148812887
multichannel,ValendinLSTM,archive,no_cluster,8,0.057046545944877555,0.5475565608286668,54.4956106904943,81.46929581437075,-0.004850186857982392
multichannel,ValendinLSTM,archive,no_cluster,9,0.05721842898675121,0.5576976871333487,83.11403148211048,104.37280453880327,0.0038760094532459487
multichannel,ValendinLSTM,archive,no_cluster,10,0.056948169414183125,0.542082471380615,0.16008554140737766,63.14254320847467,-0.06729092641312391
multichannel,ValendinLSTM,archive,no_cluster,11,0.05723596814787102,0.5676271698667165,101.7938555447007,115.24122453523286,-0.02778620476577143
multichannel,ValendinLSTM,archive,no_cluster,12,0.056985590133611375,0.5416153782331873,21.539471037847818,59.723683468703,0.026728266430459
multichannel,ValendinLSTM,archive,no_cluster,13,0.05712007832886193,0.5489913743591643,51.567979513976546,86.98026181786811,-0.019724604225182418
multichannel,ValendinLSTM,archive,no_cluster,14,0.05695854963483414,0.5425574938564205,-10.519738802932528,65.76535034262999,-0.0265298368956351
multichannel,ValendinLSTM,archive,no_cluster,15,0.057154452662717826,0.5470101257164341,49.95613738673747,98.42982312803223,0.018098875345758984
multichannel,ValendinLSTM,archive,no_cluster,16,0.056980968426088054,0.541920193406328,27.947365671492847,67.42543715231966,0.04277860029031923
multichannel,ValendinLSTM,archive,no_cluster,17,0.057184923646069356,0.5676548765460163,108.02631149999607,123.49561044635712,0.03552428828770506
multichannel,ValendinLSTM,archive,no_cluster,18,0.05701735422832394,0.543904951006829,35.385962011160395,76.403507187537,-0.009102189743010615
multichannel,ValendinLSTM,archive,no_cluster,19,0.05708986705634348,0.5447680566085847,37.896927003338845,80.51096367518971,-0.05701147925799763
multichannel,ValendinLSTM,archive,kmeans_8,0,0.057212366637923444,0.5861160040675873,45.234647544361636,64.56798147981979,0.18006746942227247
multichannel,ValendinLSTM,archive,kmeans_8,1,0.05761060800019476,0.6645346431389009,83.46710388605798,93.97149011370138,0.19215659741536817
multichannel,ValendinLSTM,archive,kmeans_8,2,0.05700836221697481,0.5607556152817539,18.416665142336022,52.23684164270606,0.17909261188480255
multichannel,ValendinLSTM,archive,kmeans_8,3,0.05986985626201887,0.7901822775434153,130.02412050406804,141.21710328107372,0.06096089674165654
multichannel,ValendinLSTM,archive,kmeans_8,4,0.05705607887263434,0.5704754362709211,20.649121296101388,51.622806475170826,0.1793430541770517
multichannel,ValendinLSTM,archive,kmeans_8,5,0.05737264879173652,0.6387041763820105,61.168858373390165,73.21710427446877,0.16561372921050757
multichannel,ValendinLSTM,archive,kmeans_8,6,0.05769217143742868,0.683958331356681,71.88157789090505,84.17105185104859,0.2020217192711348
multichannel,ValendinLSTM,archive,kmeans_8,7,0.05767722652784745,0.6782817389580592,79.41666555615392,92.12719226019067,0.18882474559215362
multichannel,ValendinLSTM,archive,kmeans_8,8,0.057677910242024406,0.6524757506715441,82.82455958899745,89.37719147162152,0.17866972935411443
multichannel,ValendinLSTM,archive,kmeans_8,9,0.057195902429645694,0.5862221872942944,39.70175278372998,62.96052540358315,0.18053087526775377
multichannel,ValendinLSTM,archive,kmeans_8,10,0.056879895204892165,0.5315779064009076,-15.105264378597683,46.56578967911444,0.1997205019986684
multichannel,ValendinLSTM,archive,kmeans_8,11,0.05696332667149539,0.5463359332433625,-5.285089156639993,60.32894725192402,0.16637513403819537
multichannel,ValendinLSTM,archive,kmeans_8,12,0.057485986413635046,0.6134735835726103,45.06359521765207,71.41008710431464,0.15878139710405176
multichannel,ValendinLSTM,archive,kmeans_8,13,0.0570877016318859,0.5826378831250678,25.06578828314307,58.390350264431504,0.19127121264439326
multichannel,ValendinLSTM,archive,kmeans_8,14,0.05707712261193949,0.570001938256785,17.087718162260398,50.39912243537068,0.19471835700866838
multichannel,ValendinLSTM,archive,kmeans_8,15,0.0572653508374927,0.6016983942012747,60.87938409396603,75.58991083662825,0.16915404980437707
multichannel,ValendinLSTM,archive,kmeans_8,16,0.056913682542649814,0.5409872350275534,-7.745615201349116,45.539473722231385,0.21443888797880567
multichannel,ValendinLSTM,archive,kmeans_8,17,0.0571305953850262,0.5724747144015087,17.817981263801897,51.98026281544567,0.19246276210820132
multichannel,ValendinLSTM,archive,kmeans_8,18,0.056934784928040015,0.545890200794153,6.6578933944626195,53.114034795087846,0.1749789430289137
multichannel,ValendinLSTM,archive,kmeans_8,19,0.05683325246535319,0.5221116964071414,-12.23026446818448,43.73464936210799,0.18502846610415122
multichannel,ValendinLSTM,floored,no_cluster,0,0.05684350888422507,0.5177976686300384,16.37499764798444,48.65131485806895,0.15034109329053386
multichannel,ValendinLSTM,floored,no_cluster,1,0.056904056454046996,0.5131913058325215,55.269733892360144,70.1820155213528,0.12312928142314901
multichannel,ValendinLSTM,floored,no_cluster,2,0.05685124220726188,0.5165821816115799,16.13815551860493,50.58113932160184,0.14785631554269021
multichannel,ValendinLSTM,floored,no_cluster,3,0.056995136261014566,0.5442901146758312,45.2434179924511,65.02850734947278,0.04870009955156761
multichannel,ValendinLSTM,floored,no_cluster,4,0.05684861529019373,0.517776644538431,-8.236844061972995,49.57456136114176,0.1657176249447195
multichannel,ValendinLSTM,floored,no_cluster,5,0.05690863018136447,0.5332955939841953,-2.567984573462561,49.0592104476762,0.043236265986291135
multichannel,ValendinLSTM,floored,no_cluster,6,0.056791344799005564,0.5062016780439613,22.247804576742162,51.83991131070429,0.16127476730510135
multichannel,ValendinLSTM,floored,no_cluster,7,0.05696938242046034,0.5414469501095603,32.82894452813084,61.907893300398854,0.054227360531246147
multichannel,ValendinLSTM,floored,no_cluster,8,0.056924538929147166,0.5383876905761762,-4.728072262860462,49.298245185708176,0.049846644360970443
multichannel,ValendinLSTM,floored,no_cluster,9,0.05695768568987738,0.5366162404987342,32.978067334674556,60.52631444232306,0.06024466347158493
multichannel,ValendinLSTM,floored,no_cluster,10,0.056944860470860316,0.5262273200817946,24.105260576724703,60.96491121948366,0.08606014903962503
multichannel,ValendinLSTM,floored,no_cluster,11,0.05694639603327769,0.5275893611085479,54.49999718183283,69.45613837727299,0.1593361878075176
multichannel,ValendinLSTM,floored,no_cluster,12,0.05692587625282862,0.5306627890151762,12.565787067521178,52.80701671114248,0.08750334726303803
multichannel,ValendinLSTM,floored,no_cluster,13,0.05681950897190179,0.5182007927018484,-8.798247524701608,49.53947362710576,0.13574977047701567
multichannel,ValendinLSTM,floored,no_cluster,14,0.056820414240623625,0.5112591792112153,29.24999741453281,55.85964793020704,0.16184007007806045
multichannel,ValendinLSTM,floored,no_cluster,15,0.0569067531284226,0.5178832557873337,37.087716497969645,60.96491106671401,0.1722621838733916
multichannel,ValendinLSTM,floored,no_cluster,16,0.05687969625251723,0.5149474024982792,14.175436254017638,49.07017444105147,0.20725779379419362
multichannel,ValendinLSTM,floored,no_cluster,17,0.0569717720376739,0.5350391943193187,43.942979482621936,63.77631426306791,0.11058388606113558
multichannel,ValendinLSTM,floored,no_cluster,18,0.05681805447194949,0.5117950423529354,19.254383562017047,48.49122702021488,0.13769302371967632
multichannel,ValendinLSTM,floored,no_cluster,19,0.05686584639638194,0.5166893335824443,9.80701525613805,53.25438561849282,0.11407991593342597
multichannel,ValendinLSTM,floored,kmeans_8,0,0.057094509985414765,0.5690149804130065,1.6249987096601566,55.848684026696226,0.16044740587365683
multichannel,ValendinLSTM,floored,kmeans_8,1,0.05748093066177754,0.6176141322372378,42.54385864549979,66.99122758623062,0.2035517767430353
multichannel,ValendinLSTM,floored,kmeans_8,2,0.05711214123973768,0.5671233268846512,14.861841013719975,53.396929588103404,0.22233480698998087
multichannel,ValendinLSTM,floored,kmeans_8,3,0.05734335697384703,0.6264055506205556,47.451753174199425,63.79824484486041,0.17400917479094974
multichannel,ValendinLSTM,floored,kmeans_8,4,0.05721223477261923,0.5630683676093825,4.282893688956759,50.10307007060758,0.21394148038163074
multichannel,ValendinLSTM,floored,kmeans_8,5,0.05780848041226705,0.6946454943390185,73.8004376352025,82.8135957459409,0.17456590190091467
multichannel,ValendinLSTM,floored,kmeans_8,6,0.056991135086099355,0.5463985467141027,1.0679813318374867,49.02850877403756,0.2324403484513967
multichannel,ValendinLSTM,floored,kmeans_8,7,0.05692600577060954,0.5413499027163974,-2.2697379502161734,50.38815774677089,0.20844741368968542
multichannel,ValendinLSTM,floored,kmeans_8,8,0.056980204125863326,0.5553988674757108,1.539472420290896,49.2894736012411,0.20672498307327747
multichannel,ValendinLSTM,floored,kmeans_8,9,0.05756652015596257,0.635602913541216,66.2302620116649,81.46710443727048,0.18346109302637162
multichannel,ValendinLSTM,floored,kmeans_8,10,0.05705095497601231,0.553559209521816,-4.528509701292094,50.01096481522704,0.19577802481221193
multichannel,ValendinLSTM,floored,kmeans_8,11,0.0576222703843435,0.625755918067258,45.93420942526331,66.85964845022846,0.2211769043100353
multichannel,ValendinLSTM,floored,kmeans_8,12,0.05710270474972516,0.5691523327405835,9.71929711379526,50.82017521316731,0.17848925657389197
multichannel,ValendinLSTM,floored,kmeans_8,13,0.05742002689082494,0.6295993522555455,9.975876425506975,51.278508545242545,0.2239575043763839
multichannel,ValendinLSTM,floored,kmeans_8,14,0.05708722108949711,0.5701404139330375,1.7192969972817413,54.51315780693105,0.17424119970497687
multichannel,ValendinLSTM,floored,kmeans_8,15,0.057366175329903325,0.6151509982057838,43.05043745205873,64.78727989250011,0.18758219245846716
multichannel,ValendinLSTM,floored,kmeans_8,16,0.05694681153773039,0.5378091611146159,29.442980544019836,69.08771845659102,0.20342953102108552
multichannel,ValendinLSTM,floored,kmeans_8,17,0.058458467239571175,0.7410533292502446,127.7697352333019,135.21710383836432,0.17697297167501042
multichannel,ValendinLSTM,floored,kmeans_8,18,0.05752866069045854,0.6667975491191224,48.79824445182572,69.53947289413819,0.17549012804132988
multichannel,ValendinLSTM,floored,kmeans_8,19,0.05698834312329138,0.5561057619835325,1.6293846969406303,52.48903502595788,0.19119306758505628
multichannel,LSTM,archive,no_cluster,0,0.05737023700601089,0.5747559467279209,117.71052224692114,146.68420798700672,0.001378035127000162
multichannel,LSTM,archive,no_cluster,1,0.057075866927962814,0.5453960457226639,40.63157595718424,94.1315773568159,-0.003961245897835012
multichannel,LSTM,archive,no_cluster,2,0.05736184731012066,0.5802106341411379,130.05920610831572,147.00657532452217,0.023270358921823484
multichannel,LSTM,archive,no_cluster,3,0.057133230340477424,0.5494147927704592,56.94955818134355,109.70833143750298,0.002007595750624704
multichannel,LSTM,archive,no_cluster,4,0.057256358832549654,0.5661961364252258,99.2499959953275,128.5219269351238,-0.015188371831393849
multichannel,LSTM,archive,no_cluster,5,0.05726932686189899,0.5606035457847051,90.69517175830215,131.8706118134088,-0.013981801972274183
multichannel,LSTM,archive,no_cluster,6,0.05710597151361061,0.54958575931215,55.18859322305217,93.72806822546069,-0.037794749511931534
multichannel,LSTM,archive,no_cluster,7,0.05730284867496919,0.5695781541788745,108.18201359238698,144.79605004624293,0.015736953515559725
multichannel,LSTM,archive,no_cluster,8,0.05750648222441129,0.6131543306474488,176.90788936114805,184.09648643593982,-0.005895656988669194
multichannel,LSTM,archive,no_cluster,9,0.05697942175760412,0.5399030729398776,-7.320177479109072,69.46929750490185,0.04215965279976459
multichannel,LSTM,archive,no_cluster,10,0.05779385925400091,0.6706882359781252,242.17543262832893,244.67981881829454,-0.02938067372638471
multichannel,LSTM,archive,no_cluster,11,0.057076422673357746,0.5464377076638909,40.02850577847784,88.07236679723387,-0.015888230121922378
multichannel,LSTM,archive,no_cluster,12,0.05793470782210435,0.6798551751899571,251.942976610733,254.81139788926757,0.009918282375883205
multichannel,LSTM,archive,no_cluster,13,0.05697918102591081,0.5413864484508684,9.013155476891354,50.68859609840578,0.012080274249683023
multichannel,LSTM,archive,no_cluster,14,0.0571650023787732,0.5558733684999998,74.87938240611469,116.37499769659331,-0.012811614369449435
multichannel,LSTM,archive,no_cluster,15,0.05751041773741657,0.5989732026877042,158.14473205082447,167.92543447952093,0.026997271979067518
multichannel,LSTM,archive,no_cluster,16,0.05757306042208779,0.6002567326676027,160.03727609119926,174.9890311690555,0.03577282840188548
multichannel,LSTM,archive,no_cluster,17,0.05726241653354245,0.5691579244553672,110.65569769288648,135.17324290801912,0.042844023156753085
multichannel,LSTM,archive,no_cluster,18,0.05762888167418607,0.6255227157766596,192.06139828331504,200.38157428426717,0.022789947790013483
multichannel,LSTM,archive,no_cluster,19,0.05729110330462998,0.5768580943100203,121.057013062791,134.49122419564316,-0.04103805489556739
multichannel,LSTM,archive,kmeans_8,0,0.057142832824784114,0.5858596606941258,35.00657754361969,58.58552559654676,0.15744672825452985
multichannel,LSTM,archive,kmeans_8,1,0.05710452431830463,0.5758066958166319,13.122805685474292,49.0877190167737,0.1711366444282968
multichannel,LSTM,archive,kmeans_8,2,0.05731676943959339,0.5979256503405732,39.192981210030254,57.73684139804592,0.17259286397401463
multichannel,LSTM,archive,kmeans_8,3,0.05695003907839898,0.55655451032677,8.438595051860313,50.08333313948745,0.17335560951475973
multichannel,LSTM,archive,kmeans_8,4,0.05691826754154235,0.5350162975451846,-10.684211682855524,48.73684227728012,0.1726994396867238
multichannel,LSTM,archive,kmeans_8,5,0.057045364741563256,0.5642763422941802,19.182016007323902,54.15570136576287,0.1644555355196018
multichannel,LSTM,archive,kmeans_8,6,0.05765288371493351,0.7032012719016837,32.445174582269345,55.831139878647306,0.19320079307949123
multichannel,LSTM,archive,kmeans_8,7,0.05712145010352285,0.5818806194220587,24.052630235407875,51.68859622106272,0.1860717294763876
multichannel,LSTM,archive,kmeans_8,8,0.05708727214516408,0.5635981576171596,21.598682757629923,52.274122332598395,0.20055567302040894
multichannel,LSTM,archive,kmeans_8,9,0.056932959938121,0.5437872085495895,0.5350861093839847,52.48684209787792,0.1779859291948448
multichannel,LSTM,archive,kmeans_8,10,0.057005820735505294,0.5449578721686056,29.905699170193323,60.234647837728296,0.10102374184415634
multichannel,LSTM,archive,kmeans_8,11,0.057157680483775716,0.6032576790156524,38.14912145475295,60.14912202586631,0.17393517237994224
multichannel,LSTM,archive,kmeans_8,12,0.057004292788606394,0.5517092318217298,17.15131405201715,53.90131522721603,0.16250763508455773
multichannel,LSTM,archive,kmeans_8,13,0.05707278469972925,0.5909490581784963,32.754384673183765,55.618420306985044,0.1945391744742523
multichannel,LSTM,archive,kmeans_8,14,0.05718346345994065,0.5903804000163173,45.72148958400744,65.7828936835322,0.19683394808593022
multichannel,LSTM,archive,kmeans_8,15,0.05723626771995214,0.6019682687010562,49.04824422729522,66.38596397456924,0.19318028278298358
multichannel,LSTM,archive,kmeans_8,16,0.05704594483195021,0.5640010785647852,18.64473542582453,49.90350825409795,0.1982339900765687
multichannel,LSTM,archive,kmeans_8,17,0.058221923659415864,0.7333195792125493,297.8793803173538,297.87938031735376,0.15878854527855046
multichannel,LSTM,archive,kmeans_8,18,0.05709970804764116,0.5816156336784709,34.12719153872587,55.65350807492448,0.1710611587715072
multichannel,LSTM,archive,kmeans_8,19,0.05684422374898911,0.5241338203098946,-11.964913690054782,51.934210541494714,0.1896594095648226
multichannel,LSTM,floored,no_cluster,0,0.05697336104684725,0.5250913234054223,54.42543539112244,63.552629663771405,0.08530660782445956
multichannel,LSTM,floored,no_cluster,1,0.05689693602463221,0.5164934784025141,25.741225415675935,55.87280599253297,0.08064723599060225
multichannel,LSTM,floored,no_cluster,2,0.05693346588314015,0.5399556502737325,-13.63158085824741,43.38157937878342,0.023421598450934472
multichannel,LSTM,floored,no_cluster,3,0.05677019513113821,0.5030542768389812,16.120611699378472,51.87938542864993,0.1884561845761634
multichannel,LSTM,floored,no_cluster,4,0.056878873314871944,0.5276811675367474,0.6074539487842227,46.30043811467042,0.1025266393474103
multichannel,LSTM,floored,no_cluster,5,0.05682667832837342,0.5136600160778644,-4.763159932765909,47.539473476966634,0.014161550834176275
multichannel,LSTM,floored,no_cluster,6,0.05682640376256784,0.514817132274145,18.55043609454897,52.098683436531495,0.15737555401380468
multichannel,LSTM,floored,no_cluster,7,0.05682683824297696,0.5157969440980872,-12.418861542175918,49.32675473596269,0.14055507742254889
multichannel,LSTM,floored,no_cluster,8,0.05692272264477082,0.5220769619774734,28.322365702324525,55.541665547755535,0.11615776097171036
multichannel,LSTM,floored,no_cluster,9,0.05701402524368317,0.543337696042751,24.914470964044586,53.55043745918237,-0.03570245066897445
multichannel,LSTM,floored,no_cluster,10,0.05692043338545438,0.5364533734150317,-0.12938815634823578,46.028508496339875,0.04692204770669996
multichannel,LSTM,floored,no_cluster,11,0.05698330941493672,0.537207273013777,38.67982156827826,58.91227938455315,0.05947124330245087
multichannel,LSTM,floored,no_cluster,12,0.05692211118226338,0.5402150599988573,-7.789475728938605,48.899122831624084,0.02045823481003121
multichannel,LSTM,floored,no_cluster,13,0.056854773732936466,0.518268336355544,11.385962528812518,49.44298185751203,0.08974496857295082
multichannel,LSTM,floored,no_cluster,14,0.05696651715212401,0.5253564776153254,55.14034767177515,64.39473503350861,0.0885841738399617
multichannel,LSTM,floored,no_cluster,15,0.05691646310653417,0.5190903550843516,9.914471357324286,47.80482396262812,0.10619423168038404
multichannel,LSTM,floored,no_cluster,16,0.056962071493784405,0.5404131896698836,19.24780440402255,51.905701247354074,0.061112799299253895
multichannel,LSTM,floored,no_cluster,17,0.05695187255032636,0.5407822599096489,20.418857029850194,49.35306942319099,0.03974296143067977
multichannel,LSTM,floored,no_cluster,18,0.05691893928625679,0.5196405497288877,52.436400349086966,67.07675261872225,0.08323478957031963
multichannel,LSTM,floored,no_cluster,19,0.0568277645188886,0.5120457700134275,-19.614036795439116,52.48245654153875,0.10574643650891641
multichannel,LSTM,floored,kmeans_8,0,0.057337639748647376,0.6054891548890912,22.416665438121033,62.35526293687709,0.17432304713855945
multichannel,LSTM,floored,kmeans_8,1,0.05746328723887886,0.631626778093719,58.42543738371272,71.6973674589797,0.17632590888993996
multichannel,LSTM,floored,kmeans_8,2,0.05760562569566794,0.6813386390251263,71.76096341082447,90.66885860898192,0.08079941660914713
multichannel,LSTM,floored,kmeans_8,3,0.05693205646186165,0.5628618656719893,-2.8508780789647004,46.37719296335586,0.17615392334428395
multichannel,LSTM,floored,kmeans_8,4,0.056976165792008385,0.5509870848463961,1.872805813163593,48.421052435674355,0.21095065378313374
multichannel,LSTM,floored,kmeans_8,5,0.057295688038766925,0.6153493705612684,49.710525033929684,64.65789389371709,0.165263654087844
multichannel,LSTM,floored,kmeans_8,6,0.05719985630866779,0.5906919298057307,28.559209280565195,53.02412234197696,0.22934004568828575
multichannel,LSTM,floored,kmeans_8,7,0.057440414929285616,0.6430950300228028,56.473683121433986,68.53070093661904,0.20544059989057262
multichannel,LSTM,floored,kmeans_8,8,0.05705188061857084,0.559298567442852,21.22148970885376,51.37499963186601,0.18607507015790478
multichannel,LSTM,floored,kmeans_8,9,0.05707839327610453,0.556573332729719,14.620612649115863,51.86184161473375,0.21318864663545134
multichannel,LSTM,floored,kmeans_8,10,0.057071018200219335,0.5766148311502589,9.333332373123033,52.74561391244722,0.22533766301809569
multichannel,LSTM,floored,kmeans_8,11,0.057002644483943675,0.5526009848524042,5.203946206816268,47.96271916119407,0.21289841777625296
multichannel,LSTM,floored,kmeans_8,12,0.057392097665618605,0.596315211595038,33.62280593964373,55.530701244756244,0.20653486726386192
multichannel,LSTM,floored,kmeans_8,13,0.057011649428114396,0.579886925629473,18.896928686942264,50.11622779839251,0.21647514391039258
multichannel,LSTM,floored,kmeans_8,14,0.05698304463133327,0.5647347334723691,15.092104025544117,49.89912258706193,0.16783094851795943
multichannel,LSTM,floored,kmeans_8,15,0.05697992127241277,0.5487540992444847,7.9122794113982655,48.52631562552815,0.16879285872322541
multichannel,LSTM,floored,kmeans_8,16,0.057107046390934064,0.5726887732210825,13.574560457970875,48.714912025944095,0.20838270673429557
multichannel,LSTM,floored,kmeans_8,17,0.05713440673674973,0.5702202396552386,54.45833131548314,69.13815664511375,0.17226250232084298
multichannel,LSTM,floored,kmeans_8,18,0.056930162108923626,0.5513311109276838,1.9320163651152618,47.77850857731601,0.1974173925645647
multichannel,LSTM,floored,kmeans_8,19,0.05741671229674236,0.6387753373474457,57.06359505318375,73.8925428101135,0.1958824835051193
