model,arm,rep,rmse,rmse_customer_total,bias_percent,mape_aggregate,spearman,pred_sd
ValendinLSTM,archive,0,0.3776341563297289,3.669721991843272,57.33708241502422,83.33299248495169,-0.010036925332478632,0.20790940945030437
ValendinLSTM,archive,1,0.37645508501128117,3.4314807620259584,16.287320847454676,50.83878663645947,0.13780061652083533,0.4612135806996437
ValendinLSTM,archive,2,0.37808205022768837,3.6977590198618393,64.32242668751202,84.59236535834722,0.03768217900537448,0.2159433208821617
ValendinLSTM,archive,3,0.37769029407915133,3.5728260865498234,33.80708913975867,71.45807774878409,0.025115234474924034,0.19321974498372196
ValendinLSTM,archive,4,0.3773276166654861,3.5833668190104957,34.930811027330165,65.54089974454548,-0.011030407693350487,0.1940507945942533
ValendinLSTM,archive,5,0.37752107155090764,3.5916995598371453,41.323108227647865,73.37695974697897,0.09532693158303872,0.206536263839376
ValendinLSTM,archive,6,0.37720407455089927,3.6426228381676626,52.89093377589202,68.40695295649195,0.05407125590165906,0.22082096589289674
ValendinLSTM,archive,7,0.37795710060723664,3.7027195486584947,65.03101559927207,79.96557594931484,0.07349816242385802,0.22614338381944948
ValendinLSTM,archive,8,0.37697389778967,3.545040052931226,20.385821175208413,57.452624343366054,0.030956260904342756,0.18339891248377
ValendinLSTM,archive,9,0.37669233518532974,3.5305087933771517,-7.245399101161957,51.047716448978655,0.0464017392326152,0.15729987463906836
ValendinLSTM,archive,10,0.37679842563721355,3.5423910152585583,13.309134068456213,51.916496184335145,0.011659870626447721,0.18220945999164634
ValendinLSTM,archive,11,0.3774433737475371,3.6105164835707386,42.64928410966102,72.26005451551846,0.07724647220834667,0.19826439876895557
ValendinLSTM,archive,12,0.3773974160239048,3.666461848547129,54.30027261882978,66.78766187873356,-0.005944568670985795,0.2118307731784218
ValendinLSTM,archive,13,0.3783958365511522,3.7048537093909975,64.57668702786582,90.90184048662525,-0.0024429361728394573,0.214089406708336
ValendinLSTM,archive,14,0.3776238423235528,3.61303095302775,42.63633251527912,69.46182687650668,0.0007473592653567586,0.1966352104830403
ValendinLSTM,archive,15,0.37777189029849373,3.640190852320278,48.90388539321226,78.2590320630947,-0.02821929418644736,0.21197666775884527
ValendinLSTM,archive,16,0.3766296438940973,3.5387123077396643,13.64008157184534,57.68302651503115,0.03166636077836641,0.16958051087208703
ValendinLSTM,archive,17,0.3777367750424801,3.6347646073490836,48.31288331496151,71.36400815190888,0.005099400183128822,0.205137147524201
ValendinLSTM,archive,18,0.37721469598420615,3.5622931654105283,26.80947492629193,58.33162914976808,-0.022206324144175945,0.18930865508756575
ValendinLSTM,archive,19,0.37774464106740624,3.693933878213266,60.90899786937922,79.20279479461783,-0.007776184127370123,0.21121990215050232
ValendinLSTM,paper,0,0.3772277561679761,3.5903917519986295,38.20074967698429,77.07123375836123,0.0009682866389868831,0.19035487975169021
ValendinLSTM,paper,1,0.37722867473340566,3.5360020578898794,14.228357001694544,68.93660534476703,0.03396298378107758,0.17164939903285312
ValendinLSTM,paper,2,0.3775662132172304,3.5442525340114237,21.248466055332237,70.10736194418277,0.022604368312793742,0.1841517452660292
ValendinLSTM,paper,3,0.3770869159616688,3.569325457838921,30.643149115584396,63.502726588276246,0.002206318535764516,0.1862335259150795
ValendinLSTM,paper,4,0.3779632673333,3.670855724536026,55.105998547114034,76.81833671224337,-0.015315547325003892,0.21042750978080665
ValendinLSTM,paper,5,0.3774806717931447,3.5842055884353794,38.12235840262951,74.63565093789548,0.07944895071576882,0.19753728242015733
ValendinLSTM,paper,6,0.3768911394221567,3.5563436579349608,23.612133391396892,59.21131554583426,0.007994868318140924,0.18537374193638323
ValendinLSTM,paper,7,0.37714892464752864,3.5346596977431397,14.310838237795735,64.5930469869023,0.015376102556141115,0.17373836736865042
ValendinLSTM,paper,8,0.37713034964627606,3.548416502567337,17.359577152743306,65.98261758029943,-0.009868781966642138,0.17850394271674586
ValendinLSTM,paper,9,0.3776983292148945,3.5464453733768657,21.37900457413372,75.56237221861173,0.048044197347778546,0.18745560434174438
ValendinLSTM,paper,10,0.37806725165578603,3.5741600058440626,31.37730043870272,72.62201773386187,0.051922816227848057,0.19217074036018053
ValendinLSTM,paper,11,0.3772536745649751,3.576862003527453,33.003408137972876,67.22699384736403,0.0572845065818094,0.1932120755835807
ValendinLSTM,paper,12,0.3772973634127123,3.5635344070613604,24.10463512631979,71.03374232185698,-0.01868861207098851,0.19501720673533393
ValendinLSTM,paper,13,0.37729472576553863,3.57241858883666,35.570211160607926,68.76993863998914,0.028608753773547116,0.20239811313515355
ValendinLSTM,paper,14,0.37710231126281857,3.560636657630869,26.105657618190516,61.98568501926815,0.016567010069409232,0.1812982987889756
ValendinLSTM,paper,15,0.37672579824507585,3.5340703568651315,7.252556020197026,55.398432160940324,-0.01611451186143555,0.1696091739194292
ValendinLSTM,paper,16,0.3772267184412517,3.6080051932959085,39.94171769601352,63.08350371585385,0.012382866186577036,0.19489333602837788
ValendinLSTM,paper,17,0.37745961720999466,3.579069090807702,33.26618934771378,64.75221535924818,0.033784850690810636,0.18517401406925024
ValendinLSTM,paper,18,0.3775030064620918,3.595565678718491,37.618609240574315,73.17552823165771,0.006453438083649437,0.19767534581144955
ValendinLSTM,paper,19,0.37768286532972983,3.5770050353027805,30.475119125204504,74.9413769989926,-0.030460835268015324,0.18895458502305998
ValendinLSTM,paper90,0,0.37611335298773335,3.4722876191958654,-32.03612850127019,44.54124074431817,0.1418093419116571,0.34721657554374186
ValendinLSTM,paper90,1,0.3759537213277278,3.322515391578447,6.328902260134198,41.38207222400426,0.27786306302838754,0.9160999700426443
ValendinLSTM,paper90,2,0.37636159122630114,3.471704489337285,-26.252556572355427,41.716087356669426,0.19821564016119603,0.309789704299288
ValendinLSTM,paper90,3,0.37625106642313233,3.4155277920515528,-9.46353131095147,42.43558276344365,0.22574386383438935,0.39644891084045353
ValendinLSTM,paper90,4,0.37636775249687066,3.4791090125217785,-11.755283185786988,38.76755280558581,0.13344707814926443,0.2544601654419913
ValendinLSTM,paper90,5,0.37578669994236574,3.3038900328565717,8.810156536934045,39.50068158451171,0.2885391695263446,0.8503927559101069
ValendinLSTM,paper90,6,0.37694229686021125,3.5651235179184426,27.935582633563715,61.679959038352415,0.0076281579281787925,0.19109009595708937
ValendinLSTM,paper90,7,0.3756439052982023,3.3207119015927073,-16.420245683550906,39.45228361944278,0.2678268181977278,0.8310319893705166
ValendinLSTM,paper90,8,0.37597639890853507,3.4506639990953722,-35.458759711604735,46.059304832696114,0.23332120272396012,0.45319674671287735
ValendinLSTM,paper90,9,0.37666770765337554,3.41347159853775,33.35241971635224,55.50511238833689,0.2389218484829323,0.6354707414887579
ValendinLSTM,paper90,10,0.3762639812639165,3.4182390422856512,-22.711656786483786,38.64621684068199,0.17767415412397533,0.5686330500058547
ValendinLSTM,paper90,11,0.3772544362798702,3.5150006509066536,38.69359225667009,62.75835038564619,0.19715557574608122,0.49769168178569256
ValendinLSTM,paper90,12,0.3757877578457975,3.4189346293786786,-36.95364725371633,47.14860276940609,0.24710726661961036,0.5868111718814056
ValendinLSTM,paper90,13,0.37656399291365444,3.6284455961017072,-52.435583213564016,56.77505137250292,0.06481281061414629,0.12581819939298694
ValendinLSTM,paper90,14,0.3756513983173179,3.270830775787353,-20.700750166414576,40.80845270516643,0.26067221303958243,1.049426246021137
ValendinLSTM,paper90,15,0.3764392496315064,3.497787457270469,14.885139543481714,46.06782547201405,0.05536872746090429,0.2652385098374693
ValendinLSTM,paper90,16,0.3761179548421121,3.5212873801033577,-33.40797579200381,46.37457408390604,0.19517052616205582,0.21378331175764878
ValendinLSTM,paper90,17,0.3761056386556614,3.301255463390137,7.286979946680339,37.33878654574472,0.24088387960205523,0.8156925261476393
ValendinLSTM,paper90,18,0.37686613093136906,3.522131997239088,21.729379463128115,54.158827527308695,0.057769819563544565,0.2466309564040702
ValendinLSTM,paper90,19,0.37697133327877,3.5403559425039033,24.490797313929324,54.601908591020376,0.03886251348844253,0.22386621285343472
ValendinLSTM,floor50,0,0.3765724902226793,3.490316826607429,30.061008681967746,51.228697995078115,0.19230524207380773,0.3416719905782135
ValendinLSTM,floor50,1,0.3761027844724803,3.4726592554754254,-18.28220890734637,37.725971420641535,0.20223914549669908,0.2897341012325205
ValendinLSTM,floor50,2,0.37640732492030626,3.4670182519543946,2.8582137772569376,43.39127462819448,0.2022821970554608,0.22923556049764907
ValendinLSTM,floor50,3,0.3767819782225474,3.3818289115631486,43.55453288959658,57.079413653133535,0.22009647022771567,0.9916754694689647
ValendinLSTM,floor50,4,0.3768844365924407,3.5568595101725093,23.837763985622605,52.379004699422396,-0.007202268455926638,0.1925797559353169
ValendinLSTM,floor50,5,0.3765347972378358,3.512356445442766,-2.9758012638985627,49.36025903681476,0.10613673634295472,0.15968935962809652
ValendinLSTM,floor50,6,0.37614880017088687,3.4846595841508194,-4.2044992922427795,41.33128828883942,0.1283700271759648,0.27738991566944043
ValendinLSTM,floor50,7,0.37624978402010684,3.48619558470424,-21.366735157920754,43.3074301275683,0.18531117186011245,0.24082937638788915
ValendinLSTM,floor50,8,0.37600617235843997,3.3906696559466414,-27.48125459498601,41.78868449460045,0.17363177772585653,0.5352741432405683
ValendinLSTM,floor50,9,0.3763702109582341,3.3796837708856566,12.784934983840635,43.57975456437019,0.2638199690019457,0.6100991721205806
ValendinLSTM,floor50,10,0.3771966185143418,3.5218139308242677,48.221199596764045,59.10395354758774,0.1691807801625794,0.5583439152632619
ValendinLSTM,floor50,11,0.3761931029376641,3.4688401643593982,-29.105998981101738,42.727675576121065,0.21160638191444786,0.3502235653450676
ValendinLSTM,floor50,12,0.3767639500385058,3.5583933378027472,21.077709415979434,49.580095379518696,-0.017252366635293864,0.19464258227867934
ValendinLSTM,floor50,13,0.37622492867380947,3.5556509940481296,-38.74369496511387,45.323108521245096,0.08534898203481224,0.1671146396788353
ValendinLSTM,floor50,14,0.37591480622159495,3.261491093576766,26.928765959491585,48.44819352890333,0.2701751727365401,1.1566294659535985
ValendinLSTM,floor50,15,0.376015569859244,3.4866296934126484,-41.19359271558957,48.66734849582365,0.22172500959067448,0.38349727315490123
ValendinLSTM,floor50,16,0.3758208608837496,3.295539789213761,31.942058396706475,51.527607279633436,0.2915955821265133,1.314841563240885
ValendinLSTM,floor50,17,0.377121564278388,3.515471366656503,30.7978866732949,57.297545942733656,0.1639193016816612,0.27507871201777123
ValendinLSTM,floor50,18,0.3765694932717444,3.542419799383773,-30.08691239721159,45.33708253640483,0.08394654636824303,0.18321498282905094
ValendinLSTM,floor50,19,0.37644013777126795,3.4928532752970747,34.479890774234484,49.00817985474375,0.21935494330430325,0.4194520131110671
LSTM,archive,0,0.37657302615616284,3.531369413160788,14.744035243205765,51.53953643323977,0.03690296912374399,0.17000907285189656
LSTM,archive,1,0.37708103482006416,3.5710607748921523,32.75494189512659,59.24505790379386,0.03135317846345328,0.1901473581494346
LSTM,archive,2,0.37670209199025056,3.5139371007792755,-2.0153376988016842,47.60906612773531,0.05775905681214113,0.16087129330504737
LSTM,archive,3,0.3776488067564942,3.6531548107794367,54.27505104144199,71.57839121869627,0.03531859011136496,0.21078554499753993
LSTM,archive,4,0.37677763230266575,3.5275275910488118,6.5310154344450755,49.27198358290222,0.013407967648551254,0.17110511416109658
LSTM,archive,5,0.37668114167800615,3.522855921369536,8.711315372015239,50.08418536602166,0.07322071383173841,0.16921400122144395
LSTM,archive,6,0.37697431932036607,3.609822052399643,43.98500327720474,65.26653027243208,0.04583025739318266,0.2128243780449061
LSTM,archive,7,0.3775797350880656,3.6206319213293847,46.978186669009574,69.11111109145361,0.04359865058136355,0.2172200304766099
LSTM,archive,8,0.37698725629934593,3.5816361927598317,32.51022481763926,56.99625078591256,0.010885371682471452,0.1893520875840762
LSTM,archive,9,0.37714814734650887,3.5672667412584187,27.763803485823985,55.41070203481574,0.01884981889514575,0.18936210465612194
LSTM,archive,10,0.3774187168636031,3.632270077333049,47.46319006781838,64.82583494582688,0.009163104726891592,0.20367529948277763
LSTM,archive,11,0.3769026297910623,3.5119330902679904,14.348670520617068,54.22392638867442,0.17246845069862335,0.20262846099426077
LSTM,archive,12,0.37687468295847876,3.573871534319646,27.52385805306997,54.86128145045432,-0.028886659369380906,0.19145986328211728
LSTM,archive,13,0.3776060939188506,3.5955608259955185,43.60463516780334,66.47307427819678,0.036257234518618994,0.20968856579364412
LSTM,archive,14,0.3770204455385125,3.554752590486232,24.209270436169305,54.835037383344144,0.019483610226947744,0.18440795031171836
LSTM,archive,15,0.3770023349157159,3.6051076676463913,39.78834349608726,62.3909338345038,-0.04304576276364825,0.2005112385206978
LSTM,archive,16,0.37749509314379887,3.6180044214522846,45.88513960077808,68.11622355448173,0.05309206691296804,0.20506387676486457
LSTM,archive,17,0.3768895922007004,3.5391779226602536,13.35957715841377,50.07668703219302,0.02470930553371401,0.16980066743128727
LSTM,archive,18,0.37783048880316156,3.653253899164488,53.28561681422413,71.8043626275931,-0.01107656991265872,0.2171546168065767
LSTM,archive,19,0.377323180208418,3.5749513983628143,32.74982940829672,61.68234487024181,0.010705792407847177,0.19675884605022304
LSTM,paper,0,0.3769718540111062,3.5933387848417944,37.977845824228865,63.67314239340458,0.003633149080553081,0.18870597598925706
LSTM,paper,1,0.37718175138365817,3.5852627410664195,35.221540392900096,61.96728008992876,7.933118272933363e-05,0.19198132030759904
LSTM,paper,2,0.3772890768743399,3.5911221230627497,39.61520095463086,65.73653708135251,0.00901787116529846,0.19519296287290094
LSTM,paper,3,0.3772325896247087,3.5899514244702107,39.29959087617981,64.77130192205625,0.033373267073318655,0.19318312701031476
LSTM,paper,4,0.3778633975319805,3.683239784028356,58.08861614976272,75.75391951660174,0.002918277171711652,0.21004517333557085
LSTM,paper,5,0.3769748139091289,3.549715983873486,27.90422615485319,59.01397401898654,0.10305045483675979,0.1973806658693352
LSTM,paper,6,0.37653528009252507,3.5285548592663543,-1.9652354460523502,51.75528293100946,0.020658579881530807,0.16188873059998946
LSTM,paper,7,0.37663053928886625,3.5346195598627133,6.728356950500369,51.704498944231396,-0.008567319096651257,0.17367594008925613
LSTM,paper,8,0.37696586569073925,3.554300347579363,19.678936399272985,56.61963183698178,-0.0003153208040333671,0.1768828920750224
LSTM,paper,9,0.37739710945762156,3.6121815495206926,42.61758678047394,69.09202447347715,0.03311584503637916,0.19801215915603665
LSTM,paper,10,0.3772256030654922,3.583449372717957,33.525562218194096,62.111111036701715,0.030620179724649046,0.19403302470027187
LSTM,paper,11,0.37767704105283256,3.645867837790449,51.50852067473485,74.47784588187822,0.07375559755327225,0.2020457835673253
LSTM,paper,12,0.3770034440256569,3.5649365550660836,25.352760551061696,58.4182003685022,-0.002450479210326485,0.19495003020871218
LSTM,paper,13,0.37724942555196583,3.5783140556416613,38.30334003221156,62.926380292416525,0.040017658842069516,0.2029302117146704
LSTM,paper,14,0.3773336522794709,3.5870886899966266,36.94717094166306,61.782890138290504,0.021446246541142047,0.20119210489410308
LSTM,paper,15,0.3769148914861567,3.577987852695062,31.971710870117217,60.66359916953307,-0.03105199576066211,0.1921977341784755
LSTM,paper,16,0.37717103446911426,3.600362348773989,39.68438975825315,66.20654390062099,0.02634929673519942,0.19358324966759197
LSTM,paper,17,0.37732867102837764,3.563819078457734,27.373892103842923,61.362303923256746,0.023567074922081634,0.18147030173393355
LSTM,paper,18,0.3771128432848531,3.574099138081604,31.044648756065357,59.55657795599787,0.003699768944577201,0.18891408723336817
LSTM,paper,19,0.3779740139613901,3.7307212394315608,68.07259706946633,83.21642805990419,0.012757855721923183,0.21635145031330216
LSTM,paper90,0,0.37739896116222477,3.671083118697355,89.59032033653264,91.535105602276,0.27104037591737884,1.907691411342633
LSTM,paper90,1,0.3763320801139876,3.4259061686026384,27.986707380606372,45.38479878090379,0.18196808146468063,0.5310749768679863
LSTM,paper90,2,0.37717229221788334,3.5525085770431204,52.42603941412342,61.3517381586692,0.19434976630602757,0.36514461350258803
LSTM,paper90,3,0.37631223808348174,3.4237761946433793,-8.18404939473859,36.38991138154429,0.2043320995440496,0.3982817188141068
LSTM,paper90,4,0.3768701095863341,3.479223466446545,58.142808343625894,67.51226985423312,0.20919463128284457,0.9575122049965552
LSTM,paper90,5,0.37703917745468857,3.562205491126106,32.73892284903583,62.1315609487871,0.1052177490685556,0.20317707932594467
LSTM,paper90,6,0.37579131040974945,3.3740267416656238,-7.419223177812555,39.19631898188589,0.23865666875228872,0.5330613914899434
LSTM,paper90,7,0.3764821033433569,3.4229295681325524,37.48636656252232,53.08350360988493,0.2475444507603595,0.6351711644275576
LSTM,paper90,8,0.3760926728880226,3.420740583208003,-10.399114155041206,33.77607363328878,0.18832528304050583,0.5095694893051252
LSTM,paper90,9,0.3762330274575768,3.3538088631486738,22.46284913252605,46.021813101464595,0.2942074106548036,0.8238755208403928
LSTM,paper90,10,0.37665641332109645,3.5037927966821996,17.248466055162083,38.14962497076246,0.11538065619085656,0.3307325940741035
LSTM,paper90,11,0.37859144621944024,3.8296734455290613,98.70109067799355,103.39366052599374,0.23541946373472605,0.6434615664183011
LSTM,paper90,12,0.3773783107670381,3.632739847031062,68.44035446054679,74.80368095119336,0.15744559711549902,0.6005407358800042
LSTM,paper90,13,0.3761319558766732,3.400243711316069,24.793455862054678,46.14587586656225,0.17095756487366925,0.5216982302725803
LSTM,paper90,14,0.3773768869761644,3.598821868416611,40.55657791336903,63.527266423763194,0.02128129850330672,0.20553336301673164
LSTM,paper90,15,0.3761923460055498,3.463705095172005,-0.44546718509209077,39.29209265351324,0.10832237380294255,0.31991380615782794
LSTM,paper90,16,0.37571043248590286,3.3168998307706032,-5.985003669035979,38.7177914185494,0.2596342601162815,0.8751698846746787
LSTM,paper90,17,0.37729727502519983,3.581287085861277,35.459440871158854,59.25153361324874,0.03776265212075511,0.200685327640654
LSTM,paper90,18,0.37640605689701134,3.4820010998750863,3.173823881673268,36.32651662914906,0.11741779606738295,0.2737722659116841
LSTM,paper90,19,0.37675583343110153,3.5186422274372737,45.238581999003685,58.543967182132754,0.12826923903955595,0.43262604825471773
LSTM,floor50,0,0.3764016072647832,3.5129016046323773,-1.7505115286614352,48.19768230178745,0.059308499829011374,0.16613549956274207
LSTM,floor50,1,0.3764705523454957,3.5211998914895477,-10.522836019699735,47.43012952959214,0.08997121620401109,0.15427493040775542
LSTM,floor50,2,0.3765284246159616,3.534320570600383,-26.033401841281393,51.23449223847388,0.08882110283815281,0.15106726494299835
LSTM,floor50,3,0.3772756460479652,3.5650738768399646,34.659168229964514,63.38650309648956,0.07875091028065699,0.21201166825414436
LSTM,floor50,4,0.3769202743923125,3.553445498089406,16.843217236879138,52.41104283096451,-0.04316734301201257,0.17881516022522084
LSTM,floor50,5,0.37646311337618715,3.5149100564222526,-6.154737839870305,46.36196311475639,0.09431856864754959,0.1677645481453601
LSTM,floor50,6,0.3760967977428684,3.4735085100646774,12.330947288812759,45.87559635892516,0.15788231071048198,0.3022802401426677
LSTM,floor50,7,0.3766307872007791,3.531107832996534,7.4931831235583815,56.04805720585311,0.021094616193271257,0.17532309477268368
LSTM,floor50,8,0.3764889126710966,3.5168801623348815,0.8766186853390524,48.10974772730059,0.09342673049854987,0.17686491826384235
LSTM,floor50,9,0.376670661469565,3.5152657129407308,8.474096526145964,47.997614132696185,0.08767052689991145,0.1978959419370482
LSTM,floor50,10,0.37666888856005165,3.5194783084276726,6.6639397830409415,48.86434898377173,0.0661167638018091,0.19637910735751685
LSTM,floor50,11,0.3765600464387746,3.504631792803716,-0.22801666139007568,46.63428765935561,0.16712802878287025,0.1839952782902703
LSTM,floor50,12,0.3763751309418866,3.529707779228898,-13.174846959849637,47.03987728824664,0.032808226076641,0.15759380396396516
LSTM,floor50,13,0.3765148742403511,3.5051471334362283,-3.3963874683303668,46.630197633426015,0.05996257321562643,0.18681175990549898
LSTM,floor50,14,0.37754860495898873,3.626593930092877,46.06407625434353,73.113837716028,0.00016961510752497142,0.2061638371663403
LSTM,floor50,15,0.3761644527678501,3.46043491584024,-21.870825141503413,43.024199092779746,0.1232735185185004,0.36942204817493
LSTM,floor50,16,0.3763729775946655,3.54697509636825,-26.746421622337284,47.948875303882375,0.0998243929160961,0.14627019953587275
LSTM,floor50,17,0.3765745554034343,3.5161258832277746,-2.222563311947892,47.28800268607604,0.09406755711605647,0.16862251159960448
LSTM,floor50,18,0.3766618153393558,3.527122670286169,-10.285617210651663,46.773006107680985,0.032817242611791336,0.16959106068263669
LSTM,floor50,19,0.3766086156302023,3.5167107879552617,-5.434219793231974,47.88479889008509,0.07265371789497427,0.17389077068760844
