panel,model,target,criterion,n_studies,mean_rho,lo,hi,supported,delta_vs_ce,delta_lo,delta_hi,delta_supported
cdnow,LSTM,holdout MAPE,val CE (status quo),5,0.3378315820444756,0.11172271007353463,0.5530989699955217,True,,,,
cdnow,LSTM,holdout MAPE,val rollout MAPE,5,0.18525385002940345,0.11875451884447386,0.24439698409007873,True,-0.15257773201507216,-0.36048892284186396,0.055333458811719693,False
cdnow,LSTM,holdout MAPE,val rollout |bias|,5,0.1628530788081895,-0.0036075621471158975,0.34746720031886263,False,-0.1749785032362861,-0.5038775322041043,0.13799435779945524,False
cdnow,LSTM,holdout MAPE,val rollout Spearman,5,0.20819659052572007,-0.04035467114927386,0.49031889453796146,False,-0.12963499151875554,-0.2186206896551724,-0.058269642871459616,True
cdnow,LSTM,holdout MAPE,composite (3 ranks),5,0.22713327788540244,0.09024034417416193,0.34820853829584986,True,-0.11069830415907317,-0.2904519369085149,0.06905532859036866,False
cdnow,LSTM,holdout MAPE,best epoch (longer=better),5,0.16309227989869474,-0.049222589037401905,0.37540714883479137,False,-0.17473930214578087,-0.45099820688470976,0.1016149965725794,False
cdnow,LSTM,holdout |bias|,val CE (status quo),5,0.35643981039783135,0.12764451107779445,0.5942748106466247,True,,,,
cdnow,LSTM,holdout |bias|,val rollout MAPE,5,0.1757340561957371,0.0833743842364532,0.2693343740658318,True,-0.18070575420209425,-0.40561247069360656,0.04420096228941807,False
cdnow,LSTM,holdout |bias|,val rollout |bias|,5,0.1790990410066166,0.03139537946840178,0.3501335237652373,True,-0.17734076939121474,-0.5345685675115078,0.13301150290655533,False
cdnow,LSTM,holdout |bias|,val rollout Spearman,5,0.2556433808814972,0.013527803197968109,0.5385663063553531,True,-0.10079642951633416,-0.16568807460288187,-0.04351404129867833,True
cdnow,LSTM,holdout |bias|,composite (3 ranks),5,0.24304603756024581,0.08774470936705209,0.3727246541074799,True,-0.11339377283758553,-0.3155423399533057,0.08875479427813458,False
cdnow,LSTM,holdout |bias|,best epoch (longer=better),5,0.2218035538420986,0.028837645116544703,0.41543007467178816,True,-0.13463625655573275,-0.3863799286102508,0.1571355515304714,False
cdnow,LSTM,holdout Spearman,val CE (status quo),5,0.3668660080451243,0.19036581276461334,0.549318144594624,True,,,,
cdnow,LSTM,holdout Spearman,val rollout MAPE,5,0.29066213137383434,0.2264148877941981,0.3799226093599496,True,-0.07620387667128997,-0.27771730635827996,0.13322416713721064,False
cdnow,LSTM,holdout Spearman,val rollout |bias|,5,0.271324502632819,0.19912591577905978,0.3822772055530676,True,-0.09554150541230533,-0.31079581675930557,0.1340231507622812,False
cdnow,LSTM,holdout Spearman,val rollout Spearman,5,0.34732027607281146,0.12459023734885803,0.570050314796765,True,-0.019545731972312852,-0.07544443146392173,0.037337676972565445,False
cdnow,LSTM,holdout Spearman,composite (3 ranks),5,0.37206105840532466,0.26166575572890705,0.4710975415058942,True,0.005195050360200348,-0.12619940375892807,0.14893154316855797,False
cdnow,LSTM,holdout Spearman,best epoch (longer=better),5,0.1740803425491606,0.0439202383262217,0.31489085966004693,True,-0.1927856654959637,-0.2967229448748317,-0.08444873352828838,True
cdnow,ValendinLSTM,holdout MAPE,val CE (status quo),5,0.14921100968698223,-0.04975032696771828,0.3919366288428073,False,,,,
cdnow,ValendinLSTM,holdout MAPE,val rollout MAPE,5,0.08451565084382422,-0.05372453633323199,0.22377566843201518,False,-0.06469535884315801,-0.24231796058744498,0.08350096280531064,False
cdnow,ValendinLSTM,holdout MAPE,val rollout |bias|,5,0.2272219774661557,0.07377683186378839,0.380667123068523,True,0.07801096777917346,-0.07360204432650251,0.22939811878942312,False
cdnow,ValendinLSTM,holdout MAPE,val rollout Spearman,5,0.055839147825148636,-0.10605541318584795,0.28005767618959165,False,-0.09337186186183359,-0.20405055813751466,0.016743604221865115,False
cdnow,ValendinLSTM,holdout MAPE,composite (3 ranks),5,0.21745214338773114,0.04561483099641662,0.413087722895947,True,0.06824113370074891,-0.032142590508181954,0.1740954921235624,False
cdnow,ValendinLSTM,holdout MAPE,best epoch (longer=better),5,0.12321416125617124,-0.1820832666279615,0.4270215738139834,False,-0.025996848430810987,-0.3570242712831607,0.20934312039302228,False
cdnow,ValendinLSTM,holdout |bias|,val CE (status quo),5,-0.0035892614586920503,-0.2566728344119648,0.2553477812177503,False,,,,
cdnow,ValendinLSTM,holdout |bias|,val rollout MAPE,5,0.071994531963303,-0.11428023674624832,0.2839120879120879,False,0.07558379342199505,-0.09394907869534339,0.23098582576843443,False
cdnow,ValendinLSTM,holdout |bias|,val rollout |bias|,5,0.10189700358121412,-0.05687545304936609,0.281147882374427,False,0.10548626503990617,-0.11812784066115606,0.3018228534750274,False
cdnow,ValendinLSTM,holdout |bias|,val rollout Spearman,5,-0.07292626381709705,-0.2702937255980734,0.15537134826406598,False,-0.069337002358405,-0.18807465118301037,0.04940064646620035,False
cdnow,ValendinLSTM,holdout |bias|,composite (3 ranks),5,0.0868614303555865,-0.12927009977145676,0.31663676049507117,False,0.09045069181427855,0.030965313947711227,0.16551388106912596,True
cdnow,ValendinLSTM,holdout |bias|,best epoch (longer=better),5,0.028331249221720246,-0.21529041796098652,0.28847836683194283,False,0.031920510680412295,-0.2902555569030968,0.23868392901731955,False
cdnow,ValendinLSTM,holdout Spearman,val CE (status quo),5,0.5773539623505971,0.4786709182294052,0.7178874385362473,True,,,,
cdnow,ValendinLSTM,holdout Spearman,val rollout MAPE,5,0.27977871129035486,0.0993760221920136,0.44239239021847726,True,-0.29757525106024224,-0.43029702204288284,-0.1484428614863397,True
cdnow,ValendinLSTM,holdout Spearman,val rollout |bias|,5,0.2890377094824531,0.12436299931952108,0.435837676031511,True,-0.288316252868144,-0.44990904747426486,-0.10791518348390068,True
cdnow,ValendinLSTM,holdout Spearman,val rollout Spearman,5,0.5276046408834134,0.3914673561732385,0.6752960798792002,True,-0.049749321467183694,-0.1801129498520803,0.03917489608699738,False
cdnow,ValendinLSTM,holdout Spearman,composite (3 ranks),5,0.4851772296012628,0.35437307673357604,0.6078435284699426,True,-0.0921767327493343,-0.1723265932408292,-0.012026872257839539,True
cdnow,ValendinLSTM,holdout Spearman,best epoch (longer=better),5,0.46470104032679915,0.2325512740764421,0.7072020408446765,True,-0.11265292202379795,-0.33958939924471687,0.08002119403399846,False
electronics,LSTM,holdout MAPE,val CE (status quo),40,-0.18131756839100852,-0.2469397782070045,-0.11238597005452601,True,,,,
electronics,LSTM,holdout MAPE,val rollout MAPE,40,-0.04119342445486259,-0.11175044633722643,0.03155603239844369,False,0.14012414393614592,0.06806385268125352,0.21268761391919974,True
electronics,LSTM,holdout MAPE,val rollout |bias|,40,-0.2489389216317385,-0.3313710008523255,-0.16476083971658398,True,-0.06762135324072999,-0.17994119603779973,0.04925168597506088,False
electronics,LSTM,holdout MAPE,val rollout Spearman,40,-0.07606710065830691,-0.15115885635253126,-0.0020559209440575827,True,0.10525046773270161,-0.002002547900798759,0.20773201867155255,False
electronics,LSTM,holdout MAPE,composite (3 ranks),40,-0.18012570753397883,-0.24738837845472259,-0.1146616530235004,True,0.0011918608570296862,-0.09332842948815985,0.09161542365258697,False
electronics,LSTM,holdout MAPE,best epoch (longer=better),40,-0.0727032383135466,-0.15075604367905732,0.00820511845589608,False,0.10861433007746192,0.005634158055824734,0.21575445149648922,True
electronics,LSTM,holdout |bias|,val CE (status quo),40,-0.2664071958484401,-0.32337959158486507,-0.20704564705326328,True,,,,
electronics,LSTM,holdout |bias|,val rollout MAPE,40,-0.10830672415122941,-0.17832614736550756,-0.03546313350760489,True,0.15810047169721067,0.0862319385549225,0.23050047444024982,True
electronics,LSTM,holdout |bias|,val rollout |bias|,40,-0.2416174580389115,-0.3285397507160485,-0.14977841490354288,True,0.02478973780952859,-0.0782005024978912,0.13093958944288453,False
electronics,LSTM,holdout |bias|,val rollout Spearman,40,-0.05383274135536226,-0.13865706586289978,0.027636592120747337,False,0.21257445449307782,0.10878786099149973,0.3107055617918142,True
electronics,LSTM,holdout |bias|,composite (3 ranks),40,-0.1970012804208423,-0.2675464244813026,-0.12742112172290443,True,0.06940591542759778,-0.012980075914559514,0.14975509428579065,False
electronics,LSTM,holdout |bias|,best epoch (longer=better),40,-0.03259041843561302,-0.11302840357054336,0.049537518744117215,False,0.23381677741282705,0.13817067603054134,0.32849536942442265,True
electronics,LSTM,holdout Spearman,val CE (status quo),40,0.09181406807046455,0.013370097769773104,0.16779885911421621,True,,,,
electronics,LSTM,holdout Spearman,val rollout MAPE,40,-0.12270431718604809,-0.18465334874670933,-0.058232870451166166,True,-0.21451838525651262,-0.28100514947075406,-0.14706905989647862,True
electronics,LSTM,holdout Spearman,val rollout |bias|,40,-0.018438194130626234,-0.08913906407538343,0.05701772010492776,False,-0.11025226220109079,-0.19164688571429567,-0.02737475278823731,True
electronics,LSTM,holdout Spearman,val rollout Spearman,40,0.20162613988182407,0.12418175355461408,0.2786592406961867,True,0.10981207181135952,-0.0028212396532660685,0.22429879278866802,False
electronics,LSTM,holdout Spearman,composite (3 ranks),40,0.03515447078821068,-0.03757255323415143,0.1092527548526497,False,-0.05665959728225387,-0.14016220902286278,0.025036752225826273,False
electronics,LSTM,holdout Spearman,best epoch (longer=better),40,0.0449048528673318,-0.015250407084040253,0.10525682370686527,False,-0.04690921520313275,-0.13832607675155445,0.04810235452352877,False
electronics,ValendinLSTM,holdout MAPE,val CE (status quo),40,-0.10054309217634465,-0.16162672277824303,-0.0381250661237362,True,,,,
electronics,ValendinLSTM,holdout MAPE,val rollout MAPE,40,0.10718901471199102,0.04550357048429874,0.1680693088960383,True,0.20773210688833565,0.1378090846044459,0.2809387309266772,True
electronics,ValendinLSTM,holdout MAPE,val rollout |bias|,40,-0.10291591713380548,-0.1732669832993653,-0.03134533621791798,True,-0.0023728249574608284,-0.08894563401667967,0.08340216765387387,False
electronics,ValendinLSTM,holdout MAPE,val rollout Spearman,40,0.05296335256402827,-0.013725086577649112,0.11582385116804908,False,0.15350644474037292,0.06474700970415974,0.24011600544134867,True
electronics,ValendinLSTM,holdout MAPE,composite (3 ranks),40,0.04130357990646499,-0.03605119877967809,0.1194546647385184,False,0.14184667208280966,0.05178965797622395,0.23040141281841775,True
electronics,ValendinLSTM,holdout MAPE,best epoch (longer=better),40,-0.013786942160750087,-0.07841794748335168,0.05192269696098107,False,0.08675615001559456,0.015928151376427113,0.15252812081762288,True
electronics,ValendinLSTM,holdout |bias|,val CE (status quo),40,-0.2613385179901913,-0.3101391368166318,-0.21339282614863228,True,,,,
electronics,ValendinLSTM,holdout |bias|,val rollout MAPE,40,-0.11783583512363698,-0.17435358161290054,-0.06075462885027003,True,0.14350268286655432,0.08249414893386162,0.20770624775298996,True
electronics,ValendinLSTM,holdout |bias|,val rollout |bias|,40,-0.1114148636290683,-0.1877695292023415,-0.03507086279755338,True,0.149923654361123,0.06360751839220756,0.2344124073255286,True
electronics,ValendinLSTM,holdout |bias|,val rollout Spearman,40,0.023859637077945535,-0.04650638418478274,0.09208409347369637,False,0.28519815506813684,0.1961685349942584,0.37533411903695646,True
electronics,ValendinLSTM,holdout |bias|,composite (3 ranks),40,-0.09195734411036141,-0.16947407527162475,-0.014210492713755052,True,0.1693811738798299,0.08364413990593156,0.2544289530522158,True
electronics,ValendinLSTM,holdout |bias|,best epoch (longer=better),40,0.014767538850633602,-0.05209774643375451,0.08299451925937898,False,0.2761060568408249,0.201079803551693,0.3477932302937502,True
electronics,ValendinLSTM,holdout Spearman,val CE (status quo),40,-0.0011867120142833281,-0.0603790662263556,0.058012972328533724,False,,,,
electronics,ValendinLSTM,holdout Spearman,val rollout MAPE,40,0.011326241485151984,-0.04605619726840007,0.07342860673380205,False,0.012512953499435311,-0.06527532208454333,0.09806693531588029,False
electronics,ValendinLSTM,holdout Spearman,val rollout |bias|,40,0.026268033021614002,-0.029525219692850876,0.08020914995907473,False,0.02745474503589733,-0.04820781019776843,0.10524770724802224,False
electronics,ValendinLSTM,holdout Spearman,val rollout Spearman,40,0.05488761898433799,-0.015920499112483357,0.12201392627276292,False,0.05607433099862132,-0.038605300539620406,0.1502004662900046,False
electronics,ValendinLSTM,holdout Spearman,composite (3 ranks),40,0.04299386007729228,-0.006679734273631982,0.09511598294358233,False,0.04418057209157561,-0.030739355699480317,0.12544927161413502,False
electronics,ValendinLSTM,holdout Spearman,best epoch (longer=better),40,-0.005076770627380741,-0.05923706233422791,0.048689998255364665,False,-0.0038900586130974123,-0.06203113231898201,0.054950533816892154,False
