model,exp,rep,rmse,rmse_customer_total,bias_percent,mape_aggregate,spearman,cv,batch,best_epoch,val_ce
ValendinLSTM,factorial,0,0.37735945506811513,3.6345532943585424,49.90149957191977,75.42501699900588,0.022908245140119278,0.07511881490417355,256,9,0.08867302164435387
ValendinLSTM,factorial,1,0.3769809874557784,3.5759963178258793,32.85241975514401,60.60702107826415,0.0037592524750566523,0.08163466255989903,256,8,0.08906433545053005
ValendinLSTM,factorial,2,0.37814290266835004,3.6639930141747286,57.82208580615136,84.0490797288263,0.036637187016505056,0.0776960475996849,256,9,0.08873274177312851
ValendinLSTM,factorial,3,0.37741852324530906,3.635162668258432,48.622017638629465,69.36707560845274,-0.015015025288167231,0.07777398971436099,256,7,0.08863439224660397
ValendinLSTM,factorial,4,0.37739502723790197,3.6403724997828615,48.91888194399396,73.47784590238892,-0.048730519348905925,0.07691344486005473,256,7,0.08888634480535984
ValendinLSTM,factorial,5,0.3775493906478154,3.559514691924969,33.76244018622486,68.01874569573401,0.11341309288867658,0.08454986136281348,256,9,0.08886350877583027
ValendinLSTM,factorial,6,0.3764741600886852,3.5578477443574736,28.94410344396833,51.110429392369504,0.07367502580204881,0.08687217414014614,256,11,0.08839895203709602
ValendinLSTM,factorial,7,0.37717053859283733,3.595755283596616,40.104635181851265,64.62133600673012,0.037315917429737354,0.07803261742080092,256,4,0.08898278512060642
ValendinLSTM,factorial,8,0.3776693755579483,3.613549774435489,44.46898417784766,73.84867072943399,0.03589621500701003,0.08207573307962551,128,5,0.09105619043111801
ValendinLSTM,factorial,9,0.3776218826894934,3.6277674884235847,47.78220849359255,72.90422629460876,0.041085900364013016,0.08095784410007854,256,8,0.08894424512982368
ValendinLSTM,factorial,10,0.37736754103249737,3.575953650418745,30.906611959619312,64.44921612570688,0.02555811712038079,0.08172861321312459,256,7,0.08871795050799847
ValendinLSTM,factorial,11,0.3782697970410821,3.6691865387982086,56.67007486459717,81.42194952714186,0.06424740887230448,0.07618992760578747,256,7,0.0887398049235344
ValendinLSTM,factorial,12,0.3774156152265289,3.6652431252680597,53.64485333325112,67.99181996836447,-0.020767072963269424,0.08016960166708076,256,8,0.08861614763736725
ValendinLSTM,factorial,13,0.3769559749415727,3.537189819347269,21.332651472649694,56.71029305783867,0.015169518777129217,0.08420760584213975,256,7,0.08907145448029041
ValendinLSTM,factorial,14,0.37763403194053397,3.6255418834683946,47.559986255387386,68.80129511774736,0.03654041896161577,0.08307935957170849,256,10,0.08871349133551121
ValendinLSTM,factorial,15,0.37716755330337204,3.5860674463226823,34.12269924309576,68.76209952723136,-0.038160272096756764,0.08125339280918815,256,11,0.08915767632424831
ValendinLSTM,factorial,16,0.3782192477245672,3.6596905335391843,55.08725279224765,89.52965238858478,0.048650045638676725,0.07857102437052889,256,6,0.08907064236700535
ValendinLSTM,factorial,17,0.378121909497975,3.6511210578719817,52.48875242703022,75.8186775003194,0.011537871157866968,0.07494126043973204,256,8,0.08894720114767551
ValendinLSTM,factorial,18,0.3773586397733381,3.6288672148315944,45.841172341912376,64.44308102396248,-0.025336705911065294,0.07693230604628182,256,8,0.08846615627408028
ValendinLSTM,factorial,19,0.37694629009248043,3.5683344485521835,27.820722377924305,50.30402175392683,0.0027247048157756637,0.08160592176599889,256,7,0.08827992156147957
ValendinLSTM,scorefix,0,0.3766064536203299,3.47804883479675,15.24199024299887,45.22699380436959,0.14152168413508615,0.14695452485047275,64,38,0.08899081506473164
ValendinLSTM,scorefix,1,0.37714060179285125,3.6123230515506264,42.8122016372083,69.96898427961136,0.0031382235277067363,0.08053574640928696,64,2,0.09255915312197585
ValendinLSTM,scorefix,2,0.37677224196371556,3.507123089616051,54.28766179709203,63.128834302919856,0.18903388289249692,0.25315356457834876,64,53,0.08933292190904928
ValendinLSTM,scorefix,3,0.3775675280187753,3.6841305866152227,57.67655067695591,69.55521463358737,-0.05500826288337594,0.07676491193451065,64,24,0.09241090087608779
ValendinLSTM,scorefix,4,0.37557052035007565,3.291379119106324,-0.41615565573455343,36.219154665311336,0.2511276571837021,0.4834901901619567,64,53,0.08813244863823326
ValendinLSTM,scorefix,5,0.37615366830310154,3.3831963467429205,1.2457393253907465,43.27436935876497,0.2156645865145542,0.3803803407920772,64,46,0.08955887800354434
ValendinLSTM,scorefix,6,0.3769883793016342,3.5427672498627905,21.28868418356519,60.054873845120305,0.04578649756871846,0.08681719777540738,128,6,0.09257658777715788
ValendinLSTM,scorefix,7,0.3768547040521771,3.5692489520675803,34.77471016357552,55.95466938331949,0.08252438502739023,0.08294794010455046,64,4,0.09243145257018875
ValendinLSTM,scorefix,8,0.3768167576854051,3.535505480720756,12.281867526293704,57.71336059334246,0.03722962162042919,0.09010519631306246,128,6,0.09242299990897011
ValendinLSTM,scorefix,9,0.3777650288676408,3.6586086449164275,56.3036809149105,77.2777777410225,0.06406175080496221,0.07649319920394146,128,4,0.0927157726394972
ValendinLSTM,scorefix,10,0.37700650751912723,3.4826045385509894,39.71506461327161,54.34492155141364,0.19014616928901606,0.2342101069702224,64,27,0.08817249196789377
ValendinLSTM,scorefix,11,0.37703407157161856,3.5804496327187496,34.6349691805805,65.19188816089685,0.06169443018945002,0.08236706328942649,256,7,0.09249489448865734
ValendinLSTM,scorefix,12,0.3776879010244447,3.631888757350152,46.482276640027315,66.24778452568667,-0.008779788450539295,0.08129763365206974,128,4,0.09240622598277932
ValendinLSTM,scorefix,13,0.3767382742587085,3.592936089726435,43.52488056493082,62.9263802606106,0.04674948381408268,0.07829789524812619,128,3,0.09257589361492198
ValendinLSTM,scorefix,14,0.3772202990718598,3.5694956697657085,30.15678240298632,71.58554873480657,0.03571281495530951,0.0795613498821877,128,6,0.09282589759520368
ValendinLSTM,scorefix,15,0.3776835348321696,3.6381711758143283,50.40422620679651,71.97614176644495,0.019405427257009913,0.08057535903625498,128,6,0.09266868071906961
ValendinLSTM,scorefix,16,0.37575581946096126,3.3635361310796204,-14.807430443613757,37.11008859662453,0.2223110861645271,0.3940754221871232,64,31,0.08901949675329056
ValendinLSTM,scorefix,17,0.37727965422081383,3.6234689159997355,45.25051113838939,68.97443761457392,0.012293879538019973,0.07502600264746444,64,3,0.09281592458414657
ValendinLSTM,scorefix,18,0.37741183442594084,3.6209554988064743,43.243012832567715,64.18098154501256,-0.054500507127550675,0.0773295184765728,128,4,0.09245187855708728
ValendinLSTM,scorefix,19,0.37669449825646195,3.5320227712504932,15.817995683874607,52.628493514902296,0.02540196115146817,0.08853542745696504,64,6,0.09251780275017275
LSTM,factorial,0,0.37682724228180714,3.536185620688378,22.323108197144656,53.49147917751038,0.0777386017283209,0.08549368909183194,256,20,0.08932887762784958
LSTM,factorial,1,0.376508180889238,3.5335090820041564,-15.532379319806418,49.86434903461804,0.042886167004239396,0.09552446738298495,256,15,0.08885701186954975
LSTM,factorial,2,0.376695438931708,3.5317205013199175,16.049079534971483,50.24812535694512,0.02565539395980215,0.0809783267320746,256,7,0.08892028778791428
LSTM,factorial,3,0.3773961129073761,3.5971126457445237,40.36434889836421,66.20756650214024,0.039835254126987234,0.08070407117727636,256,7,0.08908615633845329
LSTM,factorial,4,0.3779011804929313,3.6608587008404974,55.36537141880058,72.95501018279485,-0.0025966694010940553,0.07720475176597276,256,8,0.08865677006542683
LSTM,factorial,5,0.37683156917348853,3.5339471613885745,18.052147025713367,52.962167623967645,0.06283841209528504,0.08460437194629489,256,13,0.08975092880427837
LSTM,factorial,6,0.37668042037604366,3.5602490211523206,25.471029109394404,56.67961824598991,0.014294328748400746,0.08190621726692726,128,4,0.09126299300364085
LSTM,factorial,7,0.3766322076692108,3.5212733212150487,1.1540556354440301,51.58759370667129,0.06410582930502345,0.09380544459306493,256,10,0.088655274361372
LSTM,factorial,8,0.3775754190728514,3.6131955083556946,45.47443752264022,69.05180638276374,0.06463088316522891,0.08408893878523244,256,8,0.08881834521889687
LSTM,factorial,9,0.3775474636767284,3.601004298899273,40.5112472924021,65.68098159928451,0.05630587133669739,0.08167909597806304,256,11,0.0890105813741684
LSTM,factorial,10,0.3768965049728115,3.543676370452384,15.743012758049195,52.22017719336077,0.023197418704776443,0.08574707464728692,256,8,0.08868428133428097
LSTM,factorial,11,0.37682345478067514,3.544755609974066,18.023858013059268,52.41581453232631,0.07018757338666683,0.08317493477228435,256,8,0.08894969709217548
LSTM,factorial,12,0.3770406163836745,3.547802276483218,22.688820528027595,55.82924328481578,0.017956005330255577,0.086607473531916,256,7,0.08875693567097187
LSTM,factorial,13,0.3771991615453652,3.579164528636011,36.27232433180549,59.221199666795464,0.020362146465575073,0.07922178694605532,128,4,0.09125324019363948
LSTM,factorial,14,0.3768509722309953,3.5669009205736137,24.94444427719731,55.45432849437366,-0.0036887387591265433,0.08132271908768852,256,9,0.08917991071939468
LSTM,factorial,15,0.3765575722577307,3.53392825563076,3.7389227492579606,53.21404219045722,-0.043793759147207297,0.09039689447989514,256,35,0.08968309499323368
LSTM,factorial,16,0.37637234507257517,3.5318224067040007,-9.3793458945228,46.98329920319923,0.06767232792283397,0.09395222429493723,256,24,0.08917200937867165
LSTM,factorial,17,0.3769889723307695,3.5448030906722314,18.195637145626137,51.97682338471543,0.029741656089915282,0.08172386492155262,256,7,0.08904341235756874
LSTM,factorial,18,0.37680322997612625,3.5433589488381414,10.591001820514851,50.06134964267946,-0.05781559748089531,0.08717627112859234,256,8,0.08912286534905434
LSTM,factorial,19,0.3777895464715403,3.6591371038910316,54.902181214441434,72.29618263439137,0.012410460551362712,0.07587624203430185,256,9,0.08880359306931496
LSTM,scorefix,0,0.3766468308685552,3.5093974476450778,1.3599179350549169,48.49488751685985,0.08492701666609892,0.09608475568085605,256,14,0.09254487065555678
LSTM,scorefix,1,0.3768985176234147,3.5749685132375526,34.6448533040176,60.731424657525025,0.02376353580182126,0.08339411532956077,128,5,0.09250445508446423
LSTM,scorefix,2,0.37727058564857774,3.5871757323655897,41.987729912094174,65.66189499768717,0.06863864837371382,0.07900660340770913,64,2,0.09264094692590873
LSTM,scorefix,3,0.37670225518779116,3.5148621075397344,14.767893422242473,50.50681656196038,0.08823829383068757,0.1041554720067103,128,12,0.09264390743972309
LSTM,scorefix,4,0.3764623500763599,3.5326389785052923,-12.918541564123164,49.875596460925,0.008159775844666319,0.09685945483693288,256,11,0.09287052678867762
LSTM,scorefix,5,0.37640541672840905,3.5545210307683175,-25.791070560639817,48.02556243809558,0.005438420731223037,0.11142150566289695,64,15,0.09205053361139481
LSTM,scorefix,6,0.3770168391617114,3.562214705453356,26.389570352916444,55.2205179642121,0.006524077789128408,0.0821214318033247,128,4,0.09269700118478734
LSTM,scorefix,7,0.3765398221273695,3.514336096804954,3.46830240542837,46.2835718966492,0.11726782490758425,0.09313904005628436,64,6,0.09228257062890993
LSTM,scorefix,8,0.3768542939327827,3.5572408440283643,26.92297186534876,59.22563046790861,0.03951749558382508,0.08964050677969428,64,22,0.09177882825580523
LSTM,scorefix,9,0.3765322097071843,3.5057935463585177,3.1537148109226174,47.80470347031948,0.13583799892676815,0.10319831851392247,128,9,0.09218448895704905
LSTM,scorefix,10,0.3775551884740682,3.595467878170594,38.87457377661384,64.84526242653249,0.04321362890863477,0.08558176409580023,64,3,0.09262594710069341
LSTM,scorefix,11,0.3766630455440159,3.515176976683001,4.715064493336035,50.693251536721,0.11410126962670235,0.09819730920550036,64,3,0.09169063947205089
LSTM,scorefix,12,0.3772155407907224,3.5638924127741043,26.034764625098934,57.309475088150435,0.0035473097885799407,0.08507753841922189,64,3,0.09274576324857187
LSTM,scorefix,13,0.37709781215532134,3.6161431914541438,48.48091331892714,68.95057932304204,0.05892680910538285,0.07959105393886397,64,3,0.09254876171902666
LSTM,scorefix,14,0.3765427961922068,3.5164869827076957,13.058622822675753,48.16496243964477,0.07784648473585741,0.10579326673282727,64,6,0.09227908402681351
LSTM,scorefix,15,0.37674656829430725,3.546748540584554,18.386502865442758,53.76073613987586,-0.036746273423085306,0.08686958380449043,64,2,0.09277396946606216
LSTM,scorefix,16,0.3769799213696856,3.5579491309222666,27.244376131455798,57.03237899550533,0.06215576959509106,0.08712433288714198,128,5,0.09223451148111944
LSTM,scorefix,17,0.3768683707061131,3.5358715729382086,21.96012249847463,54.818336710704514,0.06727871393444099,0.09240303525382618,128,6,0.09248118408123172
LSTM,scorefix,18,0.3763482528781854,3.5429942726118058,-13.765167325212131,48.42978866888944,-0.03468420011381654,0.09640559972133154,64,4,0.09274490460735466
LSTM,scorefix,19,0.3763807465353791,3.5419033206714166,-14.870484277857564,42.90729381579554,-0.010712526495331593,0.09958114406435556,64,20,0.09277130314682591
