model,feature,arm,n,rmse_customer_total,rmse_customer_total_lo,rmse_customer_total_hi,rmse_customer_total_sd,bias_percent,bias_percent_lo,bias_percent_hi,bias_percent_sd,mape_aggregate,mape_aggregate_lo,mape_aggregate_hi,mape_aggregate_sd,spearman,spearman_lo,spearman_hi,spearman_sd,cv,cv_lo,cv_hi,cv_sd
LSTM,none,searched,20,1.163222377263772,1.1586035405987283,1.1683991905172197,0.011435187675536857,13.835579311806137,9.25571713747237,18.79312774514229,11.111703139603112,20.542508666490512,17.945526456416452,23.69687508249219,6.8578764034585085,0.40504653770873283,0.40397940635798957,0.4060924773032153,0.002499154438645106,1.2748339509007605,1.2428909011520737,1.3101549951272373,0.07878413484979284
LSTM,none,nofloor,20,1.1784159590100431,1.1635398692965029,1.197774352278131,0.040378236550071965,13.165314567187057,6.6665955615006816,20.80202915308599,16.67938012711697,21.500455628269567,17.601948320006404,27.266491762706544,11.664213041126564,0.4018651383527138,0.3991483687232485,0.4043650980626965,0.006067573776125503,1.239594172308627,1.1742303293242957,1.293376254826556,0.13847007767555147
LSTM,ar_bounded_52,nofloor,20,1.1831274255734903,1.1739379406855253,1.1925236159866088,0.022061357311652846,8.694176621647994,5.1009870005662385,12.093541465291718,8.190182105724949,17.53485404359372,16.571677407233533,18.6267465549224,2.4114764013987946,0.39872407194050374,0.3955610603769693,0.40175268921253704,0.007180847529021385,1.1360169337907537,1.0995832335080076,1.1740855449299696,0.08767468095312894
LSTM,kmeans_8,nofloor,20,1.278885219820101,1.267866198164905,1.2891593540981858,0.02501163732792434,9.04425971932376,4.881072744225746,13.493009984581377,10.053816924990358,18.531124202726552,16.428633418287152,20.967090069534073,5.316000966820417,0.3579920705764125,0.3516804542228269,0.36390625853534475,0.01433527374728676,1.6226163572793648,1.558967396032631,1.6813250612035577,0.14457632635328582
LSTM,none,from20,20,1.159173013935543,1.1541937900148467,1.1644668836174281,0.01218202222718507,10.20405584478371,7.093369123630636,13.429076637862012,7.376094850300743,17.806423995528583,16.55317350042651,19.304887338056805,3.205953169246041,0.4029287162993989,0.40048136843719956,0.40517226625244224,0.005457143517544459,1.2992512581971354,1.268573721113244,1.3286352133385573,0.06978814119377152
LSTM,ar_bounded_52,from20,20,1.1538597193581837,1.1463681314245788,1.1614169924804625,0.01738946049059818,13.537590441777038,10.504328126919772,16.723285992463598,7.3063200939302755,19.547362312974705,17.940543342172102,21.34378485713138,4.011861282107675,0.4012674351231749,0.3990754435760525,0.40345839934121147,0.005087101062615046,1.2796374523929548,1.2397488870635975,1.3191274440880223,0.09351472609799046
LSTM,kmeans_8,from20,20,1.2699194108919518,1.2606692951108105,1.2792091762084632,0.02157581266214679,12.434371168263997,9.023003510550058,15.940717678447552,7.98084665448273,18.71320975244006,17.02161771534329,20.62207547611365,4.164857864728633,0.35401453362523355,0.34868356436409026,0.3592397954142831,0.012175163941548394,1.629692010562668,1.5766494633903092,1.6807473302634919,0.12120939569466248
LSTM,none,from30,20,1.1570408425275418,1.1512844825161286,1.1627574175080586,0.013539284896826627,12.688510084844165,9.467761237094523,15.732116811407174,7.309346685616556,19.35186296866445,17.920925217521848,20.798866007858248,3.3679900219106207,0.4021158913211658,0.3993750844080499,0.4047071601546021,0.006258760285968206,1.309855015747762,1.2775215272656026,1.3426586779207903,0.07562105149030088
LSTM,ar_bounded_52,from30,20,1.1567281941885277,1.148997797985015,1.16520816698385,0.01939567897833156,10.048356809476491,7.102391985715543,13.1331234236199,7.086015772770571,18.41556466641395,17.22274815057316,19.937927863510094,3.1945867881441066,0.3999685054707944,0.39748804476363264,0.402411783557678,0.005697850354241874,1.228753187821896,1.1947259237036,1.2608701226117014,0.0790342962766565
LSTM,kmeans_8,from30,20,1.266306381255673,1.2569684768284883,1.2756152661737903,0.021752830900825765,11.464138914470906,7.556879600807303,15.662189304369669,9.430311069982107,18.312081045091904,16.056581001078555,20.905436545952096,5.66970587706555,0.3507059589533591,0.3443416161127422,0.3572157102687959,0.01509748365276643,1.658740412431187,1.5946674159503185,1.7214031466972892,0.1499904614658645
LSTMAttention,none,searched,20,1.208464667579106,1.2045801567708332,1.213454606024159,0.01044998765940739,16.013159440810927,11.212665361049812,21.417933598226764,11.835075225891202,21.361965259074207,18.24027796915871,25.283647153509886,8.160059831692587,0.40332813765592535,0.40163776274057666,0.40488571470927215,0.0037966315661492373,1.0749749683976533,1.0490538000591834,1.1043845628445044,0.06543266765216599
LSTMAttention,none,nofloor,20,1.205248718211253,1.2012919080537572,1.209845089675025,0.010026478741589379,14.096740490269037,10.36065212224633,18.005261975538833,8.925142354797682,19.621811937795307,17.497774500672634,22.200933395109555,5.531154411706951,0.39870698727162585,0.39699704910028205,0.40056179137687875,0.0041967726619152115,1.064266237007796,1.0321098550894492,1.096990457557591,0.07546028353796963
LSTMAttention,ar_bounded_52,nofloor,20,1.2208241323396218,1.2172181548205625,1.2243740611280582,0.008346286488349937,9.14073026987491,4.696658386424631,13.94321645400471,10.95365316178316,18.29275923500513,16.148134850770894,20.817305123009447,5.552825835450132,0.39869808480365715,0.39728015873692657,0.40001155537990024,0.003236376138089576,1.0898451152336617,1.0639142584640564,1.113635756604647,0.05797100313122739
LSTMAttention,kmeans_8,nofloor,20,1.29369130559626,1.2873785821285264,1.3002221099715137,0.01504988597586966,15.688398236150608,12.913458135508364,18.635664730883185,6.56733422958265,20.17526280932671,18.426659144865045,22.1223114148578,4.245269759980797,0.36600278153457755,0.3619888749084567,0.36923056910694263,0.008547328683821718,1.5127152615573014,1.479335530632576,1.5476985687280305,0.07988962811148764
LSTMAttention,none,from20,20,1.198789149161788,1.1933755929884586,1.2032955511472465,0.011444840827214788,14.758510107108924,11.233098232904577,18.343786003931722,8.341390463603629,20.139317763486844,18.228264572539633,22.38111118862581,4.8842413933872875,0.40047902270683355,0.3980313387834825,0.4029845563522432,0.005821209983345372,1.1280266168452686,1.0970238829302712,1.161053619495353,0.0755117021255721
LSTMAttention,ar_bounded_52,from20,20,1.2076603531343797,1.2042637342079157,1.211281589308681,0.008134278802700146,9.327386081877803,5.749001494345982,13.075688338446707,8.678316277884603,17.62157948579035,16.037956820789343,19.62129139566798,4.2562032838105885,0.4010547789927263,0.3992079597675175,0.4027688364385249,0.004122028519492158,1.159280140890599,1.1383383016625814,1.180900311375705,0.04963129969985706
LSTMAttention,kmeans_8,from20,20,1.282799955759056,1.2756269212229603,1.2897699766482416,0.01666120574961371,13.73562993787996,10.568845906165791,16.885544840949063,7.429383895157373,19.059651975795184,17.33821484480663,20.899218222136717,4.231021527003541,0.3701191055526404,0.3685031283364844,0.371680173607578,0.0037727556317531568,1.519169305501265,1.4925301838395932,1.5480337273319993,0.06467968838785966
LSTMAttention,none,from30,20,1.1998562024556776,1.1947309478052088,1.204185351102015,0.011041222550747359,10.812100429213386,7.821126200755046,13.607382827559055,6.678778786448492,18.122689637129497,17.054410708390968,19.338410567367273,2.7165888139220313,0.4003388644237543,0.3976446432054705,0.4030825323375282,0.006441856265173096,1.1682373322593917,1.1437495570756047,1.1925425295650725,0.05748205692378009
LSTMAttention,ar_bounded_52,from30,20,1.2018566761520753,1.1964969569045565,1.2069983132079734,0.012036000398076232,9.34252309029746,7.216671598677576,11.583811413836916,5.133632477791014,17.023776433066846,16.140961662418587,18.046982299267633,2.226941007856861,0.4020458147410375,0.4002526074081149,0.4037321966145641,0.004084794404425225,1.1812888401462667,1.161048345907859,1.201960869442507,0.048172047423816235
LSTMAttention,kmeans_8,from30,20,1.2891095782869708,1.2819819779193242,1.2961905183902083,0.0168256259571482,15.545978287805823,12.508066292425648,18.44409743747604,7.022503113083075,19.87412483223484,17.928266443891115,21.87847391963362,4.665006929253451,0.3690736489701746,0.36621160210925685,0.3717817493335928,0.006595031578557206,1.516224374584485,1.4833207310998742,1.5544217702511738,0.08465346516717454
Transformer,none,searched,20,1.3248312182909132,1.2785854885451007,1.3768576826832577,0.11599436761779795,51.654097677778225,42.00030563585767,62.07830344681081,23.608679040839103,54.23042827254494,45.136982703201994,64.00609682308901,22.156145115910213,0.4003404569198449,0.3980270711688862,0.40243275456028593,0.005162062670471777,1.3304307832405666,1.2837455988260331,1.3740018948396753,0.10649576635811944
Transformer,none,nofloor,20,1.2895316128810073,1.2678970786595327,1.3143321243759247,0.054372668082544956,34.08925790382993,25.319135497703513,42.803487129346315,20.458887878954272,43.53634537210987,37.114754219267176,49.94098676778475,15.067360823638774,0.39623149004701647,0.39455905427411,0.39805834427776177,0.0041513556217894106,1.3169028746849119,1.2835911311963888,1.351669855402204,0.07934203909062156
Transformer,ar_bounded_52,nofloor,20,1.257003241411727,1.2381127333159054,1.2822651535101377,0.05309158806961028,12.483089758191971,4.105368770918999,20.795374607872393,19.561982802670734,31.47667001608425,27.411126019977438,35.86152546571511,10.005022008630256,0.4012876489412556,0.4000127230043822,0.4024435438173453,0.0028031117902708857,1.2825502985362358,1.209218606268625,1.3698486579065872,0.1866492371221062
Transformer,kmeans_8,nofloor,20,1.3297919294715657,1.3156124314382778,1.3458424278323649,0.035505991603698675,16.366637743002737,11.912107891422451,21.16528196352632,10.882852381447469,32.172879960880564,28.391394114571142,36.51289611278108,9.611090782495587,0.3466784911580465,0.34196180862515163,0.351432026020429,0.011061839393576826,1.6187976019600936,1.593940493429046,1.6454103158601208,0.06151885081359082
Transformer,none,from20,20,1.29816842995205,1.2739060772549902,1.3255826953277816,0.06100827432712738,39.79098571991262,32.828386777629234,46.68384650730491,16.382828382752468,44.39604820933602,38.76126400020099,50.0881108260847,13.367193468384801,0.39568380513606355,0.393369236218847,0.3980743552086064,0.005511601418717675,1.3231938978578406,1.2883480974251307,1.3590329631045528,0.08330316557189588
Transformer,ar_bounded_52,from20,20,1.2510513185013674,1.2394257544420932,1.2645535846288507,0.02933444007948163,13.68027042305197,8.767951790838845,19.056403730261803,12.189025051074257,24.20102223910292,21.219680303239336,27.564471954023432,7.577370886646841,0.39904892469589626,0.39778085605159164,0.4001116381851693,0.00271385668926535,1.2674363970888207,1.2211911117284353,1.3141846530722656,0.1070807761423678
Transformer,kmeans_8,from20,20,1.314384338856607,1.3051967492449514,1.324484472706646,0.022746252586276508,11.624858808819587,7.977478163201223,15.294596042895774,8.612349078673997,26.244886414473022,23.761621191404995,28.796726648599282,5.980444006688691,0.34888075520006673,0.34536912221445887,0.35235510019327,0.008151969418321772,1.6677692962937392,1.6301629568978073,1.7047690090891967,0.08723015935169871
Transformer,none,from30,20,1.2939521530689513,1.2748719675092794,1.315350319046934,0.0481225474121046,40.079425104819514,32.22407442057279,47.96871041650126,18.568414002280527,43.999127633927834,37.423634562608285,50.93510981701236,15.943235436499728,0.39642785298898703,0.39405044664137917,0.39882265991599053,0.005606218859532598,1.3102624882485094,1.2828605954766688,1.3390382699762868,0.06599149586370996
Transformer,ar_bounded_52,from30,20,1.2457920621760659,1.239991843294616,1.2513901442133495,0.013372192807312036,12.490911403198819,8.91886286223288,16.297559106648247,8.806546711394747,21.670167627996783,19.724104132412744,23.959212985392355,5.016725769987513,0.3971488502027767,0.39578474942930975,0.3985219723516426,0.003210693570670559,1.2407777115016836,1.1985659804298674,1.2809458652849814,0.09559059390076816
Transformer,kmeans_8,from30,20,1.3062412170987834,1.2950170778197923,1.318343812618211,0.027263699434792538,10.636437995346913,6.652804688561475,14.722762436218956,9.538420176859395,24.40464950047734,22.084501314585594,27.034333817179007,5.879150833476781,0.35150924875368295,0.34918895452278903,0.35370140327605054,0.00534967439693426,1.692104898187544,1.6559836078537271,1.7279510811005832,0.08444830900007134
ParetoNBD,-,-,20,1.228311678817268,1.22764056319514,1.2289213230733922,0.0014818369042720624,-16.562071324137413,-16.86500302008835,-16.260408349458,0.7079205387412999,27.717061191420566,27.706211348940112,27.72977850259223,0.027682992151459626,0.3950645521226283,0.394150360790929,0.39601659136074435,0.002196100304371923,1.4034557537630445,1.4006435205676273,1.4062816172979642,0.0066328768535468515
