kind,model,arm,A,B,metric,mean_a,mean_b,delta,lo,hi,supported
input,LSTM,nofloor,none,ar_bounded_52,spearman,0.4018651383527138,0.39872407194050374,-0.0031410664122100695,-0.007218813272582754,0.0009792418375997641,False
input,LSTM,nofloor,none,ar_bounded_52,mape_aggregate,21.500455628269567,17.53485404359372,-3.965601584675845,-10.016239133959667,0.08383345042636939,False
input,LSTM,nofloor,none,ar_bounded_52,abs_bias,15.499517689886005,10.309986702850981,-5.189530987035024,-12.659926313489327,0.7676626091865875,False
input,LSTM,nofloor,none,ar_bounded_52,rmse_customer_total,1.1784159590100431,1.1831274255734903,0.00471146656344712,-0.016188558399528746,0.023038686026824268,False
input,LSTM,nofloor,none,ar_bounded_52,cv,1.239594172308627,1.1360169337907537,-0.10357723851787326,-0.17223022698546747,-0.030959426939417667,True
input,LSTM,nofloor,none,kmeans_8,spearman,0.4018651383527138,0.3579920705764125,-0.04387306777630129,-0.05072477385602428,-0.03738556196812149,True
input,LSTM,nofloor,none,kmeans_8,mape_aggregate,21.500455628269567,18.531124202726552,-2.9693314255430145,-9.200688354938027,1.7778396212451406,False
input,LSTM,nofloor,none,kmeans_8,abs_bias,15.499517689886005,9.370056132755995,-6.129461557130011,-14.29317408800045,0.8280184070799699,False
input,LSTM,nofloor,none,kmeans_8,rmse_customer_total,1.1784159590100431,1.278885219820101,0.10046926081005791,0.07862150396647077,0.11930811918726608,True
input,LSTM,nofloor,none,kmeans_8,cv,1.239594172308627,1.6226163572793648,0.3830221849707378,0.29934020196994393,0.46831858254333103,True
input,LSTM,nofloor,ar_bounded_52,kmeans_8,spearman,0.39872407194050374,0.3579920705764125,-0.04073200136409122,-0.047765900009896396,-0.03403601557713622,True
input,LSTM,nofloor,ar_bounded_52,kmeans_8,mape_aggregate,17.53485404359372,18.531124202726552,0.9962701591328305,-1.3718311637371854,3.632520195236798,False
input,LSTM,nofloor,ar_bounded_52,kmeans_8,abs_bias,10.309986702850981,9.370056132755995,-0.9399305700949867,-5.624344549030233,3.9525575529287633,False
input,LSTM,nofloor,ar_bounded_52,kmeans_8,rmse_customer_total,1.1831274255734903,1.278885219820101,0.0957577942466108,0.08119091653592726,0.10986439870477561,True
input,LSTM,nofloor,ar_bounded_52,kmeans_8,cv,1.1360169337907537,1.6226163572793648,0.48659942348861107,0.4131442491832346,0.5580283663370837,True
input,LSTM,from20,none,ar_bounded_52,spearman,0.4029287162993989,0.4012674351231749,-0.0016612811762239943,-0.004794846667204499,0.001573016286895349,False
input,LSTM,from20,none,ar_bounded_52,mape_aggregate,17.806423995528583,19.547362312974705,1.7409383174461226,-0.42822127114692865,3.9498869415982085,False
input,LSTM,from20,none,ar_bounded_52,abs_bias,10.742838736480028,13.537590441777038,2.79475170529701,-1.3735314791629127,6.992359356564236,False
input,LSTM,from20,none,ar_bounded_52,rmse_customer_total,1.159173013935543,1.1538597193581837,-0.0053132945773592954,-0.014481490926927538,0.0038597016991081127,False
input,LSTM,from20,none,ar_bounded_52,cv,1.2992512581971354,1.2796374523929548,-0.019613805804180595,-0.06848151569159362,0.030940123436919837,False
input,LSTM,from20,none,kmeans_8,spearman,0.4029287162993989,0.35401453362523355,-0.04891418267416536,-0.05480743466122988,-0.04314866206672965,True
input,LSTM,from20,none,kmeans_8,mape_aggregate,17.806423995528583,18.71320975244006,0.9067857569114786,-1.3599008990678234,3.2201313234226423,False
input,LSTM,from20,none,kmeans_8,abs_bias,10.742838736480028,12.434371168263997,1.691532431783969,-2.780408560849565,6.117520355167428,False
input,LSTM,from20,none,kmeans_8,rmse_customer_total,1.159173013935543,1.2699194108919518,0.11074639695640887,0.10011095047497903,0.12114137806824857,True
input,LSTM,from20,none,kmeans_8,cv,1.2992512581971354,1.629692010562668,0.3304407523655326,0.270009285561899,0.38950903218161653,True
input,LSTM,from20,ar_bounded_52,kmeans_8,spearman,0.4012674351231749,0.35401453362523355,-0.04725290149794137,-0.0531403142147626,-0.041571147759702456,True
input,LSTM,from20,ar_bounded_52,kmeans_8,mape_aggregate,19.547362312974705,18.71320975244006,-0.834152560534644,-3.330590938027264,1.6130405802232544,False
input,LSTM,from20,ar_bounded_52,kmeans_8,abs_bias,13.537590441777038,12.434371168263997,-1.1032192735130408,-5.784793273850479,3.502133049768872,False
input,LSTM,from20,ar_bounded_52,kmeans_8,rmse_customer_total,1.1538597193581837,1.2699194108919518,0.11605969153376816,0.1041481724867608,0.1277939911039075,True
input,LSTM,from20,ar_bounded_52,kmeans_8,cv,1.2796374523929548,1.629692010562668,0.3500545581697132,0.2835030274764953,0.41434265261663006,True
input,LSTM,from30,none,ar_bounded_52,spearman,0.4021158913211658,0.3999685054707944,-0.0021473858503714416,-0.005739200195735339,0.0014974793604987336,False
input,LSTM,from30,none,ar_bounded_52,mape_aggregate,19.35186296866445,18.41556466641395,-0.9362983022504991,-2.868822875157891,1.1051833790129806,False
input,LSTM,from30,none,ar_bounded_52,abs_bias,12.746577797382944,10.135555867173322,-2.6110219302096223,-6.801032717528926,1.6705206546526656,False
input,LSTM,from30,none,ar_bounded_52,rmse_customer_total,1.1570408425275418,1.1567281941885277,-0.00031264833901412104,-0.010111521117009978,0.01007365823550041,False
input,LSTM,from30,none,ar_bounded_52,cv,1.309855015747762,1.228753187821896,-0.08110182792586595,-0.1277777179023623,-0.03545619595485045,True
input,LSTM,from30,none,kmeans_8,spearman,0.4021158913211658,0.3507059589533591,-0.05140993236780672,-0.05831250730941713,-0.04442807239790527,True
input,LSTM,from30,none,kmeans_8,mape_aggregate,19.35186296866445,18.312081045091904,-1.0397819235725443,-3.821660974626917,1.9115735571224655,False
input,LSTM,from30,none,kmeans_8,abs_bias,12.746577797382944,11.873186709823273,-0.8733910875596713,-5.7128748297250995,4.105993542350741,False
input,LSTM,from30,none,kmeans_8,rmse_customer_total,1.1570408425275418,1.266306381255673,0.10926553872813116,0.09820652268259782,0.12016105032722758,True
input,LSTM,from30,none,kmeans_8,cv,1.309855015747762,1.658740412431187,0.3488853966834251,0.2771541874607244,0.4202087565203799,True
input,LSTM,from30,ar_bounded_52,kmeans_8,spearman,0.3999685054707944,0.3507059589533591,-0.04926254651743528,-0.05613624503966103,-0.042278954149063415,True
input,LSTM,from30,ar_bounded_52,kmeans_8,mape_aggregate,18.41556466641395,18.312081045091904,-0.10348362132204514,-2.845858589278546,2.8139220965949976,False
input,LSTM,from30,ar_bounded_52,kmeans_8,abs_bias,10.135555867173322,11.873186709823273,1.737630842649951,-3.0631695180765903,6.696241275198696,False
input,LSTM,from30,ar_bounded_52,kmeans_8,rmse_customer_total,1.1567281941885277,1.266306381255673,0.10957818706714528,0.09709886426980087,0.12220255616112949,True
input,LSTM,from30,ar_bounded_52,kmeans_8,cv,1.228753187821896,1.658740412431187,0.42998722460929106,0.35757750337642447,0.5014761179950592,True
input,LSTMAttention,nofloor,none,ar_bounded_52,spearman,0.39870698727162585,0.39869808480365715,-8.902467968696648e-06,-0.0023377368930735947,0.0022191910997609397,False
input,LSTMAttention,nofloor,none,ar_bounded_52,mape_aggregate,19.621811937795307,18.29275923500513,-1.3290527027901788,-4.720942161093934,1.9733291909594626,False
input,LSTMAttention,nofloor,none,ar_bounded_52,abs_bias,14.096740490269037,10.195982985588614,-3.9007575046804224,-9.490870357167118,1.8328841989736837,False
input,LSTMAttention,nofloor,none,ar_bounded_52,rmse_customer_total,1.205248718211253,1.2208241323396218,0.015575414128368825,0.009937836660845413,0.020977613050930533,True
input,LSTMAttention,nofloor,none,ar_bounded_52,cv,1.064266237007796,1.0898451152336617,0.025578878225865687,-0.01547473974814701,0.06579224616206229,False
input,LSTMAttention,nofloor,none,kmeans_8,spearman,0.39870698727162585,0.36600278153457755,-0.0327042057370483,-0.03709708326088823,-0.029065576550132137,True
input,LSTMAttention,nofloor,none,kmeans_8,mape_aggregate,19.621811937795307,20.17526280932671,0.5534508715314033,-2.61590130821348,3.463254984876754,False
input,LSTMAttention,nofloor,none,kmeans_8,abs_bias,14.096740490269037,15.688398236150608,1.5916577458815713,-3.24792399806135,6.27868051108411,False
input,LSTMAttention,nofloor,none,kmeans_8,rmse_customer_total,1.205248718211253,1.29369130559626,0.08844258738500699,0.08086763761719999,0.09613202441103966,True
input,LSTMAttention,nofloor,none,kmeans_8,cv,1.064266237007796,1.5127152615573014,0.4484490245495054,0.40220486738594513,0.4948760678989891,True
input,LSTMAttention,nofloor,ar_bounded_52,kmeans_8,spearman,0.39869808480365715,0.36600278153457755,-0.0326953032690796,-0.03691100883896056,-0.029086974513872144,True
input,LSTMAttention,nofloor,ar_bounded_52,kmeans_8,mape_aggregate,18.29275923500513,20.17526280932671,1.882503574321582,-1.2462042993267015,4.760824966295089,False
input,LSTMAttention,nofloor,ar_bounded_52,kmeans_8,abs_bias,10.195982985588614,15.688398236150608,5.492415250561994,0.20434221995022517,10.36797106599153,True
input,LSTMAttention,nofloor,ar_bounded_52,kmeans_8,rmse_customer_total,1.2208241323396218,1.29369130559626,0.07286717325663816,0.06562001332142903,0.08008913394531725,True
input,LSTMAttention,nofloor,ar_bounded_52,kmeans_8,cv,1.0898451152336617,1.5127152615573014,0.42287014632363973,0.38174877177473454,0.46608037953531567,True
input,LSTMAttention,from20,none,ar_bounded_52,spearman,0.40047902270683355,0.4010547789927263,0.0005757562858927368,-0.002545080052515863,0.0035979072295087814,False
input,LSTMAttention,from20,none,ar_bounded_52,mape_aggregate,20.139317763486844,17.62157948579035,-2.5177382776964947,-5.297038397822447,0.18041164402022833,False
input,LSTMAttention,from20,none,ar_bounded_52,abs_bias,14.80450164571231,9.97481716327564,-4.8296844824366705,-9.570069748874385,0.028630759367217155,False
input,LSTMAttention,from20,none,ar_bounded_52,rmse_customer_total,1.198789149161788,1.2076603531343797,0.008871203972591779,0.0031307720814541164,0.015317913769132456,True
input,LSTMAttention,from20,none,ar_bounded_52,cv,1.1280266168452686,1.159280140890599,0.03125352404533044,-0.006873120519069313,0.06954005121479431,False
input,LSTMAttention,from20,none,kmeans_8,spearman,0.40047902270683355,0.3701191055526404,-0.030359917154193172,-0.033322056002036596,-0.02740336280994461,True
input,LSTMAttention,from20,none,kmeans_8,mape_aggregate,20.139317763486844,19.059651975795184,-1.0796657876916598,-3.8833161617136036,1.5265484357481311,False
input,LSTMAttention,from20,none,kmeans_8,abs_bias,14.80450164571231,13.73562993787996,-1.0688717078323506,-5.801243745267161,3.548496285746175,False
input,LSTMAttention,from20,none,kmeans_8,rmse_customer_total,1.198789149161788,1.282799955759056,0.084010806597268,0.0754881182062023,0.09248071448324045,True
input,LSTMAttention,from20,none,kmeans_8,cv,1.1280266168452686,1.519169305501265,0.39114268865599633,0.34907686291956913,0.4333612269014884,True
input,LSTMAttention,from20,ar_bounded_52,kmeans_8,spearman,0.4010547789927263,0.3701191055526404,-0.03093567344008591,-0.033291743784655256,-0.02847751182906911,True
input,LSTMAttention,from20,ar_bounded_52,kmeans_8,mape_aggregate,17.62157948579035,19.059651975795184,1.438072490004835,-1.2088937842570142,3.8936243765426757,False
input,LSTMAttention,from20,ar_bounded_52,kmeans_8,abs_bias,9.97481716327564,13.73562993787996,3.76081277460432,-0.9834075724802264,8.226808791587146,False
input,LSTMAttention,from20,ar_bounded_52,kmeans_8,rmse_customer_total,1.2076603531343797,1.282799955759056,0.07513960262467623,0.06710687728175174,0.08285910361010057,True
input,LSTMAttention,from20,ar_bounded_52,kmeans_8,cv,1.159280140890599,1.519169305501265,0.3598891646106659,0.3260715668684403,0.3959210794002466,True
input,LSTMAttention,from30,none,ar_bounded_52,spearman,0.4003388644237543,0.4020458147410375,0.0017069503172831846,-0.001611151915994488,0.004978640187242968,False
input,LSTMAttention,from30,none,ar_bounded_52,mape_aggregate,18.122689637129497,17.023776433066846,-1.0989132040626508,-2.579363857248113,0.3754679652173105,False
input,LSTMAttention,from30,none,ar_bounded_52,abs_bias,11.242235025471963,9.34252309029746,-1.899711935174503,-5.1143482472901844,1.485195141214441,False
input,LSTMAttention,from30,none,ar_bounded_52,rmse_customer_total,1.1998562024556776,1.2018566761520753,0.0020004736963976644,-0.0049115972400092444,0.00924784160242514,False
input,LSTMAttention,from30,none,ar_bounded_52,cv,1.1682373322593917,1.1812888401462667,0.013051507886874925,-0.01964848226883903,0.044391910536949845,False
input,LSTMAttention,from30,none,kmeans_8,spearman,0.4003388644237543,0.3690736489701746,-0.03126521545357974,-0.03518455472200832,-0.027312468467505818,True
input,LSTMAttention,from30,none,kmeans_8,mape_aggregate,18.122689637129497,19.87412483223484,1.7514351951053442,-0.559044714732694,4.0333738290090455,False
input,LSTMAttention,from30,none,kmeans_8,abs_bias,11.242235025471963,15.545978287805823,4.30374326233386,0.3611122854186524,8.177391473742158,True
input,LSTMAttention,from30,none,kmeans_8,rmse_customer_total,1.1998562024556776,1.2891095782869708,0.08925337583129322,0.08077472487119661,0.0976494868336026,True
input,LSTMAttention,from30,none,kmeans_8,cv,1.1682373322593917,1.516224374584485,0.34798704232509325,0.3061150409671873,0.3930604755175922,True
input,LSTMAttention,from30,ar_bounded_52,kmeans_8,spearman,0.4020458147410375,0.3690736489701746,-0.03297216577086293,-0.036362247657602785,-0.029698156754390952,True
input,LSTMAttention,from30,ar_bounded_52,kmeans_8,mape_aggregate,17.023776433066846,19.87412483223484,2.850348399167995,0.6449471853551308,5.049711055682667,True
input,LSTMAttention,from30,ar_bounded_52,kmeans_8,abs_bias,9.34252309029746,15.545978287805823,6.203455197508363,2.4462238678700086,9.820611849392026,True
input,LSTMAttention,from30,ar_bounded_52,kmeans_8,rmse_customer_total,1.2018566761520753,1.2891095782869708,0.08725290213489556,0.07829129041398905,0.09587397812918173,True
input,LSTMAttention,from30,ar_bounded_52,kmeans_8,cv,1.1812888401462667,1.516224374584485,0.33493553443821833,0.29578037085652314,0.3784124899810392,True
input,Transformer,nofloor,none,ar_bounded_52,spearman,0.39623149004701647,0.4012876489412556,0.00505615889423916,0.0028404981377337687,0.007114651425492428,True
input,Transformer,nofloor,none,ar_bounded_52,mape_aggregate,43.53634537210987,31.47667001608425,-12.059675356025622,-19.734019981476784,-4.503538110044062,True
input,Transformer,nofloor,none,ar_bounded_52,abs_bias,34.08925790382993,18.89762689694502,-15.191631006884911,-25.29936248953862,-5.0603858763267615,True
input,Transformer,nofloor,none,ar_bounded_52,rmse_customer_total,1.2895316128810073,1.257003241411727,-0.03252837146928034,-0.06397917153834712,0.000611088352719796,False
input,Transformer,nofloor,none,ar_bounded_52,cv,1.3169028746849119,1.2825502985362358,-0.03435257614867604,-0.11673848507987102,0.05843066108942751,False
input,Transformer,nofloor,none,kmeans_8,spearman,0.39623149004701647,0.3466784911580465,-0.04955299888896997,-0.05458248444974239,-0.04444521139907055,True
input,Transformer,nofloor,none,kmeans_8,mape_aggregate,43.53634537210987,32.172879960880564,-11.363465411229306,-18.957560782762673,-3.763826654200254,True
input,Transformer,nofloor,none,kmeans_8,abs_bias,34.08925790382993,16.366637743002737,-17.722620160827194,-27.63443288259273,-7.900047693660481,True
input,Transformer,nofloor,none,kmeans_8,rmse_customer_total,1.2895316128810073,1.3297919294715657,0.0402603165905584,0.011974818293369155,0.0673322126500803,True
input,Transformer,nofloor,none,kmeans_8,cv,1.3169028746849119,1.6187976019600936,0.30189472727518174,0.259005055867336,0.3447211778626554,True
input,Transformer,nofloor,ar_bounded_52,kmeans_8,spearman,0.4012876489412556,0.3466784911580465,-0.05460915778320913,-0.059409976095509825,-0.04967154984585863,True
input,Transformer,nofloor,ar_bounded_52,kmeans_8,mape_aggregate,31.47667001608425,32.172879960880564,0.6962099447963155,-5.178791271299507,6.679754705895146,False
input,Transformer,nofloor,ar_bounded_52,kmeans_8,abs_bias,18.89762689694502,16.366637743002737,-2.530989153942283,-9.775582989413255,4.7895155800366025,False
input,Transformer,nofloor,ar_bounded_52,kmeans_8,rmse_customer_total,1.257003241411727,1.3297919294715657,0.07278868805983874,0.04431824393609844,0.0980753248534003,True
input,Transformer,nofloor,ar_bounded_52,kmeans_8,cv,1.2825502985362358,1.6187976019600936,0.3362473034238578,0.24688383086761778,0.4139976665634412,True
input,Transformer,from20,none,ar_bounded_52,spearman,0.39568380513606355,0.39904892469589626,0.0033651195598327077,0.0006573654170860367,0.005991760003540136,True
input,Transformer,from20,none,ar_bounded_52,mape_aggregate,44.39604820933602,24.20102223910292,-20.195025970233104,-26.673133972475483,-13.78759672860205,True
input,Transformer,from20,none,ar_bounded_52,abs_bias,39.79098571991262,14.581431389560723,-25.209554330351896,-33.41265516371851,-16.80217137479401,True
input,Transformer,from20,none,ar_bounded_52,rmse_customer_total,1.29816842995205,1.2510513185013674,-0.047117111450682536,-0.07683231084364096,-0.019336330148661613,True
input,Transformer,from20,none,ar_bounded_52,cv,1.3231938978578406,1.2674363970888207,-0.05575750076901986,-0.11312412083363876,0.0024579586811499347,False
input,Transformer,from20,none,kmeans_8,spearman,0.39568380513606355,0.34888075520006673,-0.04680304993599682,-0.0510822953342627,-0.04255310143498128,True
input,Transformer,from20,none,kmeans_8,mape_aggregate,44.39604820933602,26.244886414473022,-18.151161794863,-24.470522928832345,-11.862580138756186,True
input,Transformer,from20,none,kmeans_8,abs_bias,39.79098571991262,12.476312550771642,-27.314673169140978,-34.820137750468575,-19.639745808895434,True
input,Transformer,from20,none,kmeans_8,rmse_customer_total,1.29816842995205,1.314384338856607,0.01621590890455704,-0.012291734257446917,0.04255188458712308,False
input,Transformer,from20,none,kmeans_8,cv,1.3231938978578406,1.6677692962937392,0.34457539843589857,0.2921481233543256,0.3948291603031445,True
input,Transformer,from20,ar_bounded_52,kmeans_8,spearman,0.39904892469589626,0.34888075520006673,-0.05016816949582953,-0.05386239649716197,-0.04650465353024647,True
input,Transformer,from20,ar_bounded_52,kmeans_8,mape_aggregate,24.20102223910292,26.244886414473022,2.0438641753701035,-2.1564652104388897,6.034180140718597,False
input,Transformer,from20,ar_bounded_52,kmeans_8,abs_bias,14.581431389560723,12.476312550771642,-2.105118838789082,-7.776385426194053,3.4407055007184293,False
input,Transformer,from20,ar_bounded_52,kmeans_8,rmse_customer_total,1.2510513185013674,1.314384338856607,0.06333302035523958,0.04713105078535418,0.07848845369207966,True
input,Transformer,from20,ar_bounded_52,kmeans_8,cv,1.2674363970888207,1.6677692962937392,0.40033289920491844,0.33845387899029383,0.45956746249457603,True
input,Transformer,from30,none,ar_bounded_52,spearman,0.39642785298898703,0.3971488502027767,0.0007209972137896536,-0.0020569254433903325,0.003488771976769923,False
input,Transformer,from30,none,ar_bounded_52,mape_aggregate,43.999127633927834,21.670167627996783,-22.32896000593105,-29.685889814672127,-15.472968291947021,True
input,Transformer,from30,none,ar_bounded_52,abs_bias,40.079425104819514,12.743154578102642,-27.336270526716874,-36.19235172022239,-18.73570074049387,True
input,Transformer,from30,none,ar_bounded_52,rmse_customer_total,1.2939521530689513,1.2457920621760659,-0.04816009089288542,-0.07091089402370152,-0.027926850790830304,True
input,Transformer,from30,none,ar_bounded_52,cv,1.3102624882485094,1.2407777115016836,-0.06948477674682585,-0.12063773260205805,-0.02053463694532589,True
input,Transformer,from30,none,kmeans_8,spearman,0.39642785298898703,0.35150924875368295,-0.04491860423530408,-0.04833299567220421,-0.04160697398684787,True
input,Transformer,from30,none,kmeans_8,mape_aggregate,43.999127633927834,24.40464950047734,-19.594478133450494,-26.97863128020323,-12.504053657863507,True
input,Transformer,from30,none,kmeans_8,abs_bias,40.079425104819514,11.73173748938186,-28.347687615437653,-37.07520306584586,-19.802843238700472,True
input,Transformer,from30,none,kmeans_8,rmse_customer_total,1.2939521530689513,1.3062412170987834,0.012289064029832097,-0.012413583001946074,0.03501047293880762,False
input,Transformer,from30,none,kmeans_8,cv,1.3102624882485094,1.692104898187544,0.3818424099390345,0.33624232293738576,0.4271125753172971,True
input,Transformer,from30,ar_bounded_52,kmeans_8,spearman,0.3971488502027767,0.35150924875368295,-0.045639601449093736,-0.04828784586755743,-0.04302071612816773,True
input,Transformer,from30,ar_bounded_52,kmeans_8,mape_aggregate,21.670167627996783,24.40464950047734,2.7344818724805577,-0.5761573787007115,6.0405164787021635,False
input,Transformer,from30,ar_bounded_52,kmeans_8,abs_bias,12.743154578102642,11.73173748938186,-1.0114170887207816,-6.026067577400176,3.9472786752592945,False
input,Transformer,from30,ar_bounded_52,kmeans_8,rmse_customer_total,1.2457920621760659,1.3062412170987834,0.06044915492271752,0.047666607184202486,0.07366775573609335,True
input,Transformer,from30,ar_bounded_52,kmeans_8,cv,1.2407777115016836,1.692104898187544,0.45132718668586036,0.3966734418426717,0.5054750771487379,True
model,none,nofloor,LSTM,LSTMAttention,spearman,0.4018651383527138,0.39870698727162585,-0.0031581510810879676,-0.006103733014931918,9.149850180880229e-05,False
model,none,nofloor,LSTM,LSTMAttention,mape_aggregate,21.500455628269567,19.621811937795307,-1.8786436904742594,-8.06767025554631,2.820556148190119,False
model,none,nofloor,LSTM,LSTMAttention,abs_bias,15.499517689886005,14.096740490269037,-1.4027771996169687,-9.179336044070878,5.185134200069842,False
model,none,nofloor,LSTM,LSTMAttention,rmse_customer_total,1.1784159590100431,1.205248718211253,0.026832759201209866,0.007446366931670043,0.04294024680439224,True
model,none,nofloor,LSTM,LSTMAttention,cv,1.239594172308627,1.064266237007796,-0.17532793530083102,-0.2401295046611246,-0.10494168238452113,True
model,none,nofloor,LSTM,Transformer,spearman,0.4018651383527138,0.39623149004701647,-0.005633648305697347,-0.008653047779038733,-0.0024412472460603684,True
model,none,nofloor,LSTM,Transformer,mape_aggregate,21.500455628269567,43.53634537210987,22.035889743840304,13.430666547523597,29.85155127210466,True
model,none,nofloor,LSTM,Transformer,abs_bias,15.499517689886005,34.08925790382993,18.589740213943927,7.282106254952242,29.055773283038768,True
model,none,nofloor,LSTM,Transformer,rmse_customer_total,1.1784159590100431,1.2895316128810073,0.11111565387096412,0.08197322460583595,0.140905679771927,True
model,none,nofloor,LSTM,Transformer,cv,1.239594172308627,1.3169028746849119,0.07730870237628484,0.011965240421235014,0.14850966562175205,True
model,none,from20,LSTM,LSTMAttention,spearman,0.4029287162993989,0.40047902270683355,-0.0024496935925653607,-0.005766840228480621,0.0010285361332995702,False
model,none,from20,LSTM,LSTMAttention,mape_aggregate,17.806423995528583,20.139317763486844,2.332893767958261,-0.10248092968402667,4.888580815471558,False
model,none,from20,LSTM,LSTMAttention,abs_bias,10.742838736480028,14.80450164571231,4.0616629092322825,-0.42029121069899134,8.540841234427852,False
model,none,from20,LSTM,LSTMAttention,rmse_customer_total,1.159173013935543,1.198789149161788,0.039616135226244964,0.03211376002628952,0.04637440033751652,True
model,none,from20,LSTM,LSTMAttention,cv,1.2992512581971354,1.1280266168452686,-0.17122464135186677,-0.2142887941115951,-0.12588765656901588,True
model,none,from20,LSTM,Transformer,spearman,0.4029287162993989,0.39568380513606355,-0.007244911163335366,-0.010578851192184621,-0.0038644034687102978,True
model,none,from20,LSTM,Transformer,mape_aggregate,17.806423995528583,44.39604820933602,26.58962421380744,20.800504641639748,32.477865157224315,True
model,none,from20,LSTM,Transformer,abs_bias,10.742838736480028,39.79098571991262,29.04814698343259,21.551360527566285,36.55582154730189,True
model,none,from20,LSTM,Transformer,rmse_customer_total,1.159173013935543,1.29816842995205,0.138995416016507,0.1139984804331277,0.16676348034729493,True
model,none,from20,LSTM,Transformer,cv,1.2992512581971354,1.3231938978578406,0.0239426396607052,-0.021944827529190254,0.07169163221767186,False
model,none,from30,LSTM,LSTMAttention,spearman,0.4021158913211658,0.4003388644237543,-0.0017770268974114933,-0.005586335380539725,0.0020127200970433343,False
model,none,from30,LSTM,LSTMAttention,mape_aggregate,19.35186296866445,18.122689637129497,-1.2291733315349518,-3.1017369473151706,0.6080753753364936,False
model,none,from30,LSTM,LSTMAttention,abs_bias,12.746577797382944,11.242235025471963,-1.5043427719109808,-5.5105862072639855,2.4778022150353487,False
model,none,from30,LSTM,LSTMAttention,rmse_customer_total,1.1570408425275418,1.1998562024556776,0.04281535992813579,0.035198252364472396,0.050126431525655483,True
model,none,from30,LSTM,LSTMAttention,cv,1.309855015747762,1.1682373322593917,-0.14161768348837023,-0.18140015917728264,-0.10198215815680098,True
model,none,from30,LSTM,Transformer,spearman,0.4021158913211658,0.39642785298898703,-0.005688038332178791,-0.00921523126405325,-0.0020873305771047347,True
model,none,from30,LSTM,Transformer,mape_aggregate,19.35186296866445,43.999127633927834,24.647264665263386,17.897347828090865,31.71820518193007,True
model,none,from30,LSTM,Transformer,abs_bias,12.746577797382944,40.079425104819514,27.33284730743657,19.041078491033453,35.94652054568212,True
model,none,from30,LSTM,Transformer,rmse_customer_total,1.1570408425275418,1.2939521530689513,0.13691131054140948,0.11673049773225179,0.15890553857066853,True
model,none,from30,LSTM,Transformer,cv,1.309855015747762,1.3102624882485094,0.00040747250074746333,-0.042435568909047684,0.043208841955304486,False
model,ar_bounded_52,nofloor,LSTM,LSTMAttention,spearman,0.39872407194050374,0.39869808480365715,-2.5987136846594705e-05,-0.003334327105293896,0.0034662435777176805,False
model,ar_bounded_52,nofloor,LSTM,LSTMAttention,mape_aggregate,17.53485404359372,18.29275923500513,0.7579051914114068,-1.6459413842798787,3.473583785918204,False
model,ar_bounded_52,nofloor,LSTM,LSTMAttention,abs_bias,10.309986702850981,10.195982985588614,-0.11400371726236713,-4.829812854098015,4.824846649603159,False
model,ar_bounded_52,nofloor,LSTM,LSTMAttention,rmse_customer_total,1.1831274255734903,1.2208241323396218,0.03769670676613157,0.027795214173557934,0.04742173674512963,True
model,ar_bounded_52,nofloor,LSTM,LSTMAttention,cv,1.1360169337907537,1.0898451152336617,-0.04617181855709207,-0.0931082394422101,-0.002514655266222619,True
model,ar_bounded_52,nofloor,LSTM,Transformer,spearman,0.39872407194050374,0.4012876489412556,0.002563577000751882,-0.0006674854739901348,0.0059737432187924044,False
model,ar_bounded_52,nofloor,LSTM,Transformer,mape_aggregate,17.53485404359372,31.47667001608425,13.941815972490527,9.760186584750441,18.43309526350469,True
model,ar_bounded_52,nofloor,LSTM,Transformer,abs_bias,10.309986702850981,18.89762689694502,8.587640194094039,2.692387215940633,14.669631906580083,True
model,ar_bounded_52,nofloor,LSTM,Transformer,rmse_customer_total,1.1831274255734903,1.257003241411727,0.07387581583823666,0.052361976997832814,0.10093062031674398,True
model,ar_bounded_52,nofloor,LSTM,Transformer,cv,1.1360169337907537,1.2825502985362358,0.14653336474548206,0.06303170238434831,0.23915237589115318,True
model,ar_bounded_52,from20,LSTM,LSTMAttention,spearman,0.4012674351231749,0.4010547789927263,-0.00021265613044862963,-0.0030911650655393386,0.002542881178617456,False
model,ar_bounded_52,from20,LSTM,LSTMAttention,mape_aggregate,19.547362312974705,17.62157948579035,-1.9257828271843564,-4.372584750803001,0.672012208449377,False
model,ar_bounded_52,from20,LSTM,LSTMAttention,abs_bias,13.537590441777038,9.97481716327564,-3.562773278501398,-8.0659068921128,1.0987117775783124,False
model,ar_bounded_52,from20,LSTM,LSTMAttention,rmse_customer_total,1.1538597193581837,1.2076603531343797,0.05380063377619604,0.04545177580441197,0.06206181589540521,True
model,ar_bounded_52,from20,LSTM,LSTMAttention,cv,1.2796374523929548,1.159280140890599,-0.12035731150235573,-0.16522602168533437,-0.07515753690187368,True
model,ar_bounded_52,from20,LSTM,Transformer,spearman,0.4012674351231749,0.39904892469589626,-0.0022185104272786638,-0.004736031470874451,0.00027850296651732144,False
model,ar_bounded_52,from20,LSTM,Transformer,mape_aggregate,19.547362312974705,24.20102223910292,4.653659926128213,1.2228464602786555,8.374466132454993,True
model,ar_bounded_52,from20,LSTM,Transformer,abs_bias,13.537590441777038,14.581431389560723,1.0438409477836856,-4.302189344575226,6.879529183088753,False
model,ar_bounded_52,from20,LSTM,Transformer,rmse_customer_total,1.1538597193581837,1.2510513185013674,0.09719159914318376,0.0832657342501177,0.11242088323999519,True
model,ar_bounded_52,from20,LSTM,Transformer,cv,1.2796374523929548,1.2674363970888207,-0.012201055304134067,-0.0724652172374544,0.04934234503266578,False
model,ar_bounded_52,from30,LSTM,LSTMAttention,spearman,0.3999685054707944,0.4020458147410375,0.002077309270243133,-0.0010055945942119052,0.005059358686097528,False
model,ar_bounded_52,from30,LSTM,LSTMAttention,mape_aggregate,18.41556466641395,17.023776433066846,-1.3917882333471034,-3.1298514078790336,0.1952548661055811,False
model,ar_bounded_52,from30,LSTM,LSTMAttention,abs_bias,10.135555867173322,9.34252309029746,-0.7930327768758616,-4.477855030461386,2.809818335944729,False
model,ar_bounded_52,from30,LSTM,LSTMAttention,rmse_customer_total,1.1567281941885277,1.2018566761520753,0.04512848196354757,0.035278027886923684,0.054636377907947134,True
model,ar_bounded_52,from30,LSTM,LSTMAttention,cv,1.228753187821896,1.1812888401462667,-0.04746434767562935,-0.08607383030454645,-0.006380380015663356,True
model,ar_bounded_52,from30,LSTM,Transformer,spearman,0.3999685054707944,0.3971488502027767,-0.0028196552680176956,-0.005594449686981488,6.972002047491039e-05,False
model,ar_bounded_52,from30,LSTM,Transformer,mape_aggregate,18.41556466641395,21.670167627996783,3.254602961582833,0.8638091130445252,5.920824287077414,True
model,ar_bounded_52,from30,LSTM,Transformer,abs_bias,10.135555867173322,12.743154578102642,2.60759871092932,-1.9141765976908318,7.228961113962473,False
model,ar_bounded_52,from30,LSTM,Transformer,rmse_customer_total,1.1567281941885277,1.2457920621760659,0.08906386798753818,0.07871302338663978,0.09878127766096975,True
model,ar_bounded_52,from30,LSTM,Transformer,cv,1.228753187821896,1.2407777115016836,0.012024523679787569,-0.040950860400320165,0.06465149370792378,False
model,kmeans_8,nofloor,LSTM,LSTMAttention,spearman,0.3579920705764125,0.36600278153457755,0.008010710958165024,0.0008759553414259187,0.015238432814191103,True
model,kmeans_8,nofloor,LSTM,LSTMAttention,mape_aggregate,18.531124202726552,20.17526280932671,1.6441386066001584,-1.2490824359481894,4.51634421468783,False
model,kmeans_8,nofloor,LSTM,LSTMAttention,abs_bias,9.370056132755995,15.688398236150608,6.318342103394613,1.2636105825827195,11.304578285540783,True
model,kmeans_8,nofloor,LSTM,LSTMAttention,rmse_customer_total,1.278885219820101,1.29369130559626,0.01480608577615894,0.00266417047893023,0.027865289759176896,True
model,kmeans_8,nofloor,LSTM,LSTMAttention,cv,1.6226163572793648,1.5127152615573014,-0.10990109572206341,-0.17867884856867583,-0.03956505696659101,True
model,kmeans_8,nofloor,LSTM,Transformer,spearman,0.3579920705764125,0.3466784911580465,-0.011313579418366027,-0.01882756232386802,-0.0035395396101964554,True
model,kmeans_8,nofloor,LSTM,Transformer,mape_aggregate,18.531124202726552,32.172879960880564,13.641755758154012,9.216318453860337,18.575333827622963,True
model,kmeans_8,nofloor,LSTM,Transformer,abs_bias,9.370056132755995,16.366637743002737,6.996581610246743,0.7632851217509058,13.08509483501103,True
model,kmeans_8,nofloor,LSTM,Transformer,rmse_customer_total,1.278885219820101,1.3297919294715657,0.0509067096514646,0.03305253615128553,0.07013644578913822,True
model,kmeans_8,nofloor,LSTM,Transformer,cv,1.6226163572793648,1.6187976019600936,-0.0038187553192712276,-0.06847148444949072,0.06389331668510406,False
model,kmeans_8,from20,LSTM,LSTMAttention,spearman,0.35401453362523355,0.3701191055526404,0.01610457192740683,0.010722451031476456,0.021647931812540704,True
model,kmeans_8,from20,LSTM,LSTMAttention,mape_aggregate,18.71320975244006,19.059651975795184,0.34644222335512254,-2.1836836047385595,2.813718572687311,False
model,kmeans_8,from20,LSTM,LSTMAttention,abs_bias,12.434371168263997,13.73562993787996,1.3012587696159628,-3.3050215656490387,5.9450802177603315,False
model,kmeans_8,from20,LSTM,LSTMAttention,rmse_customer_total,1.2699194108919518,1.282799955759056,0.012880544867104105,0.0010782198206666152,0.024153785203475133,True
model,kmeans_8,from20,LSTM,LSTMAttention,cv,1.629692010562668,1.519169305501265,-0.11052270506140305,-0.16823760806391413,-0.051792742287999856,True
model,kmeans_8,from20,LSTM,Transformer,spearman,0.35401453362523355,0.34888075520006673,-0.005133778425166824,-0.011374462850811767,0.0012826849942715202,False
model,kmeans_8,from20,LSTM,Transformer,mape_aggregate,18.71320975244006,26.244886414473022,7.531676662032961,4.387456793484982,10.654176840612092,True
model,kmeans_8,from20,LSTM,Transformer,abs_bias,12.434371168263997,12.476312550771642,0.041941382507644676,-4.456494859769832,4.70730203862952,False
model,kmeans_8,from20,LSTM,Transformer,rmse_customer_total,1.2699194108919518,1.314384338856607,0.044464927964655176,0.031066971738019856,0.058053405932748714,True
model,kmeans_8,from20,LSTM,Transformer,cv,1.629692010562668,1.6677692962937392,0.038077285731071164,-0.02548601427678031,0.10184308978126218,False
model,kmeans_8,from30,LSTM,LSTMAttention,spearman,0.3507059589533591,0.3690736489701746,0.018367690016815486,0.011149985971345077,0.025204515023634733,True
model,kmeans_8,from30,LSTM,LSTMAttention,mape_aggregate,18.312081045091904,19.87412483223484,1.5620437871429367,-1.6785933131606718,4.581794921142474,False
model,kmeans_8,from30,LSTM,LSTMAttention,abs_bias,11.873186709823273,15.545978287805823,3.672791577982551,-1.2769938032776138,8.353599368493137,False
model,kmeans_8,from30,LSTM,LSTMAttention,rmse_customer_total,1.266306381255673,1.2891095782869708,0.02280319703129785,0.010835972671269112,0.03432140482696332,True
model,kmeans_8,from30,LSTM,LSTMAttention,cv,1.658740412431187,1.516224374584485,-0.14251603784670208,-0.2147064094062555,-0.06910984963585452,True
model,kmeans_8,from30,LSTM,Transformer,spearman,0.3507059589533591,0.35150924875368295,0.0008032898003238476,-0.0062253081862105614,0.007418559597964651,False
model,kmeans_8,from30,LSTM,Transformer,mape_aggregate,18.312081045091904,24.40464950047734,6.092568455385436,2.602597546041095,9.568805519005743,True
model,kmeans_8,from30,LSTM,Transformer,abs_bias,11.873186709823273,11.73173748938186,-0.1414492204414124,-5.31264484233665,5.011236267584141,False
model,kmeans_8,from30,LSTM,Transformer,rmse_customer_total,1.266306381255673,1.3062412170987834,0.03993483584311042,0.02558513049205189,0.05521168997658837,True
model,kmeans_8,from30,LSTM,Transformer,cv,1.658740412431187,1.692104898187544,0.033364485756356865,-0.03868869369335408,0.10705439596689978,False
