model,rule,input,metric,n_a,n_b,mean_pnbd,mean_cell,delta,lo,hi,supported
LSTM,searched,none,rmse_customer_total,20,20,1.228311678817268,1.163222377263772,-0.06508930155349613,-0.06977139002821732,-0.059908951282786824,True
LSTM,searched,none,abs_bias,20,20,16.562071324137413,14.817176879042435,-1.7448944450949782,-5.575970077474312,2.6699860057417726,False
LSTM,searched,none,mape_aggregate,20,20,27.717061191420566,20.542508666490512,-7.1745525249300535,-9.772862299475904,-4.013045775991842,True
LSTM,searched,none,spearman,20,20,0.39506455212262825,0.40504653770873283,0.00998198558610458,0.008582120796319323,0.011377308016963988,True
LSTM,searched,none,bias_percent,20,20,-16.562071324137413,13.835579311806137,30.39765063594355,25.790056933868005,35.34693310555721,True
LSTM,nofloor,none,rmse_customer_total,20,20,1.228311678817268,1.1784159590100431,-0.04989571980722496,-0.06487872619459119,-0.03060358668362622,True
LSTM,nofloor,none,abs_bias,20,20,16.562071324137413,15.499517689886005,-1.0625536342514081,-6.347874334678932,5.8362852965365475,False
LSTM,nofloor,none,mape_aggregate,20,20,27.717061191420566,21.500455628269567,-6.216605563150999,-10.115600108197398,-0.4518444337138478,True
LSTM,nofloor,none,spearman,20,20,0.39506455212262825,0.4018651383527138,0.006800586230085559,0.0039025930750704375,0.009425991597082845,True
LSTM,nofloor,none,bias_percent,20,20,-16.562071324137413,13.165314567187057,29.72738589132447,23.234331337809856,37.40115539597819,True
LSTM,nofloor,ar_bounded_52,rmse_customer_total,20,20,1.228311678817268,1.1831274255734903,-0.04518425324377784,-0.05437364693576673,-0.03571884331513061,True
LSTM,nofloor,ar_bounded_52,abs_bias,20,20,16.562071324137413,10.309986702850981,-6.252084621286432,-8.77461474864354,-3.667530894717569,True
LSTM,nofloor,ar_bounded_52,mape_aggregate,20,20,27.717061191420566,17.53485404359372,-10.182207147826844,-11.144703326898318,-9.08837050095338,True
LSTM,nofloor,ar_bounded_52,spearman,20,20,0.39506455212262825,0.39872407194050374,0.0036595198178754895,0.00030541173013967133,0.006801837497941007,True
LSTM,nofloor,ar_bounded_52,bias_percent,20,20,-16.562071324137413,8.694176621647994,25.256247945785407,21.645937468235317,28.682073917897327,True
LSTM,nofloor,kmeans_8,rmse_customer_total,20,20,1.228311678817268,1.278885219820101,0.050573541002832956,0.039585608211536956,0.060930685261641346,True
LSTM,nofloor,kmeans_8,abs_bias,20,20,16.562071324137413,9.370056132755995,-7.192015191381419,-11.170003388696154,-2.8738329025041507,True
LSTM,nofloor,kmeans_8,mape_aggregate,20,20,27.717061191420566,18.531124202726552,-9.185936988694014,-11.289227517477114,-6.751000950660181,True
LSTM,nofloor,kmeans_8,spearman,20,20,0.39506455212262825,0.3579920705764125,-0.03707248154621573,-0.043426648516606776,-0.03106546932398762,True
LSTM,nofloor,kmeans_8,bias_percent,20,20,-16.562071324137413,9.04425971932376,25.606331043461175,21.460228679843503,30.07401212224883,True
LSTM,from20,none,rmse_customer_total,20,20,1.228311678817268,1.159173013935543,-0.06913866488172515,-0.07416178085534246,-0.06380559924243513,True
LSTM,from20,none,abs_bias,20,20,16.562071324137413,10.742838736480028,-5.819232587657385,-8.532322547373147,-2.945888025938481,True
LSTM,from20,none,mape_aggregate,20,20,27.717061191420566,17.806423995528583,-9.910637195891983,-11.162315668681957,-8.416029145776355,True
LSTM,from20,none,spearman,20,20,0.39506455212262825,0.4029287162993989,0.00786416417677066,0.005287233293405087,0.01032705396069469,True
LSTM,from20,none,bias_percent,20,20,-16.562071324137413,10.20405584478371,26.766127168921123,23.636919643698505,29.980583243974667,True
LSTM,from20,ar_bounded_52,rmse_customer_total,20,20,1.228311678817268,1.1538597193581837,-0.07445195945908445,-0.081953300332359,-0.06691654574436118,True
LSTM,from20,ar_bounded_52,abs_bias,20,20,16.562071324137413,13.537590441777038,-3.0244808823603755,-6.069066846794893,0.16610627205855524,False
LSTM,from20,ar_bounded_52,mape_aggregate,20,20,27.717061191420566,19.547362312974705,-8.16969887844586,-9.777685078489501,-6.371865691810803,True
LSTM,from20,ar_bounded_52,spearman,20,20,0.39506455212262825,0.4012674351231749,0.006202883000546666,0.003814852904778997,0.00859317434617281,True
LSTM,from20,ar_bounded_52,bias_percent,20,20,-16.562071324137413,13.537590441777038,30.09966176591445,27.04264004104395,33.28351501286749,True
LSTM,from20,kmeans_8,rmse_customer_total,20,20,1.228311678817268,1.2699194108919518,0.04160773207468371,0.03229205456577015,0.050907658514601384,True
LSTM,from20,kmeans_8,abs_bias,20,20,16.562071324137413,12.434371168263997,-4.127700155873416,-7.522557921087129,-0.6083738286714843,True
LSTM,from20,kmeans_8,mape_aggregate,20,20,27.717061191420566,18.71320975244006,-9.003851438980504,-10.697592602524754,-7.093528820169259,True
LSTM,from20,kmeans_8,spearman,20,20,0.39506455212262825,0.35401453362523355,-0.0410500184973947,-0.04645815877890963,-0.0358039803571027,True
LSTM,from20,kmeans_8,bias_percent,20,20,-16.562071324137413,12.434371168263997,28.99644249240141,25.570126836497494,32.50285799996934,True
LSTM,from30,none,rmse_customer_total,20,20,1.228311678817268,1.1570408425275418,-0.0712708362897263,-0.0770872966607546,-0.06549331344807437,True
LSTM,from30,none,abs_bias,20,20,16.562071324137413,12.746577797382944,-3.8154935267544694,-7.025093487938713,-0.7969268716178951,True
LSTM,from30,none,mape_aggregate,20,20,27.717061191420566,19.35186296866445,-8.365198222756117,-9.801868693296246,-6.919920111142535,True
LSTM,from30,none,spearman,20,20,0.39506455212262825,0.4021158913211658,0.007051339198537565,0.004149135942239861,0.009841840460132966,True
LSTM,from30,none,bias_percent,20,20,-16.562071324137413,12.688510084844165,29.250581408981578,26.00830474717785,32.3150011114636,True
LSTM,from30,ar_bounded_52,rmse_customer_total,20,20,1.228311678817268,1.1567281941885277,-0.07158348462874042,-0.07935561895523338,-0.06314495486060624,True
LSTM,from30,ar_bounded_52,abs_bias,20,20,16.562071324137413,10.135555867173322,-6.426515456964092,-9.314042574636936,-3.3744900615009428,True
LSTM,from30,ar_bounded_52,mape_aggregate,20,20,27.717061191420566,18.41556466641395,-9.301496525006616,-10.49371671868638,-7.7775611130362,True
LSTM,from30,ar_bounded_52,spearman,20,20,0.39506455212262825,0.3999685054707944,0.0049039533481661235,0.002259595909657038,0.0074937092088337275,True
LSTM,from30,ar_bounded_52,bias_percent,20,20,-16.562071324137413,10.048356809476491,26.610428133613905,23.658999122125238,29.726659646022824,True
LSTM,from30,kmeans_8,rmse_customer_total,20,20,1.228311678817268,1.266306381255673,0.03799470243840486,0.028587553230740748,0.04732429063445861,True
LSTM,from30,kmeans_8,abs_bias,20,20,16.562071324137413,11.873186709823273,-4.688884614314141,-8.358141507467794,-0.6847626458714647,True
LSTM,from30,kmeans_8,mape_aggregate,20,20,27.717061191420566,18.312081045091904,-9.404980146328661,-11.662045728296057,-6.808293415753939,True
LSTM,from30,kmeans_8,spearman,20,20,0.39506455212262825,0.3507059589533591,-0.044358593169269156,-0.05083319929485429,-0.03772715416066391,True
LSTM,from30,kmeans_8,bias_percent,20,20,-16.562071324137413,11.464138914470906,28.02621023860832,24.11171256947705,32.23442490719251,True
LSTMAttention,searched,none,rmse_customer_total,20,20,1.228311678817268,1.208464667579106,-0.019847011238162127,-0.023753709050130033,-0.014882927898629184,True
LSTMAttention,searched,none,abs_bias,20,20,16.562071324137413,16.368142981054394,-0.19392834308301943,-4.768474284728943,4.989687368721056,False
LSTMAttention,searched,none,mape_aggregate,20,20,27.717061191420566,21.361965259074207,-6.355095932346359,-9.47990630187695,-2.4376012508929956,True
LSTMAttention,searched,none,spearman,20,20,0.39506455212262825,0.40332813765592535,0.008263585533297091,0.006353910147819932,0.010091312310372334,True
LSTMAttention,searched,none,bias_percent,20,20,-16.562071324137413,16.013159440810927,32.575230764948344,27.744210136615163,37.94883921861708,True
LSTMAttention,nofloor,none,rmse_customer_total,20,20,1.228311678817268,1.205248718211253,-0.023062960606015093,-0.027073838392503866,-0.01841727700882462,True
LSTMAttention,nofloor,none,abs_bias,20,20,16.562071324137413,14.096740490269037,-2.465330833868377,-6.191318177016532,1.4440294580229793,False
LSTMAttention,nofloor,none,mape_aggregate,20,20,27.717061191420566,19.621811937795307,-8.095249253625258,-10.223658256325828,-5.5127358592831595,True
LSTMAttention,nofloor,none,spearman,20,20,0.39506455212262825,0.39870698727162585,0.0036424351489975915,0.0016806268459137839,0.0057012690703807265,True
LSTMAttention,nofloor,none,bias_percent,20,20,-16.562071324137413,14.096740490269037,30.658811814406448,26.896858496879677,34.595503272646475,True
LSTMAttention,nofloor,ar_bounded_52,rmse_customer_total,20,20,1.228311678817268,1.2208241323396218,-0.0074875464776462675,-0.011081136175340733,-0.0039068166781698116,True
LSTMAttention,nofloor,ar_bounded_52,abs_bias,20,20,16.562071324137413,10.195982985588614,-6.366088338548799,-10.32739255701476,-1.9558390905476737,True
LSTMAttention,nofloor,ar_bounded_52,mape_aggregate,20,20,27.717061191420566,18.29275923500513,-9.424301956415437,-11.571535022613075,-6.897985907265518,True
LSTMAttention,nofloor,ar_bounded_52,spearman,20,20,0.39506455212262825,0.39869808480365715,0.003633532681028895,0.0019687311605395357,0.005270600532071738,True
LSTMAttention,nofloor,ar_bounded_52,bias_percent,20,20,-16.562071324137413,9.14073026987491,25.70280159401232,21.224755077603582,30.523328953248278,True
LSTMAttention,nofloor,kmeans_8,rmse_customer_total,20,20,1.228311678817268,1.29369130559626,0.0653796267789919,0.05910539232191758,0.07190947407076521,True
LSTMAttention,nofloor,kmeans_8,abs_bias,20,20,16.562071324137413,15.688398236150608,-0.8736730879868055,-3.6918208610007497,2.111186501150212,False
LSTMAttention,nofloor,kmeans_8,mape_aggregate,20,20,27.717061191420566,20.17526280932671,-7.541798382093855,-9.291894185150934,-5.596115683645133,True
LSTMAttention,nofloor,kmeans_8,spearman,20,20,0.39506455212262825,0.36600278153457755,-0.029061770588050706,-0.03316736072314255,-0.025730514450242343,True
LSTMAttention,nofloor,kmeans_8,bias_percent,20,20,-16.562071324137413,15.688398236150608,32.250469560288025,29.470036142573875,35.194439385351124,True
LSTMAttention,from20,none,rmse_customer_total,20,20,1.228311678817268,1.198789149161788,-0.02952252965548019,-0.03496198385391989,-0.024948945628991446,True
LSTMAttention,from20,none,abs_bias,20,20,16.562071324137413,14.80450164571231,-1.757569678425103,-5.256639704517822,1.7716560819488558,False
LSTMAttention,from20,none,mape_aggregate,20,20,27.717061191420566,20.139317763486844,-7.577743427933722,-9.487236351133522,-5.338828465634499,True
LSTMAttention,from20,none,spearman,20,20,0.39506455212262825,0.40047902270683355,0.0054144705842053,0.002844574819483759,0.00805207028335029,True
LSTMAttention,from20,none,bias_percent,20,20,-16.562071324137413,14.758510107108924,31.32058143124634,27.763977512071605,34.93167896204577,True
LSTMAttention,from20,ar_bounded_52,rmse_customer_total,20,20,1.228311678817268,1.2076603531343797,-0.02065132568288841,-0.024108273113211776,-0.0170061164802926,True
LSTMAttention,from20,ar_bounded_52,abs_bias,20,20,16.562071324137413,9.97481716327564,-6.587254160861773,-9.815131969489189,-3.080091543361645,True
LSTMAttention,from20,ar_bounded_52,mape_aggregate,20,20,27.717061191420566,17.62157948579035,-10.095481705630217,-11.682305294993174,-8.096207102741102,True
LSTMAttention,from20,ar_bounded_52,spearman,20,20,0.39506455212262825,0.4010547789927263,0.0059902268700980366,0.00394856058017573,0.00792709211494425,True
LSTMAttention,from20,ar_bounded_52,bias_percent,20,20,-16.562071324137413,9.327386081877803,25.889457406015218,22.290761528710128,29.63348841468537,True
LSTMAttention,from20,kmeans_8,rmse_customer_total,20,20,1.228311678817268,1.282799955759056,0.05448827694178782,0.047296488189308664,0.061480722769422194,True
LSTMAttention,from20,kmeans_8,abs_bias,20,20,16.562071324137413,13.73562993787996,-2.8264413862574536,-6.0154182713196285,0.33464566677233554,False
LSTMAttention,from20,kmeans_8,mape_aggregate,20,20,27.717061191420566,19.059651975795184,-8.657409215625382,-10.380271462095054,-6.814764219290948,True
LSTMAttention,from20,kmeans_8,spearman,20,20,0.39506455212262825,0.3701191055526404,-0.024945446569987872,-0.026806752777912734,-0.02318519827404842,True
LSTMAttention,from20,kmeans_8,bias_percent,20,20,-16.562071324137413,13.73562993787996,30.297701262017373,27.09534915348541,33.46150996981565,True
LSTMAttention,from30,none,rmse_customer_total,20,20,1.228311678817268,1.1998562024556776,-0.028455476361590515,-0.03360769387817826,-0.02403697759556296,True
LSTMAttention,from30,none,abs_bias,20,20,16.562071324137413,11.242235025471963,-5.31983629866545,-7.854188476095299,-2.7669927938318524,True
LSTMAttention,from30,none,mape_aggregate,20,20,27.717061191420566,18.122689637129497,-9.594371554291069,-10.664836588429633,-8.378788713281768,True
LSTMAttention,from30,none,spearman,20,20,0.39506455212262825,0.4003388644237543,0.005274312301126072,0.0024436316614743574,0.008147864707754547,True
LSTMAttention,from30,none,bias_percent,20,20,-16.562071324137413,10.812100429213386,27.3741717533508,24.389548794643954,30.185827268429193,True
LSTMAttention,from30,ar_bounded_52,rmse_customer_total,20,20,1.228311678817268,1.2018566761520753,-0.02645500266519285,-0.03181469720759097,-0.021263404820372766,True
LSTMAttention,from30,ar_bounded_52,abs_bias,20,20,16.562071324137413,9.34252309029746,-7.219548233839953,-9.37544520643121,-4.920544538978806,True
LSTMAttention,from30,ar_bounded_52,mape_aggregate,20,20,27.717061191420566,17.023776433066846,-10.69328475835372,-11.578225301819383,-9.664090168834713,True
LSTMAttention,from30,ar_bounded_52,spearman,20,20,0.39506455212262825,0.4020458147410375,0.006981262618409256,0.0049804347164619615,0.008947893798675506,True
LSTMAttention,from30,ar_bounded_52,bias_percent,20,20,-16.562071324137413,9.34252309029746,25.904594414434875,23.804756147358955,28.18385780660374,True
LSTMAttention,from30,kmeans_8,rmse_customer_total,20,20,1.228311678817268,1.2891095782869708,0.06079789946970271,0.0536318326207508,0.06787524363222261,True
LSTMAttention,from30,kmeans_8,abs_bias,20,20,16.562071324137413,15.545978287805823,-1.0160930363315899,-4.053861593461007,1.9067914433055546,False
LSTMAttention,from30,kmeans_8,mape_aggregate,20,20,27.717061191420566,19.87412483223484,-7.842936359185725,-9.7830911089642,-5.837089347470362,True
LSTMAttention,from30,kmeans_8,spearman,20,20,0.39506455212262825,0.3690736489701746,-0.02599090315245367,-0.02899186300446102,-0.023106992096042923,True
LSTMAttention,from30,kmeans_8,bias_percent,20,20,-16.562071324137413,15.545978287805823,32.10804961194324,29.047175682019112,35.02162375051667,True
Transformer,searched,none,rmse_customer_total,20,20,1.228311678817268,1.3248312182909132,0.09651953947364511,0.050406597769529014,0.1487452438865341,True
Transformer,searched,none,abs_bias,20,20,16.562071324137413,51.654097677778225,35.09202635364081,25.460931056746936,45.47652502392018,True
Transformer,searched,none,mape_aggregate,20,20,27.717061191420566,54.23042827254494,26.513367081124375,17.41817774041894,36.2919398375131,True
Transformer,searched,none,spearman,20,20,0.39506455212262825,0.4003404569198449,0.005275904797216624,0.0028054566809162323,0.007587359801893028,True
Transformer,searched,none,bias_percent,20,20,-16.562071324137413,51.654097677778225,68.21616900191563,58.56544272537866,78.6493432087507,True
Transformer,nofloor,none,rmse_customer_total,20,20,1.228311678817268,1.2895316128810073,0.061219934063739156,0.039538194388272094,0.08603352447229452,True
Transformer,nofloor,none,abs_bias,20,20,16.562071324137413,34.08925790382993,17.52718657969252,8.754418001181035,26.295841035411485,True
Transformer,nofloor,none,mape_aggregate,20,20,27.717061191420566,43.53634537210987,15.819284180689305,9.401013693641694,22.221353857244843,True
Transformer,nofloor,none,spearman,20,20,0.39506455212262825,0.39623149004701647,0.0011669379243882116,-0.0007360277891797715,0.0032798630698027327,False
Transformer,nofloor,none,bias_percent,20,20,-16.562071324137413,34.08925790382993,50.651329227967345,41.92136455329107,59.35530837198256,True
Transformer,nofloor,ar_bounded_52,rmse_customer_total,20,20,1.228311678817268,1.257003241411727,0.02869156259445882,0.009850965720099714,0.05396288061951216,True
Transformer,nofloor,ar_bounded_52,abs_bias,20,20,16.562071324137413,18.89762689694502,2.335555572807607,-3.090973710166997,8.000196791948795,False
Transformer,nofloor,ar_bounded_52,mape_aggregate,20,20,27.717061191420566,31.47667001608425,3.759608824663683,-0.30982713596051764,8.142339875696601,False
Transformer,nofloor,ar_bounded_52,spearman,20,20,0.39506455212262825,0.4012876489412556,0.006223096818627372,0.004694901698874319,0.007674765220537507,True
Transformer,nofloor,ar_bounded_52,bias_percent,20,20,-16.562071324137413,12.483089758191971,29.045161082329386,20.643566591814267,37.396516575453454,True
Transformer,nofloor,kmeans_8,rmse_customer_total,20,20,1.228311678817268,1.3297919294715657,0.10148025065429755,0.08727904478338558,0.1175018818053787,True
Transformer,nofloor,kmeans_8,abs_bias,20,20,16.562071324137413,16.366637743002737,-0.1954335811346759,-4.655010458492237,4.592758706423524,False
Transformer,nofloor,kmeans_8,mape_aggregate,20,20,27.717061191420566,32.172879960880564,4.455818769459999,0.6734031645087988,8.794693291217833,True
Transformer,nofloor,kmeans_8,spearman,20,20,0.39506455212262825,0.3466784911580465,-0.048386060964581756,-0.05317339868414954,-0.043546359316838354,True
Transformer,nofloor,kmeans_8,bias_percent,20,20,-16.562071324137413,16.366637743002737,32.92870906714015,28.479155018247926,37.764849159342525,True
Transformer,from20,none,rmse_customer_total,20,20,1.228311678817268,1.29816842995205,0.06985675113478185,0.04557368688804392,0.0972378007903029,True
Transformer,from20,none,abs_bias,20,20,16.562071324137413,39.79098571991262,23.228914395775206,16.29293664936193,30.140852264924384,True
Transformer,from20,none,mape_aggregate,20,20,27.717061191420566,44.39604820933602,16.678987017915457,11.049442591041288,22.371191937769936,True
Transformer,from20,none,spearman,20,20,0.39506455212262825,0.39568380513606355,0.0006192530134352947,-0.0018649364274047878,0.0031970117982001145,False
Transformer,from20,none,bias_percent,20,20,-16.562071324137413,39.79098571991262,56.35305704405003,49.353744560322085,63.28772375916036,True
Transformer,from20,ar_bounded_52,rmse_customer_total,20,20,1.228311678817268,1.2510513185013674,0.02273963968409931,0.011083438501436877,0.036303853231145655,True
Transformer,from20,ar_bounded_52,abs_bias,20,20,16.562071324137413,14.581431389560723,-1.9806399345766899,-6.347807533296423,3.012051095594489,False
Transformer,from20,ar_bounded_52,mape_aggregate,20,20,27.717061191420566,24.20102223910292,-3.516038952317647,-6.50058651452685,-0.15146293596123223,True
Transformer,from20,ar_bounded_52,spearman,20,20,0.39506455212262825,0.39904892469589626,0.003984372573268002,0.0024470151131825955,0.005419284191452743,True
Transformer,from20,ar_bounded_52,bias_percent,20,20,-16.562071324137413,13.68027042305197,30.242341747189386,25.348605404502724,35.606081326026896,True
Transformer,from20,kmeans_8,rmse_customer_total,20,20,1.228311678817268,1.314384338856607,0.08607266003933889,0.07682714515380822,0.09623566208423491,True
Transformer,from20,kmeans_8,abs_bias,20,20,16.562071324137413,12.476312550771642,-4.085758773365772,-7.046820818495415,-0.80444793196493,True
Transformer,from20,kmeans_8,mape_aggregate,20,20,27.717061191420566,26.244886414473022,-1.4721747769475435,-3.953408084487568,1.0822960162289932,False
Transformer,from20,kmeans_8,spearman,20,20,0.39506455212262825,0.34888075520006673,-0.046183796922561526,-0.04984940376038964,-0.04262939307035754,True
Transformer,from20,kmeans_8,bias_percent,20,20,-16.562071324137413,11.624858808819587,28.186930132957002,24.525820779236735,31.856610177832707,True
Transformer,from30,none,rmse_customer_total,20,20,1.228311678817268,1.2939521530689513,0.06564047425168318,0.046632160954869814,0.08704350609726479,True
Transformer,from30,none,abs_bias,20,20,16.562071324137413,40.079425104819514,23.5173537806821,15.639866271095057,31.396267873608867,True
Transformer,from30,none,mape_aggregate,20,20,27.717061191420566,43.999127633927834,16.28206644250727,9.70525809295589,23.21552840422787,True
Transformer,from30,none,spearman,20,20,0.39506455212262825,0.39642785298898703,0.0013633008663587742,-0.0011828960392517894,0.003985440738726434,False
Transformer,from30,none,bias_percent,20,20,-16.562071324137413,40.079425104819514,56.64149642895693,48.7948752944897,64.53317257398874,True
Transformer,from30,ar_bounded_52,rmse_customer_total,20,20,1.228311678817268,1.2457920621760659,0.017480383358797758,0.011632537799265581,0.02312337440265847,True
Transformer,from30,ar_bounded_52,abs_bias,20,20,16.562071324137413,12.743154578102642,-3.8189167460347715,-7.24220968119704,-0.13016149773985314,True
Transformer,from30,ar_bounded_52,mape_aggregate,20,20,27.717061191420566,21.670167627996783,-6.046893563423783,-7.991303151867862,-3.758942926443921,True
Transformer,from30,ar_bounded_52,spearman,20,20,0.39506455212262825,0.3971488502027767,0.002084298080148428,0.00046389612683408083,0.0037172783904155632,True
Transformer,from30,ar_bounded_52,bias_percent,20,20,-16.562071324137413,12.490911403198819,29.052982727336232,25.41872647647043,32.8619285687424,True
Transformer,from30,kmeans_8,rmse_customer_total,20,20,1.228311678817268,1.3062412170987834,0.07792953828151528,0.06673555361336311,0.09000479824899135,True
Transformer,from30,kmeans_8,abs_bias,20,20,16.562071324137413,11.73173748938186,-4.830333834755553,-8.119253280624918,-1.2704084571971164,True
Transformer,from30,kmeans_8,mape_aggregate,20,20,27.717061191420566,24.40464950047734,-3.3124116909432253,-5.6311225079842036,-0.6828488284846155,True
Transformer,from30,kmeans_8,spearman,20,20,0.39506455212262825,0.35150924875368295,-0.04355530336894531,-0.04603130958871115,-0.04114166390305661,True
Transformer,from30,kmeans_8,bias_percent,20,20,-16.562071324137413,10.636437995346913,27.198509319484327,23.192887309033964,31.302244278772655,True
