model,feature,arm,rep,rmse,rmse_customer_total,bias_percent,mape_aggregate,spearman,cv,abs_bias
LSTM,none,searched,0,0.111117943367524,1.157583017649592,3.848584407139567,14.872085655450215,0.4027307223901621,1.2602872323330117,3.848584407139567
LSTM,none,searched,1,0.1111362666961277,1.164946450953395,15.105621113224911,19.121412693229,0.4048696982551437,1.3221999419257646,15.105621113224911
LSTM,none,searched,2,0.1111946433723037,1.158348693384146,17.558477607558007,21.85648007170637,0.4081535804158561,1.2188881844343495,17.558477607558007
LSTM,none,searched,3,0.1110692333531698,1.1498520102713354,8.462239735051424,16.818021802613085,0.4034973085772098,1.4006525806453736,8.462239735051424
LSTM,none,searched,4,0.1111287184858285,1.1491955410009873,11.011891441503384,17.55048820471636,0.4062628828427734,1.238467928235145,11.011891441503384
LSTM,none,searched,5,0.1111072906311344,1.1613128174930256,10.919648033429828,16.355597335943312,0.4065040249629882,1.361490708781844,10.919648033429828
LSTM,none,searched,6,0.1110394974301468,1.147683957485779,-7.8539702007800125,17.384486455486382,0.4017970675549679,1.4910061096478722,7.8539702007800125
LSTM,none,searched,7,0.1112400458559134,1.172760155062319,37.26242561069756,38.53358204811318,0.4052783293928614,1.1638450438242682,37.26242561069756
LSTM,none,searched,8,0.1110862185250388,1.1534501381898263,8.184302014971562,15.128100722393508,0.4044784443372203,1.2754277317814684,8.184302014971562
LSTM,none,searched,9,0.1111817613712585,1.1802960722626636,10.532560258479757,17.128007873807032,0.4059424313126136,1.2583083679040552,10.532560258479757
LSTM,none,searched,10,0.111252086067944,1.1761717625935175,37.36052129813862,38.19247662795692,0.4038956111184196,1.2490116178351789,37.36052129813862
LSTM,none,searched,11,0.1111448610142242,1.1678969689764256,19.36237915364727,22.167766718135283,0.4032772251637067,1.157276594206111,19.36237915364727
LSTM,none,searched,12,0.1112346596321612,1.1603082622813587,14.440223993571058,19.374547800413684,0.4078185657503607,1.1938594057531444,14.440223993571058
LSTM,none,searched,13,0.1111108457986113,1.1711807780636736,-1.962005471582988,15.38959582998297,0.4098668844744507,1.231606970529836,1.962005471582988
LSTM,none,searched,14,0.111138945030639,1.164808433576978,3.606968068336245,14.336368017966182,0.4081993809219555,1.30296305960676,3.606968068336245
LSTM,none,searched,15,0.1111393586493013,1.167755022809879,11.80891883224258,17.22981944743788,0.4048714225306279,1.277091655374743,11.80891883224258
LSTM,none,searched,16,0.1110847602899074,1.1535482403719242,19.012634586166257,22.29400915824744,0.4046872689519986,1.315604494688871,19.012634586166257
LSTM,none,searched,17,0.1112846963599056,1.1927633118677654,25.36720962735552,27.204088218829163,0.3989772096673769,1.2635267521279143,25.36720962735552
LSTM,none,searched,18,0.1110857714175136,1.155504706281058,18.378356848641957,21.18095757030502,0.4035825801132515,1.223903365482013,18.378356848641957
LSTM,none,searched,19,0.1111378754003448,1.1590812046997918,14.304599278330242,18.73228107707728,0.4062401154407112,1.291261272897482,14.304599278330242
LSTM,none,nofloor,0,0.1111647864696044,1.1830877754245044,4.85313621770714,15.288434973273317,0.3962213151533837,1.253257540274037,4.85313621770714
LSTM,none,nofloor,1,0.1111231066536443,1.1608697080615806,11.186345671145428,17.73070184376789,0.4059340018101818,1.4035021970583377,11.186345671145428
LSTM,none,nofloor,2,0.1111166857528118,1.1560412298222331,14.495774407574936,19.682768810550247,0.3979192312986131,1.2898530435611602,14.495774407574936
LSTM,none,nofloor,3,0.1111917199485435,1.1817172783304268,-2.124197769471725,15.27477926466507,0.3925093755466165,1.1547184855721415,2.124197769471725
LSTM,none,nofloor,4,0.1111832967347383,1.1691937019396614,16.025175205490022,19.74110603596372,0.4007144196973607,1.2671495607811738,16.025175205490022
LSTM,none,nofloor,5,0.1111580289836899,1.1565454769115453,21.35504055039344,23.60845421349172,0.4038669838266644,1.3870412168097963,21.35504055039344
LSTM,none,nofloor,6,0.1111175908723966,1.1557340082089778,3.007711218901182,15.49725983960396,0.4009310100881212,1.302351795235947,3.007711218901182
LSTM,none,nofloor,7,0.1117737471089607,1.2956804665111703,66.67561651956039,66.8701357477572,0.4059902158431818,1.099120982417876,66.67561651956039
LSTM,none,nofloor,8,0.1113245313675683,1.2163947508920427,12.677753022259571,18.01151941630748,0.3985190794633594,1.0636505680910744,12.677753022259571
LSTM,none,nofloor,9,0.1111034844007738,1.1595472538420464,3.768602949949731,13.775476297541813,0.4094715334066603,1.3249879477272144,3.768602949949731
LSTM,none,nofloor,10,0.1111447894988241,1.1715955904376076,-7.172130879890484,15.71481614940299,0.4024473009392176,1.250562096329633,7.172130879890484
LSTM,none,nofloor,11,0.1111293466229725,1.162916621986065,6.44774832432918,14.794612415141348,0.4117396512569427,1.2972936849981895,6.44774832432918
LSTM,none,nofloor,12,0.111100338980979,1.1510684717333948,9.64412550727175,15.50831445184587,0.4057990915277913,1.325820386946304,9.64412550727175
LSTM,none,nofloor,13,0.1115964595477162,1.2719478736795091,-14.045702577627262,20.435484830412197,0.3852158775035678,0.8484333477734648,14.045702577627262
LSTM,none,nofloor,14,0.1113515642904395,1.2050668568513472,29.302184099966645,30.9714826611718,0.404361429829373,1.0209348490452248,29.302184099966645
LSTM,none,nofloor,15,0.1111548707180273,1.1542198062476388,24.76014967843832,26.581607879945157,0.4055643081947152,1.3244628146958433,24.76014967843832
LSTM,none,nofloor,16,0.1111255751609511,1.1533455641511292,21.853414907401497,24.35076718131657,0.404453347403242,1.2519227695279893,21.853414907401497
LSTM,none,nofloor,17,0.1111387235777884,1.152786428996423,22.69967596594449,24.618300898236143,0.3980053169969075,1.358018595808851,22.69967596594449
LSTM,none,nofloor,18,0.1110412944245245,1.1491690937405807,4.555040513726517,14.787831209127116,0.4009877096832083,1.339200585531622,4.555040513726517
LSTM,none,nofloor,19,0.1110843633394051,1.1613912224329774,13.340827810670364,16.76525844586976,0.4066515675851675,1.2296009779866586,13.340827810670364
LSTM,ar_bounded_52,nofloor,0,0.1112775199623684,1.2036710574125042,11.76693093636564,15.97203967005519,0.4031641581585917,1.0232390398248028,11.76693093636564
LSTM,ar_bounded_52,nofloor,1,0.1113159907721478,1.211362344213944,7.395727950069282,15.982071796565728,0.3966203196767384,1.006100764564987,7.395727950069282
LSTM,ar_bounded_52,nofloor,2,0.1112533652420058,1.195277298562942,12.503298748365648,18.284626620143687,0.3982791957389947,1.1716687747495425,12.503298748365648
LSTM,ar_bounded_52,nofloor,3,0.1110942447186987,1.163831795420566,8.748537974998092,16.253971634400127,0.4042274524308102,1.2201991543321622,8.748537974998092
LSTM,ar_bounded_52,nofloor,4,0.1110995723896247,1.1548234499132826,13.534232358981312,17.873107761281215,0.3956194713961858,1.224364191764395,13.534232358981312
LSTM,ar_bounded_52,nofloor,5,0.1112418094118023,1.1853354522423378,19.608454390861688,22.233628227707896,0.4123348864659123,1.0329170962295569,19.608454390861688
LSTM,ar_bounded_52,nofloor,6,0.1113040474851899,1.2215134714956415,-1.682581403465997,16.645332075267444,0.3910990319319866,1.0443778200721014,1.682581403465997
LSTM,ar_bounded_52,nofloor,7,0.1111080495234102,1.1602353031649024,1.5561552330696755,14.34277751376178,0.3944488271129387,1.163837373971338,1.5561552330696755
LSTM,ar_bounded_52,nofloor,8,0.1111861617856055,1.1729553088237412,10.542778560666124,16.885369744606347,0.4029059112674168,1.3406933394837726,10.542778560666124
LSTM,ar_bounded_52,nofloor,9,0.1112049100940947,1.1749562166558951,20.900233276404386,23.57817072958977,0.4017858344808057,1.157956262630515,20.900233276404386
LSTM,ar_bounded_52,nofloor,10,0.1111840057252041,1.1766538207745163,18.89670332963992,20.753089479915417,0.4027710636344038,1.1051003799715378,18.89670332963992
LSTM,ar_bounded_52,nofloor,11,0.1111339382395162,1.1597292607760314,11.972132975140577,17.45211380730464,0.3873901598378705,1.1129759939109996,11.972132975140577
LSTM,ar_bounded_52,nofloor,12,0.1112474325676135,1.1916631875510553,11.645983406928444,17.192476068649647,0.4011223077058236,1.1079933149100052,11.645983406928444
LSTM,ar_bounded_52,nofloor,13,0.1113037441670233,1.219604563521865,-3.0810021927593154,16.341569742369142,0.4039020796210875,1.0430339779179982,3.0810021927593154
LSTM,ar_bounded_52,nofloor,14,0.1111443653925099,1.1595462958808669,16.301719593493832,20.260660069714625,0.3954149024070562,1.2338385660973392,16.301719593493832
LSTM,ar_bounded_52,nofloor,15,0.1111676982462235,1.1853671574498743,-10.188944652991294,17.477751595722616,0.4072420425197841,1.233302920190558,10.188944652991294
LSTM,ar_bounded_52,nofloor,16,0.1111065958109202,1.14599005110384,9.171296916711482,16.597027803286185,0.3954407720737582,1.1950516493958556,9.171296916711482
LSTM,ar_bounded_52,nofloor,17,0.1112257955194493,1.1868115320086523,4.698375440377591,14.721969504184417,0.3990859311550491,1.1148284838484734,4.698375440377591
LSTM,ar_bounded_52,nofloor,18,0.1112375392855459,1.1860238220066734,10.799072152916072,15.935346569638268,0.3800907106424139,1.074801240782145,10.799072152916072
LSTM,ar_bounded_52,nofloor,19,0.1112961717961021,1.207197122490672,-1.2055725628132856,15.913980457710288,0.4015363805524457,1.114058331166987,1.2055725628132856
LSTM,kmeans_8,nofloor,0,0.1114597096973588,1.2315184786491071,15.54398588640218,22.001951156660656,0.3536782918658352,1.6159544811793314,15.54398588640218
LSTM,kmeans_8,nofloor,1,0.1117490112025165,1.3014680002581327,3.0980961596703174,16.01068282255937,0.3408401059512812,1.7565833651192622,3.0980961596703174
LSTM,kmeans_8,nofloor,2,0.1116881131596063,1.2774118824677798,0.1212266882420443,15.818578632625467,0.3243561632829713,1.8154646275435928,0.1212266882420443
LSTM,kmeans_8,nofloor,3,0.1117778132107933,1.30823331483078,24.81551391527397,26.822016319345057,0.3652049037867752,1.4857218753720824,24.81551391527397
LSTM,kmeans_8,nofloor,4,0.1116161310490444,1.270399160134035,6.261681987842376,16.977705717049083,0.353426202401235,1.3836034667600443,6.261681987842376
LSTM,kmeans_8,nofloor,5,0.1118175171706118,1.306651365538805,26.302833894926707,27.347329832397868,0.3620854669803927,1.405433667167503,26.302833894926707
LSTM,kmeans_8,nofloor,6,0.1115936434918786,1.2722067667139323,1.6402234145859362,14.797120400067664,0.3666640370562772,1.6294142337177009,1.6402234145859362
LSTM,kmeans_8,nofloor,7,0.1116489227154554,1.2622590856585518,2.342313512001594,14.0051091822942,0.3700141753638684,1.7423822758927965,2.342313512001594
LSTM,kmeans_8,nofloor,8,0.1117837198399364,1.3050540473565613,3.3899680287517127,16.38448688326399,0.3523019333256935,1.668962601559553,3.3899680287517127
LSTM,kmeans_8,nofloor,9,0.1114434134226134,1.2210155195129166,-0.9830929214786222,13.994705051839466,0.3786947615614272,1.7072684737545691,0.9830929214786222
LSTM,kmeans_8,nofloor,10,0.111748483331634,1.2831430901351688,14.080260541751429,18.305620338576908,0.3386389871797271,1.6374082633888158,14.080260541751429
LSTM,kmeans_8,nofloor,11,0.1121346177135778,1.3090577517553936,31.30980095872786,33.58736699075009,0.3459531678676066,1.3270758462633536,31.30980095872786
LSTM,kmeans_8,nofloor,12,0.1118092918814286,1.3103957257771894,5.638272700953542,16.933766919031584,0.3406982152607841,1.7364993364634211,5.638272700953542
LSTM,kmeans_8,nofloor,13,0.1116545369294517,1.2678638646354328,13.571482114578028,18.66929890034012,0.3653377266594292,1.8095317264881583,13.571482114578028
LSTM,kmeans_8,nofloor,14,0.1116554930791424,1.2714497495840744,14.407617875919248,18.87375787521246,0.3698647463864171,1.5038626336065504,14.407617875919248
LSTM,kmeans_8,nofloor,15,0.111568426160623,1.2697202436493764,-1.4132833311831667,13.449326478017523,0.357025466687797,1.65834826486796,1.4132833311831667
LSTM,kmeans_8,nofloor,16,0.111730996552173,1.2929958031880382,18.060567305847893,21.56600138226348,0.3738485141100865,1.4729346903082845,18.060567305847893
LSTM,kmeans_8,nofloor,17,0.1116087653382914,1.2608221994653883,2.2195081463898627,14.08834189064738,0.376540023030064,1.72969115129543,2.2195081463898627
LSTM,kmeans_8,nofloor,18,0.1117083924765574,1.2914768268855268,1.3398053889328554,15.344635408053309,0.3577289916536321,1.7230240864012534,1.3398053889328554
LSTM,kmeans_8,nofloor,19,0.111624233285988,1.2645615202058256,-0.8615878816605737,15.644681873535353,0.3669395311169499,1.6431620784376353,0.8615878816605737
LSTM,none,from20,0,0.1110570084336779,1.1457295672036896,7.192383715772339,16.611240398542282,0.404960903176803,1.318345744349138,7.192383715772339
LSTM,none,from20,1,0.1110781834524823,1.1525106296804215,5.757177072162524,15.298653377037848,0.4072565476162845,1.3021309970597097,5.757177072162524
LSTM,none,from20,2,0.1111125858762873,1.1479316811807112,13.10887238439197,18.892429674446845,0.3936728871042393,1.2948162675340829,13.10887238439197
LSTM,none,from20,3,0.1110723884192342,1.1484818976048563,4.209847762878566,15.925406348790776,0.4071771637685859,1.428995430793427,4.209847762878566
LSTM,none,from20,4,0.1111319267061528,1.1583693320987498,10.101905347791252,16.496888391761726,0.3959934746813909,1.3771078269231336,10.101905347791252
LSTM,none,from20,5,0.1111562435533291,1.1599161907267268,-0.7828136753873723,15.0771016257941,0.4098310262564948,1.3949038387930246,0.7828136753873723
LSTM,none,from20,6,0.1110719783278701,1.1569406718480628,11.6386448189201,17.35754816913363,0.3974320550156385,1.3194165284011354,11.6386448189201
LSTM,none,from20,7,0.1111705561444427,1.1815146006861086,7.253136189223377,15.816442525473583,0.4027379686769504,1.2256957677415692,7.253136189223377
LSTM,none,from20,8,0.1112391816188047,1.1827465569935969,23.275988074205284,25.421645174030267,0.4054621994305005,1.2368758835329343,23.275988074205284
LSTM,none,from20,9,0.1111570041223521,1.167086896130709,10.899861669091925,16.84189544203587,0.4008110382040155,1.2473709109963609,10.899861669091925
LSTM,none,from20,10,0.1112018739304501,1.1681515070479978,23.86734893189045,25.35829159465311,0.4074991043550132,1.2128027758506392,23.86734893189045
LSTM,none,from20,11,0.1110758313735951,1.1498765384360643,-4.605015241575806,14.695494315959934,0.4015596195366167,1.368331276429407,4.605015241575806
LSTM,none,from20,12,0.1111633577459015,1.1569633539406972,16.36005678511283,19.612076928898592,0.4063874171630295,1.2981524825356685,16.36005678511283
LSTM,none,from20,13,0.1110255900928615,1.142837736426103,12.015142711149547,17.707664308876012,0.4107000571967895,1.369512788045,12.015142711149547
LSTM,none,from20,14,0.1111314176667552,1.1522091904339866,11.683605330499804,17.064561585528345,0.4006971148644708,1.3182683466939744,11.683605330499804
LSTM,none,from20,15,0.1111683304177389,1.1811312264413292,8.712959719189552,15.312308852458616,0.400018834759869,1.1334272607801714,8.712959719189552
LSTM,none,from20,16,0.111149700524549,1.145672293284259,15.396285278056643,19.665862133744078,0.403739600023198,1.316197919688209,15.396285278056643
LSTM,none,from20,17,0.1110943490888609,1.15623880317778,19.58272285544004,22.14027020184383,0.4067137276867849,1.257951344851485,19.58272285544004
LSTM,none,from20,18,0.1111595948916206,1.1669739310854312,1.1060855797149,15.109986022934043,0.3899161451616438,1.2754739101704249,1.1060855797149
LSTM,none,from20,19,0.1111341519701893,1.1621776742835754,7.306921587146295,15.722712838628125,0.4060074413096599,1.289247862773209,7.306921587146295
LSTM,ar_bounded_52,from20,0,0.1110620747686023,1.137773831135568,10.765723266687877,17.262517773940687,0.400751431188404,1.169310313920253,10.765723266687877
LSTM,ar_bounded_52,from20,1,0.111088913009597,1.1447713919753364,6.642917890148568,15.335346203324574,0.4017135084874105,1.2769682043446386,6.642917890148568
LSTM,ar_bounded_52,from20,2,0.1110759789203285,1.1338319250508986,18.866977333333164,22.23362809301656,0.3986733608321657,1.3399537965568775,18.866977333333164
LSTM,ar_bounded_52,from20,3,0.1112133231161356,1.174825961505932,16.237437156648664,19.86010283057826,0.4073332815791874,1.501981672248079,16.237437156648664
LSTM,ar_bounded_52,from20,4,0.1111184490572528,1.151789009832685,21.80455284722164,23.420344556314344,0.3985509875418329,1.2544123491735537,21.80455284722164
LSTM,ar_bounded_52,from20,5,0.1111298238850326,1.1563909871410727,10.946029826805532,17.112494650250472,0.4100348914662214,1.2979452636338276,10.946029826805532
LSTM,ar_bounded_52,from20,6,0.1111193384872921,1.1722119284758203,4.818301062526328,16.304598417962723,0.4010412957374735,1.339672835911036,4.818301062526328
LSTM,ar_bounded_52,from20,7,0.1110919619448765,1.1455852638503408,10.890943896504432,17.624802998761435,0.397228601770121,1.1797236559189437,10.890943896504432
LSTM,ar_bounded_52,from20,8,0.1111277165923008,1.146538142355522,20.910080004209803,23.79108297742825,0.4010518201283236,1.3545251552439497,20.910080004209803
LSTM,ar_bounded_52,from20,9,0.1110526590688862,1.125164972696017,11.149373996195411,18.35494698066369,0.4035893469394207,1.2996970843140658,11.149373996195411
LSTM,ar_bounded_52,from20,10,0.1111290243959143,1.155030469693365,14.018951342698246,18.75429686694836,0.4036945958248175,1.281014552411358,14.018951342698246
LSTM,ar_bounded_52,from20,11,0.1112221156496556,1.1720075150709013,25.752253731136214,27.48713512856037,0.3936339812076135,1.090371495582966,25.752253731136214
LSTM,ar_bounded_52,from20,12,0.1110103836372276,1.128092128352106,7.825825461893467,15.401486709066706,0.4018306626854614,1.3436174672265155,7.825825461893467
LSTM,ar_bounded_52,from20,13,0.1110783300632764,1.156589647314771,10.273294086808743,17.588109989865433,0.406120839578424,1.213855212246625,10.273294086808743
LSTM,ar_bounded_52,from20,14,0.1112258331802284,1.1840616282780216,4.729308950538457,16.20706009526706,0.397270744402003,1.1531880148976008,4.729308950538457
LSTM,ar_bounded_52,from20,15,0.1110325664379826,1.1372948190942822,18.94370748662947,21.841617142017945,0.4092527581061723,1.3486570651497218,18.94370748662947
LSTM,ar_bounded_52,from20,16,0.1112546910024779,1.1682971806149514,27.246447886208955,28.386624255319024,0.3930949187622334,1.194305370256929,27.246447886208955
LSTM,ar_bounded_52,from20,17,0.1112556722307449,1.1811640072613856,19.64366107094829,22.719369052876253,0.405964632824735,1.3437598321660154,19.64366107094829
LSTM,ar_bounded_52,from20,18,0.1111610598846682,1.1608215690983437,7.977706540855414,16.326985838070286,0.3921161942420582,1.268389514022484,7.977706540855414
LSTM,ar_bounded_52,from20,19,0.1110411050488926,1.1449520083663487,1.3083149975421002,14.93469569926172,0.4024008491594189,1.3414001926336572,1.3083149975421002
LSTM,kmeans_8,from20,0,0.1115164865183143,1.2476529096024074,4.452485338963236,15.024524014417162,0.3595248454166769,1.6619048550375604,4.452485338963236
LSTM,kmeans_8,from20,1,0.1117287829885637,1.2809852234589347,0.2757087939698766,15.813841093076377,0.328932290398203,1.819854919164833,0.2757087939698766
LSTM,kmeans_8,from20,2,0.1116106290695367,1.2654278328305173,18.98179346628689,21.418021910320192,0.3634032006194117,1.516388031148539,18.98179346628689
LSTM,kmeans_8,from20,3,0.1115571785059529,1.2453314676089038,0.3284723339821272,14.38012071742422,0.3525839241039783,1.6805407683221782,0.3284723339821272
LSTM,kmeans_8,from20,4,0.1116629657736122,1.2735422870546609,15.880167832966862,19.492615314615225,0.3467922639383387,1.3961727467607656,15.880167832966862
LSTM,kmeans_8,from20,5,0.1117478838000539,1.293055139677808,13.427682769736837,19.198792637790756,0.3601098628755834,1.6672243960160775,13.427682769736837
LSTM,kmeans_8,from20,6,0.1116380408208759,1.2518132815540113,6.717046440539464,15.60585239304758,0.3425303878679253,1.6314528443204588,6.717046440539464
LSTM,kmeans_8,from20,7,0.1115680403874646,1.2604967593741463,16.658430733824613,20.72921544849804,0.3716628439916448,1.5584029227011782,16.658430733824613
LSTM,kmeans_8,from20,8,0.1115363981152594,1.241562012861549,2.202044072417184,13.998606720304652,0.3441103199224072,1.6786920599074893,2.202044072417184
LSTM,kmeans_8,from20,9,0.1118882619541713,1.306267743685879,16.305527644196275,19.631862858309365,0.3388686044548432,1.6669935033363414,16.305527644196275
LSTM,kmeans_8,from20,10,0.1118185664709704,1.2764997356863907,25.690200327948578,27.381793352032386,0.3477117568372234,1.481446605462385,25.690200327948578
LSTM,kmeans_8,from20,11,0.1115984415169323,1.2480482718305388,16.578913767474955,19.349001825110456,0.3662487112329173,1.5030246783318613,16.578913767474955
LSTM,kmeans_8,from20,12,0.1115682481520871,1.2551940184030026,7.804645153739538,16.64161652088015,0.3424038879079791,1.7296502397386535,7.804645153739538
LSTM,kmeans_8,from20,13,0.1114786370186268,1.2413499154870982,9.969345696023256,15.884069007275375,0.3637576020030752,1.519976136151202,9.969345696023256
LSTM,kmeans_8,from20,14,0.1118342848335372,1.289593115987808,15.713702330081842,18.77993532457312,0.3637052320428915,1.6595638879665662,15.713702330081842
LSTM,kmeans_8,from20,15,0.1117678484755316,1.2899845010226825,25.856944414591265,27.373711644547097,0.3402945452821192,1.432633073374653,25.856944414591265
LSTM,kmeans_8,from20,16,0.1116474520079685,1.2598858173266492,4.252299574570007,14.129679641265431,0.374836597994387,1.7264121904285992,4.252299574570007
LSTM,kmeans_8,from20,17,0.1118365034481526,1.304908163370366,24.52726478164344,25.939433835392613,0.3580042883374025,1.7418815558770742,24.52726478164344
LSTM,kmeans_8,from20,18,0.1117796729233694,1.298871223216127,11.588110097945934,16.661960287532114,0.3614593973328766,1.8137302257773251,11.588110097945934
LSTM,kmeans_8,from20,19,0.1116851669780502,1.2679187977995512,11.476637794377776,16.8295405023889,0.3533501099447873,1.7078945714296123,11.476637794377776
LSTM,none,from30,0,0.1111290242183819,1.1522828384056667,13.743614583568808,18.711751497567235,0.4039566150590847,1.195791858302847,13.743614583568808
LSTM,none,from30,1,0.1111331339023024,1.1644568374001452,15.619415812833433,19.68016778436832,0.4035515225561092,1.173820861718634,15.619415812833433
LSTM,none,from30,2,0.1111810217845518,1.164637497984992,4.373897903581721,14.606317001361562,0.3898274104203879,1.4047695166161065,4.373897903581721
LSTM,none,from30,3,0.1112753041004501,1.1694422705115983,18.59600661700729,22.19489151478892,0.3941203442212373,1.2826050559563853,18.59600661700729
LSTM,none,from30,4,0.1111762844223595,1.162443459952735,15.85267173515411,19.921598289215,0.3971225478032774,1.3090417478276597,15.85267173515411
LSTM,none,from30,5,0.1110980957040462,1.1541817329320714,-0.5806771253877944,16.265211193625532,0.3998528767131797,1.270808688383576,0.5806771253877944
LSTM,none,from30,6,0.1111106934240895,1.1587858106690956,23.899304361094885,26.577427728565095,0.3989672341633329,1.2952436753431416,23.899304361094885
LSTM,none,from30,7,0.1110752612136106,1.146207461362409,3.0621468663213967,15.606688383780227,0.4027795159237698,1.3101813536209614,3.0621468663213967
LSTM,none,from30,8,0.1112140492265912,1.169806864216734,17.244961565205312,20.692801360893775,0.4023771939290279,1.2873259132601846,17.244961565205312
LSTM,none,from30,9,0.1111396293305122,1.1477080841136595,15.81347061312895,20.40111526117559,0.4072768083954073,1.362764619558139,15.81347061312895
LSTM,none,from30,10,0.1111685563289913,1.1618955529507191,10.666141292872496,17.7591272314453,0.4077663116599698,1.1955838393976848,10.666141292872496
LSTM,none,from30,11,0.1111054161590635,1.1605108122607242,0.995727899257849,14.906363101927877,0.4055936527903301,1.2266057004276556,0.995727899257849
LSTM,none,from30,12,0.1112439458419329,1.1753081033779729,19.157269925773807,22.144543204689533,0.4081747574287259,1.3416430668638537,19.157269925773807
LSTM,none,from30,13,0.1110369128975175,1.1438692589010968,5.632885359768116,15.63158409526809,0.4075612612933025,1.386311463184495,5.632885359768116
LSTM,none,from30,14,0.1111184226037767,1.1374433485069937,10.500419053045068,17.08434779435747,0.4014650586357031,1.365071132469488,10.500419053045068
LSTM,none,from30,15,0.1111933295291185,1.165141482894595,22.67700990580196,24.66604836683919,0.4000335498209175,1.3169198019199757,22.67700990580196
LSTM,none,from30,16,0.111107315984667,1.1332091230050032,5.310637300792301,16.36906651796445,0.4033285883402541,1.361437896542132,5.310637300792301
LSTM,none,from30,17,0.111059240281072,1.1392853783121095,13.717697283704425,19.086020045164847,0.4081934338224814,1.4725835272330885,13.717697283704425
LSTM,none,from30,18,0.1111466801726133,1.1482872150194885,18.20065127069229,23.057873318074627,0.3880239523697463,1.2800735154698315,18.20065127069229
LSTM,none,from30,19,0.1113162566036796,1.1859137177730228,19.286949472666866,21.67431568221636,0.4123451910770707,1.3585170808593998,19.286949472666866
LSTM,ar_bounded_52,from30,0,0.111205114381892,1.1698746542495588,11.339805932383069,17.86353966382119,0.396719526600058,1.2354212407067422,11.339805932383069
LSTM,ar_bounded_52,from30,1,0.1110698030864142,1.1309089484759702,16.122063280688995,20.73070193615784,0.4011299877330324,1.2479483653856311,16.122063280688995
LSTM,ar_bounded_52,from30,2,0.1111027603358374,1.1362276637487438,-0.309613518783933,16.770924229167942,0.4020317250027687,1.302221489567192,0.309613518783933
LSTM,ar_bounded_52,from30,3,0.1111381582481841,1.1582599142740284,1.0870423399150138,16.172967849885886,0.4052317265342541,1.3440376338395903,1.0870423399150138
LSTM,ar_bounded_52,from30,4,0.111129797697882,1.156364207381903,12.341849601931555,18.439201540904016,0.39790617632812,1.2201989070030084,12.341849601931555
LSTM,ar_bounded_52,from30,5,0.1112102295169028,1.177386135981951,19.36990350471413,21.600093686787737,0.4114496881558959,1.0657474343319158,19.36990350471413
LSTM,ar_bounded_52,from30,6,0.1110571804381551,1.1523485765793595,8.652393036924872,16.677845188951114,0.4013145206666618,1.2892938180706346,8.652393036924872
LSTM,ar_bounded_52,from30,7,0.1111262827711904,1.1451120108763009,19.91760438251642,23.046447556667687,0.3948950153213283,1.2287480955235397,19.91760438251642
LSTM,ar_bounded_52,from30,8,0.1111645615562398,1.1621044177684596,12.361264393683657,18.04096656859028,0.3983733106526971,1.1670744888108844,12.361264393683657
LSTM,ar_bounded_52,from30,9,0.1112766604227549,1.1718254580736365,12.102834297572231,19.545843440838496,0.3996432836258882,1.184826011064317,12.102834297572231
LSTM,ar_bounded_52,from30,10,0.1111637623292079,1.1543967287243846,4.636415327627251,15.390710698912589,0.4017618539068446,1.3251069542078655,4.636415327627251
LSTM,ar_bounded_52,from30,11,0.111162828483477,1.1481707983600458,27.21950874176789,29.026847221458805,0.3981931321137868,1.224903524503189,27.21950874176789
LSTM,ar_bounded_52,from30,12,0.1110346087456709,1.1295037777080088,2.1482592584200253,15.98346482091176,0.3999463309427976,1.3016711743209268,2.1482592584200253
LSTM,ar_bounded_52,from30,13,0.1110194083184149,1.140283462909339,-0.5623770581843782,15.920668679838473,0.4076621621566331,1.2910900210752156,0.5623770581843782
LSTM,ar_bounded_52,from30,14,0.1111299213975178,1.1431012868217303,7.527729767916018,17.153553459635358,0.3938057610531578,1.2286196083054597,7.527729767916018
LSTM,ar_bounded_52,from30,15,0.1111029295988484,1.1513522955054645,9.498839864398487,17.371760616721264,0.4065638530212787,1.1889428652035123,9.498839864398487
LSTM,ar_bounded_52,from30,16,0.1111958219851263,1.1732114625200538,6.724942963711986,16.542499090029622,0.3908105545378411,1.1264690944101776,6.724942963711986
LSTM,ar_bounded_52,from30,17,0.111282307865923,1.1939404059936671,8.302834270492742,16.79702776946382,0.4043065911135688,1.0750441530758563,8.302834270492742
LSTM,ar_bounded_52,from30,18,0.1113560737974563,1.1994986684993565,12.66762762566414,18.122341398258172,0.38744110987439,1.205116011388812,12.66762762566414
LSTM,ar_bounded_52,from30,19,0.1110434646838371,1.1406930093185892,9.818208176169604,17.113887911276965,0.4001838000748848,1.3225828656434544,9.818208176169604
LSTM,kmeans_8,from30,0,0.1117815973957292,1.2788766364504531,14.096609840002408,18.948072707258792,0.3427869564356546,1.7068175222279949,14.096609840002408
LSTM,kmeans_8,from30,1,0.1117030935633479,1.2731860985499397,-4.090477953523656,13.741755583641517,0.3290157268225553,1.977394128248996,4.090477953523656
LSTM,kmeans_8,from30,2,0.1115896735785337,1.2570335087420366,26.97222539064957,28.22740416466837,0.3658357391971971,1.4756763957716252,26.97222539064957
LSTM,kmeans_8,from30,3,0.1117443422060557,1.2730198630745149,7.671064141710651,14.092986724668986,0.3369641884817461,1.8086048516886692,7.671064141710651
LSTM,kmeans_8,from30,4,0.1121369608260416,1.2831704737434,33.18718131383946,33.7157460620938,0.3344608661161948,1.3848370310767917,33.18718131383946
LSTM,kmeans_8,from30,5,0.1118733564951016,1.311374784015986,20.782722252530352,23.95076672064238,0.3571239131187599,1.6921624050915944,20.782722252530352
LSTM,kmeans_8,from30,6,0.1116209456265606,1.2622921972759895,2.3536465167837526,14.139061795426038,0.3646206862600301,1.7450106276044446,2.3536465167837526
LSTM,kmeans_8,from30,7,0.1115202053624699,1.2424606212103793,11.69326581017392,17.801393701195614,0.3820053339835839,1.5151769209371346,11.69326581017392
LSTM,kmeans_8,from30,8,0.1117837607059906,1.2825643744151929,1.3888532269110228,12.882954076949453,0.3437444017793715,1.7549219944360674,1.3888532269110228
LSTM,kmeans_8,from30,9,0.1118715865224604,1.3062781905831382,16.705992117061562,20.05870908351031,0.3418135882507691,1.6944354986237282,16.705992117061562
LSTM,kmeans_8,from30,10,0.1116904688536326,1.264449585581244,21.803066093293623,23.99294053408084,0.342901239378079,1.492905300931595,21.803066093293623
LSTM,kmeans_8,from30,11,0.1116439422662258,1.253696777337064,3.693823029954878,14.592847260568623,0.3457295339577849,1.6620040214367704,3.693823029954878
LSTM,kmeans_8,from30,12,0.11156631935415,1.2522528285589438,9.762564315743786,16.552903084127585,0.3545051511391821,1.7098533177802582,9.762564315743786
LSTM,kmeans_8,from30,13,0.1114399593111301,1.2258417505792691,6.584487354356274,14.575011783458498,0.3594624490121934,1.538013361604325,6.584487354356274
LSTM,kmeans_8,from30,14,0.1116126214222911,1.2521812137393775,4.086298660502185,13.529865396459057,0.3628975344036582,1.7391937777115576,4.086298660502185
LSTM,kmeans_8,from30,15,0.1117428364500577,1.2700771557191577,20.886020116698997,23.504134207246597,0.3322673750405834,1.3901194809155766,20.886020116698997
LSTM,kmeans_8,from30,16,0.111604344521917,1.2521984053089088,4.907849928784879,14.558012220094469,0.3707809208394562,1.7284919925615474,4.907849928784879
LSTM,kmeans_8,from30,17,0.1114908974746985,1.2371191768555705,5.77464044293916,13.54110555022974,0.3654823613022199,1.663403884358545,5.77464044293916
LSTM,kmeans_8,from30,18,0.1117582482650152,1.290004273655587,9.879238747321402,16.49623798265704,0.3287505007324003,1.6815931349904627,9.879238747321402
LSTM,kmeans_8,from30,19,0.1116432195091125,1.2580497097173062,11.143706943683894,17.339712262860367,0.3529707128157615,1.8141926006260547,11.143706943683894
LSTMAttention,none,searched,0,0.1113535837279796,1.2078215910322931,35.0875997846758,35.65833824447683,0.3986370755689528,1.0847132570862976,35.0875997846758
LSTMAttention,none,searched,1,0.1113266578447595,1.2090494901900928,13.625453904829278,18.02805448862584,0.4028148538064957,1.0056941455091208,13.625453904829278
LSTMAttention,none,searched,2,0.1113789142689951,1.2238208949907123,16.00826858788097,18.871064243913292,0.3993007328184756,0.9679253232124584,16.00826858788097
LSTMAttention,none,searched,3,0.1113022436867964,1.2072311528811217,9.438737702918608,15.006967405890142,0.3980425399288863,1.0606610309624962,9.438737702918608
LSTMAttention,none,searched,4,0.1112888705203092,1.2036592144031018,25.83595090275328,27.6308415005785,0.3943178939923689,1.0271701550403756,25.83595090275328
LSTMAttention,none,searched,5,0.1112709650127373,1.1991392024571814,-3.323919063778584,13.606316569320567,0.4074517905412115,1.1007795920505548,3.323919063778584
LSTMAttention,none,searched,6,0.1112767231999525,1.2132749599063215,8.471807842406452,14.742684946892822,0.4038322660481223,0.9986318301080084,8.471807842406452
LSTMAttention,none,searched,7,0.1113408705290314,1.200275873432146,21.4901079008672,23.556433793778265,0.4001504350801392,1.067053397476741,21.4901079008672
LSTMAttention,none,searched,8,0.1114981820419972,1.2427219700544403,45.35327560705857,45.89373074590661,0.4043345747278449,1.0725155654395375,45.35327560705857
LSTMAttention,none,searched,9,0.1113138328985205,1.2053767109485154,4.875059109200357,14.299117742399105,0.405793344341286,1.0761083568002423,4.875059109200357
LSTMAttention,none,searched,10,0.1113323293328928,1.2105703466217863,20.59563502005959,23.02573227298266,0.4054103765584502,1.036138349678752,20.59563502005959
LSTMAttention,none,searched,11,0.1113406342857678,1.207198672753134,6.403252343569931,15.679796013379304,0.402652237789827,1.2517233373827332,6.403252343569931
LSTMAttention,none,searched,12,0.1112945443053802,1.1987761139210626,23.004367083282258,24.62721875846221,0.4035946676891617,1.188868524731537,23.004367083282258
LSTMAttention,none,searched,13,0.1113111242597717,1.2108743377849729,24.138969953861128,25.70608535834903,0.4072600316525273,1.0207133010959886,24.138969953861128
LSTMAttention,none,searched,14,0.1113421781299386,1.2073962884752998,24.27710281059685,26.19888613097168,0.4016278658540056,1.152608208249498,24.27710281059685
LSTMAttention,none,searched,15,0.1112597805501176,1.2013750608396934,7.868184993976321,15.73999106261742,0.408026549169342,1.0642469072153098,7.868184993976321
LSTMAttention,none,searched,16,0.1112760051313542,1.1937042192295768,10.753925779003149,16.52670735619817,0.4059619673528635,1.0811016836763905,10.753925779003149
LSTMAttention,none,searched,17,0.1113108235389974,1.2097585728021116,-0.2259163386560829,16.39331149282755,0.409084686709942,1.0841477204530232,0.2259163386560829
LSTMAttention,none,searched,18,0.111270990054242,1.2024422559991683,8.973154783615447,15.44133810805733,0.4025295742885167,1.1013973420951444,8.973154783615447
LSTMAttention,none,searched,19,0.1113498230715786,1.2148264228593868,17.612170108098002,20.606688945856828,0.4057392892000879,1.0573013396888606,17.612170108098002
LSTMAttention,none,nofloor,0,0.1114023591746795,1.2332698690398043,1.746215656755436,14.528750654565622,0.3996920755283006,0.94463590408493,1.746215656755436
LSTMAttention,none,nofloor,1,0.1112941061325408,1.2091633578421086,0.3562481238067737,14.781699749477651,0.3996127433574731,1.055817678722304,0.3562481238067737
LSTMAttention,none,nofloor,2,0.1112733951759362,1.1968921491545437,15.237715864530848,18.309336367233502,0.3949302430900271,1.0600411523528157,15.237715864530848
LSTMAttention,none,nofloor,3,0.1112702212244111,1.192936930659309,19.13534707728879,21.167302190287455,0.3966366201618343,1.0713016176018837,19.13534707728879
LSTMAttention,none,nofloor,4,0.1112807044591495,1.202852134823251,8.177242114007653,15.03093402422443,0.3973907248844958,1.093643002437488,8.177242114007653
LSTMAttention,none,nofloor,5,0.1113130929943476,1.2063544964995407,13.708965276219317,18.16340042237062,0.4047527605958982,1.0700342152381122,13.708965276219317
LSTMAttention,none,nofloor,6,0.1113091358918718,1.2114869577700378,33.37073957782617,34.180214644549594,0.4010792243842679,1.0114478007482794,33.37073957782617
LSTMAttention,none,nofloor,7,0.1112951672691978,1.2062440331513635,17.418951387590393,21.31491020046928,0.4009906192479848,1.2039598932799611,17.418951387590393
LSTMAttention,none,nofloor,8,0.1112940194438169,1.1997051112547152,22.243289505451347,24.274873099059484,0.3975102360932149,0.9824134067657032,22.243289505451347
LSTMAttention,none,nofloor,9,0.1112502049054156,1.189829162370419,16.04421842036308,19.674129762684014,0.3937511935749192,1.047460245032337,16.04421842036308
LSTMAttention,none,nofloor,10,0.1113426565856496,1.2099070658608546,7.230655930735371,16.227032200818694,0.3913960203961364,1.0704295920105469,7.230655930735371
LSTMAttention,none,nofloor,11,0.1112916998950967,1.203835732087614,12.701347988609884,18.016349718894183,0.4030280342935148,1.057834368344078,12.701347988609884
LSTMAttention,none,nofloor,12,0.1113023346091941,1.209532468735355,8.809662001882849,15.076637652469358,0.3989880826245146,0.9966239464384662,8.809662001882849
LSTMAttention,none,nofloor,13,0.1114089672569238,1.2225272561730869,15.425639692434151,18.74119884181362,0.4088032547004472,1.1887572837750402,15.425639692434151
LSTMAttention,none,nofloor,14,0.1112789473245824,1.2013218672633583,1.494473903004953,15.548536926594464,0.3971341195169378,1.1207659122750608,1.494473903004953
LSTMAttention,none,nofloor,15,0.1113085475982638,1.2003589028088315,33.07394441539419,33.6719936011006,0.3966052234384646,1.1604139533131164,33.07394441539419
LSTMAttention,none,nofloor,16,0.1113384757898602,1.2073852232232067,15.84263925126534,18.924292391105343,0.4020534998977244,0.9726962336641084,15.84263925126534
LSTMAttention,none,nofloor,17,0.1113111692564874,1.2089803019154122,18.970275104207357,20.85731618194587,0.400360548119938,0.9534788670927712,18.970275104207357
LSTMAttention,none,nofloor,18,0.1112907205471376,1.198482199353672,12.316303904240684,18.104691619212968,0.3922313470019092,1.0579628987909124,12.316303904240684
LSTMAttention,none,nofloor,19,0.1112574170254707,1.193909144238576,8.630934609766127,15.842638507029378,0.3971931745245141,1.1656067681880071,8.630934609766127
LSTMAttention,ar_bounded_52,nofloor,0,0.1113390665008876,1.2159658827516109,7.875802242869489,15.18318670433258,0.4005206062639009,1.1581357621188422,7.875802242869489
LSTMAttention,ar_bounded_52,nofloor,1,0.1113685545894627,1.2295547079389295,-1.474778309700026,14.177612562871944,0.3970212037666268,1.0363890046341298,1.474778309700026
LSTMAttention,ar_bounded_52,nofloor,2,0.1113710614425431,1.2194215413829006,19.642081882238124,22.0515567757541,0.3931583310191365,1.157214275035109,19.642081882238124
LSTMAttention,ar_bounded_52,nofloor,3,0.1113070837169117,1.2129154343435828,2.8755235857091117,14.312587075689832,0.398613057277082,1.1250592444211525,2.8755235857091117
LSTMAttention,ar_bounded_52,nofloor,4,0.111269113004606,1.2039337396175098,8.575291356224685,16.501347279358576,0.3971277942013412,1.1011662644795162,8.575291356224685
LSTMAttention,ar_bounded_52,nofloor,5,0.1114247156375226,1.2310666282522815,30.93841260367619,31.828333510362945,0.401531339119257,0.9720170622326484,30.93841260367619
LSTMAttention,ar_bounded_52,nofloor,6,0.111281794903888,1.2151400853126968,15.814120875906118,19.153460940764248,0.395959562182075,1.13284795406574,15.814120875906118
LSTMAttention,ar_bounded_52,nofloor,7,0.1113567152764293,1.2282505644028632,-2.820714233405328,14.279702504040513,0.4028279092337029,1.082451917562855,2.820714233405328
LSTMAttention,ar_bounded_52,nofloor,8,0.111397783311915,1.2304475822936576,9.595077695961464,17.82006545946565,0.3979778065114588,1.0594077251679503,9.595077695961464
LSTMAttention,ar_bounded_52,nofloor,9,0.1113542908072579,1.2196286752005916,4.2503493917386015,14.807152865723586,0.4019311229309882,1.0706962276855925,4.2503493917386015
LSTMAttention,ar_bounded_52,nofloor,10,0.111357728173772,1.2265094430759698,-2.6224792413169493,13.956804173354929,0.3997258720779331,1.1366463395376436,2.6224792413169493
LSTMAttention,ar_bounded_52,nofloor,11,0.1113287640319754,1.2101527767205142,15.544822229387066,19.83056259659461,0.3932421423465764,1.115046469284886,15.544822229387066
LSTMAttention,ar_bounded_52,nofloor,12,0.1113695596613994,1.2302415535927338,4.808361508657892,14.83864391757248,0.3974806946629952,1.0272902347937465,4.808361508657892
LSTMAttention,ar_bounded_52,nofloor,13,0.1113387613476784,1.2255021535929247,-3.6345553727147375,16.41876435245158,0.4028015251488962,1.094993097231235,3.6345553727147375
LSTMAttention,ar_bounded_52,nofloor,14,0.1113529228198731,1.219964759837965,24.110080032854395,25.08007523026665,0.39862334879141,1.1301998008941283,24.110080032854395
LSTMAttention,ar_bounded_52,nofloor,15,0.1113149943284887,1.2181921858044893,1.2224812949414414,15.473478804130496,0.3924395105168483,1.0185014095238425,1.2224812949414414
LSTMAttention,ar_bounded_52,nofloor,16,0.1113327588034875,1.2101773850563706,14.743707504798415,18.53896949306776,0.3997097668745226,1.1643949072204025,14.743707504798415
LSTMAttention,ar_bounded_52,nofloor,17,0.1114523201448982,1.234339417420216,31.73525421525449,32.30246269428288,0.398563648875522,0.9784554963550054,31.73525421525449
LSTMAttention,ar_bounded_52,nofloor,18,0.1113126091591725,1.2191939714445903,1.0022304881633226,14.388202449771436,0.4021551486005926,1.105543449953067,1.0022304881633226
LSTMAttention,ar_bounded_52,nofloor,19,0.1113044854313998,1.2158841587500384,0.6335356462544477,14.912215310245832,0.4025513056722786,1.130445662475741,0.6335356462544477
LSTMAttention,kmeans_8,nofloor,0,0.1117423660311274,1.2996376070399949,20.25508665513439,22.649698685923724,0.3696418060330555,1.4784865274318528,20.25508665513439
LSTMAttention,kmeans_8,nofloor,1,0.1117374955449111,1.3016442712834804,16.170460460834985,18.38913189816716,0.3641199872217675,1.566035336275852,16.170460460834985
LSTMAttention,kmeans_8,nofloor,2,0.1116639192984575,1.2736060531078703,14.878681558616684,19.525964111160977,0.3658129721205467,1.4050913881871263,14.878681558616684
LSTMAttention,kmeans_8,nofloor,3,0.1116763135942197,1.2836042642513688,19.736554266740235,21.939805431245432,0.3668384011751224,1.4898561338936904,19.736554266740235
LSTMAttention,kmeans_8,nofloor,4,0.1116598218978918,1.2888814803485955,7.313795372702081,15.969809702609616,0.3367002922985546,1.5545592537475228,7.313795372702081
LSTMAttention,kmeans_8,nofloor,5,0.1116438603467791,1.2760367671045332,11.143242661839706,17.136182378535356,0.3790068751029015,1.4515928013571893,11.143242661839706
LSTMAttention,kmeans_8,nofloor,6,0.1116790733663297,1.2981530382582953,23.882768995396987,25.809382856747646,0.3711438277937481,1.4389719031160828,23.882768995396987
LSTMAttention,kmeans_8,nofloor,7,0.1117731247001774,1.293879627176595,11.51500291522373,17.381049989373494,0.3671572982650476,1.599194535755921,11.51500291522373
LSTMAttention,kmeans_8,nofloor,8,0.1116917767601741,1.284077866412078,19.90933648128469,21.51286629773919,0.3639671842870746,1.4097016038937449,19.90933648128469
LSTMAttention,kmeans_8,nofloor,9,0.1117165827383755,1.2873985113258726,9.416814463596154,16.78959616054149,0.371455454848303,1.552028859566123,9.416814463596154
LSTMAttention,kmeans_8,nofloor,10,0.1116258891957025,1.2714518969908457,9.885462675774642,15.813005385471309,0.3686449821100744,1.5984692416644497,9.885462675774642
LSTMAttention,kmeans_8,nofloor,11,0.1118508712228857,1.3183129930946942,21.106178190189546,24.13432474645629,0.366314940564146,1.4928945284900017,21.106178190189546
LSTMAttention,kmeans_8,nofloor,12,0.1118367544035786,1.3210538380626264,25.540177188956225,27.06028855571404,0.3648554090616516,1.460107360122586,25.540177188956225
LSTMAttention,kmeans_8,nofloor,13,0.1116243585444627,1.2717678600195492,14.421923499237543,18.812819641201035,0.3717469993746845,1.4222391837069104,14.421923499237543
LSTMAttention,kmeans_8,nofloor,14,0.1117319121796944,1.2903247040544557,15.821273280949807,19.425360361406863,0.3728577616076673,1.4623148494920426,15.821273280949807
LSTMAttention,kmeans_8,nofloor,15,0.1116993839375528,1.294391003413078,8.149466565924586,16.659266339559572,0.3551933183030382,1.6242644107980535,8.149466565924586
LSTMAttention,kmeans_8,nofloor,16,0.1119099633034736,1.3170223402850318,30.202880342550497,30.964236568213376,0.3686423973793855,1.4384876931150243,30.202880342550497
LSTMAttention,kmeans_8,nofloor,17,0.1118417584911905,1.308133228775734,16.022573692364475,19.66456146561475,0.370159158309064,1.593301770762771,16.022573692364475
LSTMAttention,kmeans_8,nofloor,18,0.1117490348502541,1.2904026641151956,13.397028083225896,19.698746213864545,0.3588713825669552,1.5355436466512475,13.397028083225896
LSTMAttention,kmeans_8,nofloor,19,0.1117878029911757,1.304046096805309,4.999257372469285,14.1691593969884,0.3669251822687632,1.681164203117833,4.999257372469285
LSTMAttention,none,from20,0,0.1113158301939554,1.2052575728133257,13.877938797544022,18.37176089350221,0.3997514637228051,1.0761719077869345,13.877938797544022
LSTMAttention,none,from20,1,0.1112547036107388,1.196960946757661,4.34435774571952,15.566093852270688,0.3931521461856084,1.1859625759334118,4.34435774571952
LSTMAttention,none,from20,2,0.111230815577159,1.191836817712392,7.750860299848639,15.869763260761276,0.4010410435210504,1.146629770504973,7.750860299848639
LSTMAttention,none,from20,3,0.1111736856712822,1.1819036105879144,10.559871004694257,16.62192332188043,0.4069925672034065,1.1798638194883813,10.559871004694257
LSTMAttention,none,from20,4,0.1112914715598788,1.2078956368640226,15.28945764287919,18.909150632868123,0.3962857384476249,1.0406090575375395,15.28945764287919
LSTMAttention,none,from20,5,0.1112856002906866,1.2016003232586898,18.44895599996908,21.312494958433625,0.4062551625923378,1.0604635261786184,18.44895599996908
LSTMAttention,none,from20,6,0.1112739069713457,1.195442008850347,21.043010835303694,23.558756105890957,0.401702328128161,1.2499370934715113,21.043010835303694
LSTMAttention,none,from20,7,0.1112548234754947,1.1915809787156144,17.912030808120768,21.04087398419697,0.3951752849729587,1.0371384003867592,17.912030808120768
LSTMAttention,none,from20,8,0.1112436484514529,1.191887575926789,16.170367973917347,19.75624774711572,0.3937274073281288,1.05109204886277,16.170367973917347
LSTMAttention,none,from20,9,0.1113705583628312,1.2042492285132729,20.67598802316733,23.599350458576204,0.393445860602758,1.1233886950599703,20.67598802316733
LSTMAttention,none,from20,10,0.1113163015034591,1.2071411443342632,2.780307574693554,15.70366926205115,0.404578385309469,1.1604962769772955,2.780307574693554
LSTMAttention,none,from20,11,0.1113588237538467,1.2124363844355244,19.47199365381888,22.096795956610453,0.3965449257938563,1.007050413166381,19.47199365381888
LSTMAttention,none,from20,12,0.1113232812568425,1.2103047556842892,11.38550965427932,16.942963808053726,0.411885557230297,1.1241711006646902,11.38550965427932
LSTMAttention,none,from20,13,0.1110857637661122,1.163777559182634,4.819137120047738,15.281374959538525,0.4101069563618852,1.3163730483566565,4.819137120047738
LSTMAttention,none,from20,14,0.1113108151605905,1.203624830621456,-0.4599153860338418,14.60575926237856,0.3974945429130516,1.1325013006972824,0.4599153860338418
LSTMAttention,none,from20,15,0.1112993712315526,1.1943678283827142,18.47961088813316,21.328658339707022,0.4013025343654776,1.1283236980082008,18.47961088813316
LSTMAttention,none,from20,16,0.1113104035723972,1.204781326633948,25.53088821991305,26.580586183209903,0.4056017121826448,1.078245928166959,25.53088821991305
LSTMAttention,none,from20,17,0.1113757751522994,1.2107231179949844,34.852114425715726,35.633535657416886,0.3984572854849309,1.1213199143495878,34.852114425715726
LSTMAttention,none,from20,18,0.1113252179339541,1.2044770780688685,15.458245327608552,19.728007929073332,0.3923669069606291,1.1887999426471525,15.458245327608552
LSTMAttention,none,from20,19,0.111310607570442,1.195534257897047,16.7794715328385,20.27858869620108,0.4037126448295887,1.1519938186602998,16.7794715328385
LSTMAttention,ar_bounded_52,from20,0,0.1113089149482259,1.1978323776491675,-2.231582823336028,15.550301704459327,0.399383830857749,1.190770724727996,2.231582823336028
LSTMAttention,ar_bounded_52,from20,1,0.1113164248088327,1.2054727933891984,9.67375858150669,16.31137982675474,0.4003964699397872,1.1630629077474817,9.67375858150669
LSTMAttention,ar_bounded_52,from20,2,0.1113458358261271,1.2104173651767542,7.777056320184304,16.240594713300613,0.3929547407541002,1.2196347895276245,7.777056320184304
LSTMAttention,ar_bounded_52,from20,3,0.1112706043480417,1.1953977340438042,15.246633651101154,18.48249010289877,0.3997119621153534,1.144006693700757,15.246633651101154
LSTMAttention,ar_bounded_52,from20,4,0.1112739532726557,1.2031028517886997,4.011984308045822,15.269205775650454,0.3987096267492265,1.1535967512419976,4.011984308045822
LSTMAttention,ar_bounded_52,from20,5,0.1113132648806999,1.2070885448881348,27.60919753915812,29.038087301379058,0.4007696685853005,1.12768835085209,27.60919753915812
LSTMAttention,ar_bounded_52,from20,6,0.1112206665524001,1.2036615322808597,6.343893269275672,15.785415949389838,0.3997659297845999,1.1567152379896175,6.343893269275672
LSTMAttention,ar_bounded_52,from20,7,0.1113218640288211,1.2196354747701492,-0.0979088551786533,14.251555860604068,0.4041106354311554,1.0770077734622872,0.0979088551786533
LSTMAttention,ar_bounded_52,from20,8,0.1113981449375136,1.226219544457227,-0.0570356626545407,14.839015269061129,0.40252627833949,1.1857667739225577,0.0570356626545407
LSTMAttention,ar_bounded_52,from20,9,0.1113256755777767,1.206027663178028,14.54194253537635,17.976034075909208,0.4038031029786144,1.092985549384391,14.54194253537635
LSTMAttention,ar_bounded_52,from20,10,0.1113869767518144,1.2154618659354686,28.756433949027738,29.73720492295249,0.403552355404732,1.1581920576613631,28.756433949027738
LSTMAttention,ar_bounded_52,from20,11,0.1113711499126074,1.2107374796887895,10.804924398662136,17.536368231685653,0.4022872197543821,1.202879802790822,10.804924398662136
LSTMAttention,ar_bounded_52,from20,12,0.1113145875195634,1.2055829042224382,4.7060855444564895,14.254435742640707,0.4058208176329048,1.207281249008761,4.7060855444564895
LSTMAttention,ar_bounded_52,from20,13,0.1112457795013486,1.1953883351112775,8.89243019035963,15.924291901865235,0.4059675289030504,1.263701711948832,8.89243019035963
LSTMAttention,ar_bounded_52,from20,14,0.1113367288576998,1.2182279961398124,-4.08778347280914,15.134509709865764,0.3984668427685185,1.0984021518822922,4.08778347280914
LSTMAttention,ar_bounded_52,from20,15,0.1112791164996169,1.2020781660495887,2.826197045438406,14.826567631813512,0.390705924905754,1.1455295277953483,2.826197045438406
LSTMAttention,ar_bounded_52,from20,16,0.1113583998173502,1.214009778566311,12.998886326817749,17.67087833770082,0.3997332724043573,1.2056886542062308,12.998886326817749
LSTMAttention,ar_bounded_52,from20,17,0.1113250042066834,1.2109280031489054,13.385881218886793,17.947329903891625,0.4026327762488731,1.0839004630971314,13.385881218886793
LSTMAttention,ar_bounded_52,from20,18,0.1113014180227887,1.2048531780304204,10.74352171638617,16.862982209619084,0.4014553290663463,1.187023213273388,10.74352171638617
LSTMAttention,ar_bounded_52,from20,19,0.1113222057557426,1.2010834741725664,14.703205856851222,18.792940544364924,0.4083412672302325,1.1217684335910147,14.703205856851222
LSTMAttention,kmeans_8,from20,0,0.1116097809972904,1.265501570107539,1.4515565078132002,15.198885315552916,0.3748848129912648,1.5279876574939872,1.4515565078132002
LSTMAttention,kmeans_8,from20,1,0.111759487190192,1.3038950183075624,11.109893691974156,16.04570392169928,0.3696713973756998,1.615346268239204,11.109893691974156
LSTMAttention,kmeans_8,from20,2,0.1118330143958714,1.2987898770958175,25.79145444450205,27.430655517391543,0.3620562520438228,1.4275149623285026,25.79145444450205
LSTMAttention,kmeans_8,from20,3,0.1115744296190297,1.2623174254189915,14.940641502091726,17.648862461997105,0.3704358271881906,1.5376310764834322,14.940641502091726
LSTMAttention,kmeans_8,from20,4,0.1116015902417528,1.2712848352746866,4.741570525140629,15.165165032232384,0.3706593050183492,1.4365907126710178,4.741570525140629
LSTMAttention,kmeans_8,from20,5,0.1117824162146611,1.2949527250492268,20.50924353321835,22.61792895616841,0.3765374508240589,1.4534937372298569,20.50924353321835
LSTMAttention,kmeans_8,from20,6,0.1117508938567412,1.3045738887046603,25.3453791944574,27.0315843966303,0.3689044110657341,1.4887149210197606,25.3453791944574
LSTMAttention,kmeans_8,from20,7,0.1117090385362828,1.2739923582310564,13.282768805439732,18.03074812346128,0.3734006178687776,1.489691544063121,13.282768805439732
LSTMAttention,kmeans_8,from20,8,0.1117072812598532,1.2814849035577331,16.401486897873763,19.279331554858864,0.364469569891784,1.5345046091791554,16.401486897873763
LSTMAttention,kmeans_8,from20,9,0.1117831912226725,1.2952159825274665,13.490386095345071,18.218300358253348,0.3726043726256008,1.4902820915796116,13.490386095345071
LSTMAttention,kmeans_8,from20,10,0.1116557474654029,1.257577032109079,22.4164427480089,24.629169066576598,0.3716090886139357,1.5654429877283131,22.4164427480089
LSTMAttention,kmeans_8,from20,11,0.1116419314848824,1.2514801186822029,6.56674461892568,16.34621478477032,0.3745051118207861,1.5460668323558728,6.56674461892568
LSTMAttention,kmeans_8,from20,12,0.1116717486850286,1.2811751598060483,10.20399505470173,16.631305396286002,0.3680476019580737,1.6048815315885332,10.20399505470173
LSTMAttention,kmeans_8,from20,13,0.111711676292672,1.2821195651794677,16.517882628564692,20.44988423770804,0.3690490279308972,1.4705394059127774,16.517882628564692
LSTMAttention,kmeans_8,from20,14,0.1117762076599695,1.289236653980624,17.036879366921948,20.04737614444629,0.3709018903673336,1.513810094225083,17.036879366921948
LSTMAttention,kmeans_8,from20,15,0.1115556554526327,1.2672012049315176,2.0871347614401827,13.091128743193057,0.3744384039277776,1.4899711561461937,2.0871347614401827
LSTMAttention,kmeans_8,from20,16,0.1118093925670578,1.2998759581795756,23.0462616335584,24.792661911096648,0.3704250161515171,1.4629555392336466,23.0462616335584
LSTMAttention,kmeans_8,from20,17,0.1118079401009983,1.2957121931510065,15.125314063918848,18.64282433893062,0.3645718882856001,1.5709512893165314,15.125314063918848
LSTMAttention,kmeans_8,from20,18,0.1116256841079314,1.275566548081543,9.64830531123347,15.726149857662268,0.3682848828348402,1.475845490112864,9.64830531123347
LSTMAttention,kmeans_8,from20,19,0.1117878029911757,1.304046096805309,4.999257372469285,14.1691593969884,0.3669251822687632,1.681164203117833,4.999257372469285
LSTMAttention,none,from30,0,0.1112846556698481,1.2012839499749202,13.09020077343354,18.083604743238624,0.3967933702511552,1.059810610604422,13.09020077343354
LSTMAttention,none,from30,1,0.1112947863452283,1.205295063316674,-4.30134596258576,16.293915135862125,0.392117216950571,1.160040537839848,4.30134596258576
LSTMAttention,none,from30,2,0.1113048147910936,1.1945595589377016,13.957920216354152,18.92791496779234,0.3909586983209509,1.161301144088125,13.957920216354152
LSTMAttention,none,from30,3,0.1112147782741825,1.184617194868286,21.17993601216508,23.51676801108609,0.4058623977827958,1.1777752468786822,21.17993601216508
LSTMAttention,none,from30,4,0.1113205267401193,1.2104917644972486,10.062797153937147,16.765815466268116,0.3919423589084767,1.136518774286265,10.062797153937147
LSTMAttention,none,from30,5,0.1113338568311115,1.2070525599420123,13.23000570094941,17.85870933907609,0.4098640514812365,1.2476098306158696,13.23000570094941
LSTMAttention,none,from30,6,0.1112000966640413,1.1775771953499867,11.208268602910886,17.07152857529952,0.4005434750201075,1.286848440380716,11.208268602910886
LSTMAttention,none,from30,7,0.1113234551514801,1.204979457371813,8.12085564532653,16.213934238244324,0.4041543741174118,1.12412122437057,8.12085564532653
LSTMAttention,none,from30,8,0.1112381227057962,1.1980088373836573,3.742871433279937,15.870692147049269,0.3923883933564438,1.2067885781823815,3.742871433279937
LSTMAttention,none,from30,9,0.1114090551514102,1.2063557621420495,14.36739534488259,19.94621505646331,0.3947909036388142,1.2286833059479887,14.36739534488259
LSTMAttention,none,from30,10,0.1113163015034591,1.2071411443342632,2.780307574693554,15.70366926205115,0.404578385309469,1.1604962769772955,2.780307574693554
LSTMAttention,none,from30,11,0.1113834151264908,1.210453722271998,21.407711222751097,23.85991719171566,0.3945429637004815,1.0989943332534975,21.407711222751097
LSTMAttention,none,from30,12,0.1113072255238185,1.1988943997848194,10.083976892364436,16.69633108193561,0.4088243682499118,1.1420881812835164,10.083976892364436
LSTMAttention,none,from30,13,0.1112074847297053,1.1699583411300718,10.729216086925383,16.705063131228545,0.4111179195224619,1.186878042280628,10.729216086925383
LSTMAttention,none,from30,14,0.111293644124981,1.1980523943013546,0.9721328757326164,15.715838255457202,0.4008356578187262,1.2688045204952665,0.9721328757326164
LSTMAttention,none,from30,15,0.1113663669332702,1.2083194436940732,12.503298757633434,18.08379051303439,0.404867885879266,1.1299557756313947,12.503298757633434
LSTMAttention,none,from30,16,0.1113113184155984,1.206028854773455,7.111008924657214,15.600371760840837,0.4028685120177979,1.1683997746685486,7.111008924657214
LSTMAttention,none,from30,17,0.1113124626624859,1.2013577322711015,12.121041428115392,18.17417606886348,0.4013067440881472,1.1792817973350638,12.121041428115392
LSTMAttention,none,from30,18,0.1113627411923407,1.210108099704917,22.06827788789981,24.146308296656603,0.3942314857163501,1.111539158296259,22.06827788789981
LSTMAttention,none,from30,19,0.1113217432176487,1.1965885730631476,11.80613201284123,17.219229500426582,0.4041881263445109,1.1288110917715002,11.80613201284123
LSTMAttention,ar_bounded_52,from30,0,0.1112256272753398,1.1775528372139772,6.656108783716511,15.274036499927645,0.4016345809456831,1.2338418951461656,6.656108783716511
LSTMAttention,ar_bounded_52,from30,1,0.1113471153117573,1.2047663640135209,3.2080827641747764,15.345564318327265,0.3988800913652179,1.1306000446568396,3.2080827641747764
LSTMAttention,ar_bounded_52,from30,2,0.1113383673333395,1.2019246221330742,19.302276943189707,22.3516031326828,0.3942207335353501,1.2378602248597248,19.302276943189707
LSTMAttention,ar_bounded_52,from30,3,0.1112335112660419,1.180021429010483,7.198886293679728,15.883325724362845,0.3999395440881725,1.1500794439134134,7.198886293679728
LSTMAttention,ar_bounded_52,from30,4,0.1112936494590257,1.1996282730899774,3.0724580368003798,16.95764044699199,0.3988033287336493,1.231352979047727,3.0724580368003798
LSTMAttention,ar_bounded_52,from30,5,0.1112700389621459,1.1881250740781093,8.707664745197285,16.030841085283672,0.4064273780778866,1.2277116262457377,8.707664745197285
LSTMAttention,ar_bounded_52,from30,6,0.1112894406887284,1.1940731842030592,10.104134808070585,16.89577368008031,0.4039378677883737,1.177287087799837,10.104134808070585
LSTMAttention,ar_bounded_52,from30,7,0.1113026474984869,1.2094316343608529,2.6972606568778565,14.736646537258489,0.4058522551004005,1.1203419890871251,2.6972606568778565
LSTMAttention,ar_bounded_52,from30,8,0.1113706729589772,1.2242024618761151,11.6898291662858,17.353739356567917,0.402014354956404,1.1725910374351454,11.6898291662858
LSTMAttention,ar_bounded_52,from30,9,0.1113411111000741,1.205088562223278,5.266327076754377,15.150394922129244,0.403404607286207,1.114449374623682,5.266327076754377
LSTMAttention,ar_bounded_52,from30,10,0.1113793230398115,1.2132615491470564,9.818301085383313,17.061217301890586,0.4065983154583628,1.2487518511594655,9.818301085383313
LSTMAttention,ar_bounded_52,from30,11,0.1114613551845896,1.2144577150162972,18.74621562357781,21.28537002476358,0.4011708031215931,1.25750885749799,18.74621562357781
LSTMAttention,ar_bounded_52,from30,12,0.1113925633280078,1.216552317874502,11.285556072785962,17.64988424576535,0.4063767930049629,1.1359848419923713,11.285556072785962
LSTMAttention,ar_bounded_52,from30,13,0.1112948434034011,1.1897842580513145,16.14324302432873,19.78281529581775,0.4072355559170793,1.2154352302486808,16.14324302432873
LSTMAttention,ar_bounded_52,from30,14,0.1113001836590005,1.200022886140626,9.226289917284234,16.137204284697855,0.399987378688075,1.1352165794635931,9.226289917284234
LSTMAttention,ar_bounded_52,from30,15,0.1113528292725069,1.2033964943836748,7.330052138875208,15.976219447846496,0.3936607599397413,1.166546301126241,7.330052138875208
LSTMAttention,ar_bounded_52,from30,16,0.1112741869917712,1.21131452908415,4.055179848218203,15.399349763205612,0.4032351611017588,1.149388518046656,4.055179848218203
LSTMAttention,ar_bounded_52,from30,17,0.1113098353375231,1.2088690147280985,7.382537021549707,14.715559808336184,0.4015456560990937,1.1193027464664471,7.382537021549707
LSTMAttention,ar_bounded_52,from30,18,0.1113160713733125,1.2004407655958795,7.416536083381544,16.029447490216118,0.3981819669945278,1.1932768342183615,7.416536083381544
LSTMAttention,ar_bounded_52,from30,19,0.1113053480800589,1.1942195508174602,17.54352171581749,20.45889529518512,0.4078091626182095,1.2082493398901293,17.54352171581749
LSTMAttention,kmeans_8,from30,0,0.1116819503602041,1.2743563879438258,12.9650725841415,17.143242330455948,0.3696456907272067,1.5546419522094863,12.9650725841415
LSTMAttention,kmeans_8,from30,1,0.1119127514511005,1.3176181332022292,14.936832849490273,18.472178682697347,0.3553365918553389,1.6809528965028462,14.936832849490273
LSTMAttention,kmeans_8,from30,2,0.1118493940221691,1.283058264737838,17.869670816832837,20.232513174209043,0.3591360299053597,1.5387451721248828,17.869670816832837
LSTMAttention,kmeans_8,from30,3,0.1117910887631972,1.291287663302548,13.027032622414149,17.081096502997596,0.3718293123057525,1.4801815178754254,13.027032622414149
LSTMAttention,kmeans_8,from30,4,0.1117122100077027,1.2846856572567853,15.603344771458008,19.382443422662604,0.3712770996925127,1.4106012761637108,15.603344771458008
LSTMAttention,kmeans_8,from30,5,0.1118679387797614,1.3057418703624255,26.519461821494573,27.75234612800626,0.3785959525486239,1.4056098762046705,26.519461821494573
LSTMAttention,kmeans_8,from30,6,0.1117530152450797,1.3064577483113269,26.220715916367176,27.72633588664768,0.37006700316119,1.4637039163577974,26.220715916367176
LSTMAttention,kmeans_8,from30,7,0.1117090385362828,1.2739923582310564,13.282768805439732,18.03074812346128,0.3734006178687776,1.489691544063121,13.282768805439732
LSTMAttention,kmeans_8,from30,8,0.1116897954432091,1.2814617653703493,12.284533850890856,16.461588807630616,0.3665409274052336,1.522263890118132,12.284533850890856
LSTMAttention,kmeans_8,from30,9,0.1118269294667357,1.292750984651708,16.688899778829146,22.216813983618383,0.3710367932264659,1.4068150091551372,16.688899778829146
LSTMAttention,kmeans_8,from30,10,0.1116486395150766,1.2583792049767368,9.369438534292634,15.516581775553886,0.3744757467147007,1.521788469115104,9.369438534292634
LSTMAttention,kmeans_8,from30,11,0.1117732088186956,1.2708848653381184,14.270413923725972,18.55281037818093,0.3798201268933808,1.4979188680770883,14.270413923725972
LSTMAttention,kmeans_8,from30,12,0.1117760340123392,1.2912121553559863,26.13553248779053,27.460009917624017,0.3700253028211856,1.4824976208296354,26.13553248779053
LSTMAttention,kmeans_8,from30,13,0.1116669133688904,1.2663117864351907,5.586809661233593,13.934788818616434,0.3753132825255321,1.5905831341191452,5.586809661233593
LSTMAttention,kmeans_8,from30,14,0.1117762076599695,1.289236653980624,17.036879366921948,20.04737614444629,0.3709018903673336,1.513810094225083,17.036879366921948
LSTMAttention,kmeans_8,from30,15,0.1115912169220476,1.2718700756967976,5.127729308882994,14.20938239792548,0.3745586777976663,1.471280181459368,5.127729308882994
LSTMAttention,kmeans_8,from30,16,0.1119141848068999,1.3071674393345802,23.15299644088851,25.58476595203492,0.3610467753180296,1.4785307983871512,23.15299644088851
LSTMAttention,kmeans_8,from30,17,0.1118079401009983,1.2957121931510065,15.125314063918848,18.64282433893062,0.3645718882856001,1.5709512893165314,15.125314063918848
LSTMAttention,kmeans_8,from30,18,0.1119614833741275,1.3041255033727686,23.638272772069733,25.49967536651046,0.362747148912372,1.4973711458033765,23.638272772069733
LSTMAttention,kmeans_8,from30,19,0.1118438111093544,1.3158808547275087,2.077845379033489,13.534974512487064,0.3611461210712296,1.7465488395820017,2.077845379033489
Transformer,none,searched,0,0.1131609511485126,1.5621723857121574,103.79925800149528,103.79925800149536,0.4039136070949836,1.331171213380193,103.79925800149528
Transformer,none,searched,1,0.1118391236279314,1.3046986012323654,61.31063741208939,61.43251382521917,0.4043624840890177,1.243426410769308,61.31063741208939
Transformer,none,searched,2,0.1130241339006779,1.4989961105009413,72.95522641618066,72.95522641618068,0.3917212468489869,1.4661641385544602,72.95522641618066
Transformer,none,searched,3,0.1113896097122042,1.2123234396215552,21.086856603215114,27.73599705534036,0.4000760052745331,1.1987918893747604,21.086856603215114
Transformer,none,searched,4,0.1116159392549135,1.2661591734516804,42.3161180691334,44.80956896692465,0.3985945005120652,1.3219050151338956,42.3161180691334
Transformer,none,searched,5,0.113329370100118,1.5754618751606049,94.92633645407592,94.92633645407592,0.3963020311106872,1.4078209278769678,94.92633645407592
Transformer,none,searched,6,0.1116979154656385,1.2951840264716907,60.60724677374151,60.60724677374151,0.4065230150656865,1.1811573274133051,60.60724677374151
Transformer,none,searched,7,0.111606943351425,1.256818486457079,42.230934634381846,43.368138503047255,0.4041691980301842,1.420858772635326,42.230934634381846
Transformer,none,searched,8,0.1114145112768395,1.2290663559084434,20.079332161718305,25.29883961152367,0.4030669842004864,1.353272480843883,20.079332161718305
Transformer,none,searched,9,0.1115302605385151,1.2377855708300975,31.641524483702987,37.09326599374407,0.4069923382078009,1.509432816498112,31.641524483702987
Transformer,none,searched,10,0.1116318657167003,1.264723936504127,39.20250917481829,41.247841128285465,0.4016382841800471,1.4428318147740444,39.20250917481829
Transformer,none,searched,11,0.1115223489398188,1.24007279559489,35.10757187386552,36.15299682615189,0.4018738998208702,1.315435532915267,35.10757187386552
Transformer,none,searched,12,0.1114774536763478,1.2238952532300078,35.4585240445695,37.20120854864562,0.4056228743322376,1.3246875632562014,35.4585240445695
Transformer,none,searched,13,0.1118181954848777,1.3059923209267654,52.1719471758784,53.01282028990949,0.3935322855001977,1.123811341627585,52.1719471758784
Transformer,none,searched,14,0.1121041850901956,1.359820346082798,64.578542628224,64.57854262822403,0.401290179822404,1.360070184227001,64.578542628224
Transformer,none,searched,15,0.1114819476242474,1.2345902925434324,23.027962034027656,27.027404240675853,0.3996511183906203,1.3238616771381957,23.027962034027656
Transformer,none,searched,16,0.112918514724057,1.5119825023298388,84.65490124218181,85.36981062284877,0.3976831415181271,1.4096008461052738,84.65490124218181
Transformer,none,searched,17,0.1117873834324289,1.3102155139177798,56.38606700944761,57.25257880962999,0.4023163977995094,1.392531151935315,56.38606700944761
Transformer,none,searched,18,0.1120617722849414,1.31960885366721,44.20817574560509,62.98235104721203,0.3866231628110372,1.1398624112022755,44.20817574560509
Transformer,none,searched,19,0.1116896820069994,1.2870565256748034,47.33228161721216,47.75661970802314,0.4008563837874159,1.3419221491499589,47.33228161721216
Transformer,none,nofloor,0,0.1126781250787012,1.4058636114430687,68.77482692624295,69.75912785466173,0.3966885848587014,1.3765959720031904,68.77482692624295
Transformer,none,nofloor,1,0.1122590213941416,1.3340591875714911,52.21217014970418,61.06307559263388,0.3985363258979048,1.2353960091361995,52.21217014970418
Transformer,none,nofloor,2,0.111582868661069,1.2338144475807182,7.216907621194955,26.54026976834777,0.3928675807453283,1.4044811472662613,7.216907621194955
Transformer,none,nofloor,3,0.1114545861696335,1.2339050042911064,26.620623426722723,31.477659891730884,0.3984404495036078,1.2636370254295162,26.620623426722723
Transformer,none,nofloor,4,0.1120098965437172,1.3181514335903424,52.321877567146124,59.8089186357993,0.4001374696507307,1.2417597433886405,52.321877567146124
Transformer,none,nofloor,5,0.1116928428403624,1.2742335468517387,49.66028901271209,49.66028901271208,0.406157962887394,1.3059789607576575,49.66028901271209
Transformer,none,nofloor,6,0.1118092321544827,1.2668950303810749,39.92568615152825,45.36813817886056,0.3959538923403931,1.257266470101298,39.92568615152825
Transformer,none,nofloor,7,0.1117111922499526,1.24470255263457,3.141478040392477,28.505155955507394,0.3939510385458806,1.2868009875522974,3.141478040392477
Transformer,none,nofloor,8,0.1118122574109485,1.273062886458985,12.729773426011189,34.98931775101839,0.3920397127827514,1.4508091814897783,12.729773426011189
Transformer,none,nofloor,9,0.1116995969479443,1.2423086707680768,13.631399076583548,37.7919188873967,0.3910738132845564,1.1636657012203997,13.631399076583548
Transformer,none,nofloor,10,0.1116826465516196,1.2730301720826362,13.106364257117807,23.67227172809505,0.395501381126738,1.304332580911829,13.106364257117807
Transformer,none,nofloor,11,0.1120846673433908,1.3419495565434607,43.47738143796516,47.30831481553325,0.3936144157729822,1.3874210199720491,43.47738143796516
Transformer,none,nofloor,12,0.1117883359911784,1.2873712457749908,54.75968522435138,57.01105531476562,0.4025622998807724,1.3113514986765866,54.75968522435138
Transformer,none,nofloor,13,0.1117628954136428,1.2881036998478512,57.89837541239879,59.38188670985153,0.4028670266824125,1.259819235982666,57.89837541239879
Transformer,none,nofloor,14,0.1115296355846186,1.2296408388584958,27.919926714386296,38.5372975074433,0.3952099379188358,1.282812415999172,27.919926714386296
Transformer,none,nofloor,15,0.1117181661226462,1.271628807247999,21.42294578838599,26.94770160476761,0.3922836737790449,1.3444357024360738,21.42294578838599
Transformer,none,nofloor,16,0.1125195328648211,1.4208531400670703,62.916582628240384,66.34621556598024,0.3928723813831366,1.4281361574018248,62.916582628240384
Transformer,none,nofloor,17,0.1115413954783573,1.2435463786141543,8.811519843313107,22.155875794269782,0.3967494042700029,1.3031840133597148,8.811519843313107
Transformer,none,nofloor,18,0.1123114799461221,1.3327531814897993,34.42118083203815,50.07933192738024,0.3956288444562676,1.4643550899403277,34.42118083203815
Transformer,none,nofloor,19,0.1116800525185927,1.2747588655225135,30.81616454016296,34.32308494544202,0.3914936051728885,1.2658185806727542,30.81616454016296
Transformer,ar_bounded_52,nofloor,0,0.1115690659593903,1.237759338495059,28.670785987186623,40.16618721923117,0.4005085490764078,1.1650018021694668,28.670785987186623
Transformer,ar_bounded_52,nofloor,1,0.1113514186723775,1.2158950224361786,-7.608823872066049,19.53135135898712,0.397021343078165,1.3028923814273845,7.608823872066049
Transformer,ar_bounded_52,nofloor,2,0.1117247393022925,1.2913251931997554,19.29995460252744,27.26038147799596,0.3947583398261075,1.4240628166589595,19.29995460252744
Transformer,ar_bounded_52,nofloor,3,0.1113446453724737,1.208172862610847,-5.7680435855674,20.36274941560255,0.4060008930880809,1.500847535059754,5.7680435855674
Transformer,ar_bounded_52,nofloor,4,0.1114090152464186,1.2240675835452104,4.152253717804551,24.7620067048858,0.3984244502836285,1.2219183280731225,4.152253717804551
Transformer,ar_bounded_52,nofloor,5,0.1119193312260323,1.3142775964853126,33.33005216350053,38.180400099969816,0.4011566263453526,1.419448371865123,33.33005216350053
Transformer,ar_bounded_52,nofloor,6,0.1114979983050801,1.2550108825542658,-12.98058420682288,23.770738186732636,0.4039662331826371,1.1412006386613467,12.98058420682288
Transformer,ar_bounded_52,nofloor,7,0.1116663546602636,1.251689172037932,27.95699128903349,37.066140795687474,0.4029245434056791,1.2937071426881483,27.95699128903349
Transformer,ar_bounded_52,nofloor,8,0.1115359948795186,1.230057389849657,1.5390628178182253,29.55726905190804,0.4019534497615696,1.0604837578969848,1.5390628178182253
Transformer,ar_bounded_52,nofloor,9,0.111479107900059,1.2497477328444486,-8.00696601664054,19.36135622200155,0.4024312745269818,1.2363908183044467,8.00696601664054
Transformer,ar_bounded_52,nofloor,10,0.111465865667905,1.2380440291921622,-11.426566572340178,23.86205260599921,0.4004413739072802,1.374221445695049,11.426566572340178
Transformer,ar_bounded_52,nofloor,11,0.1114232670678676,1.2172978190973522,12.188946725802522,29.13590375907385,0.4025842305924844,1.118568428752854,12.188946725802522
Transformer,ar_bounded_52,nofloor,12,0.1115947820011718,1.2616898342664915,-17.068926042780486,25.143613110887426,0.4022854945332386,0.9913831164300824,17.068926042780486
Transformer,ar_bounded_52,nofloor,13,0.1125351832601801,1.4483302082161509,31.32772979205833,35.541198991716456,0.3995050426338942,1.861749551646214,31.32772979205833
Transformer,ar_bounded_52,nofloor,14,0.1113890355404252,1.225462359603933,-1.2854610913129842,22.069856091281316,0.4020244553537405,1.1531821438663166,1.2854610913129842
Transformer,ar_bounded_52,nofloor,15,0.1114368305473601,1.2188881441236623,14.412262985736476,28.25750160805092,0.4006447021559142,1.2865041832492818,14.412262985736476
Transformer,ar_bounded_52,nofloor,16,0.1117096260079558,1.2586910516904315,38.0133777515851,44.22814739400638,0.404044130957075,1.2411238466684502,38.0133777515851
Transformer,ar_bounded_52,nofloor,17,0.1115772153207073,1.2393323294260008,26.274687552039666,39.36674456839656,0.4038694866078975,1.213358215178501,26.274687552039666
Transformer,ar_bounded_52,nofloor,18,0.1120544235433206,1.259592179901227,30.46707027821864,53.04078080142453,0.3972063423770177,1.2774471582007425,30.46707027821864
Transformer,ar_bounded_52,nofloor,19,0.1118459384286126,1.2947340986584623,46.173990888058384,48.869020857846266,0.4040020171319594,1.3675142882324864,46.173990888058384
Transformer,kmeans_8,nofloor,0,0.1120260609453235,1.3586400793298878,24.71416681657558,31.02907604119165,0.3500655532453174,1.6009768967370546,24.71416681657558
Transformer,kmeans_8,nofloor,1,0.1118300395187191,1.3117556013776812,14.11305208468972,25.61922921073264,0.33877354850346,1.5723701897432725,14.11305208468972
Transformer,kmeans_8,nofloor,2,0.1117676058024921,1.2863477733444202,1.4900143765568032,27.92234107389345,0.3383134808168572,1.601368794812345,1.4900143765568032
Transformer,kmeans_8,nofloor,3,0.1120377515474042,1.3369886547417005,25.407339106246667,32.58523023968461,0.3553663197584212,1.6078839381828982,25.407339106246667
Transformer,kmeans_8,nofloor,4,0.1126699614441404,1.423330987232235,40.52503535199999,56.67515133550364,0.3486943310688321,1.6268844960473925,40.52503535199999
Transformer,kmeans_8,nofloor,5,0.1122537717462798,1.361507862716086,25.92810086914158,44.636321694776505,0.3507203559632469,1.6312509879544224,25.92810086914158
Transformer,kmeans_8,nofloor,6,0.1118662340845052,1.3153562645221737,8.938783533618818,23.71500251561447,0.3471435283717944,1.7504766425483986,8.938783533618818
Transformer,kmeans_8,nofloor,7,0.1118796587285417,1.309150871101982,11.120669309463212,28.937111299850816,0.3449563920950033,1.664595040525091,11.120669309463212
Transformer,kmeans_8,nofloor,8,0.1123393426762176,1.3549421692816437,30.55717653290581,47.84226695053342,0.3701216370667585,1.54077464193237,30.55717653290581
Transformer,kmeans_8,nofloor,9,0.1118830923162763,1.3179234457503477,12.84784071194575,29.206224155810744,0.3567077565461651,1.549635545315806,12.84784071194575
Transformer,kmeans_8,nofloor,10,0.1117762196654812,1.2944210850243054,9.427125419682795,27.22034392796433,0.3438425598206455,1.5443260549377795,9.427125419682795
Transformer,kmeans_8,nofloor,11,0.11187115995147,1.3223707928958857,12.875708813821712,25.58318655431793,0.3594971853797294,1.688236710431956,12.875708813821712
Transformer,kmeans_8,nofloor,12,0.1122060756078292,1.3753830749348392,26.686020014312987,28.86511885062066,0.3263618109263845,1.6440625188299192,26.686020014312987
Transformer,kmeans_8,nofloor,13,0.1119475817917286,1.334272352270205,19.068648877972635,28.948815846257613,0.3580913541985396,1.560054652966236,19.068648877972635
Transformer,kmeans_8,nofloor,14,0.1118541289658885,1.3138553619810698,5.039015821800941,20.58903868811929,0.3373153113567927,1.753694527126417,5.039015821800941
Transformer,kmeans_8,nofloor,15,0.1116765575600452,1.2822194178139952,1.8998611223122213,20.79535538836345,0.3383465632994594,1.5804452760644387,1.8998611223122213
Transformer,kmeans_8,nofloor,16,0.1118434323260982,1.3028130700687732,8.029169041550338,27.95541124623624,0.3577896602832732,1.6265542625850482,8.029169041550338
Transformer,kmeans_8,nofloor,17,0.1118730193986604,1.3045196103660217,6.349466337789333,32.30989324983339,0.3449989607551609,1.6600029138866756,6.349466337789333
Transformer,kmeans_8,nofloor,18,0.1119981728486167,1.313870638589567,11.844217851448548,36.24719024976057,0.3392058374965379,1.5708215710540372,11.844217851448548
Transformer,kmeans_8,nofloor,19,0.1124868796199132,1.3761694760884966,30.47134286621928,46.77529069854569,0.327257676208551,1.6015363775203082,30.47134286621928
Transformer,none,from20,0,0.1120645207387685,1.3307144502611827,60.15894210296519,60.50134796891,0.4024975748317432,1.2733568428739084,60.15894210296519
Transformer,none,from20,1,0.1118971304321299,1.2926221722406752,40.12568616735405,44.21783642603484,0.392477626111741,1.3079460197219277,40.12568616735405
Transformer,none,from20,2,0.111742250264518,1.2654322195823329,19.91537492091777,28.295681014761985,0.3943202503707987,1.401767547744292,19.91537492091777
Transformer,none,from20,3,0.1114569635173682,1.23805882003824,22.78328015706037,27.172318458404664,0.3958098669166571,1.24885184562539,22.78328015706037
Transformer,none,from20,4,0.1123758483561678,1.391027087951065,53.11026583325964,53.8993042251664,0.3886923315723151,1.4324790267359635,53.11026583325964
Transformer,none,from20,5,0.1117122089075821,1.2657732820606389,46.01356354394975,46.48286211931568,0.4054613672454088,1.327679257449322,46.01356354394975
Transformer,none,from20,6,0.1116749932101848,1.2458211802034989,35.32094855368226,40.55420416410511,0.3961561314412846,1.1998513838112892,35.32094855368226
Transformer,none,from20,7,0.1122951232026753,1.3299496366151706,34.66939257887801,41.61189112717529,0.3933783637475877,1.420926767522775,34.66939257887801
Transformer,none,from20,8,0.1118473337108078,1.282584547749276,20.67190069169701,35.65935957452284,0.3855903846470115,1.2900320730430883,20.67190069169701
Transformer,none,from20,9,0.1124849238742824,1.4048836683102777,65.38783205988628,66.09883987825143,0.3962199127433137,1.353846674734509,65.38783205988628
Transformer,none,from20,10,0.1116785492911738,1.2557883398114893,35.1258719083126,43.007710894461,0.3996129923033589,1.2974731964934962,35.1258719083126
Transformer,none,from20,11,0.1118521818438659,1.3117916734172708,31.144079030750696,38.57408337576424,0.3924403964805416,1.431370192543434,31.144079030750696
Transformer,none,from20,12,0.1116404638112183,1.2583202545689107,50.27942511608169,50.2794251160817,0.4007797855134363,1.257356024100571,50.27942511608169
Transformer,none,from20,13,0.1118107665088275,1.2983909749332745,59.69298758716593,60.47422299477303,0.4059059253570254,1.24053125256437,59.69298758716593
Transformer,none,from20,14,0.1114389403618321,1.2130028484096629,14.430470119080526,29.7337674291732,0.3995834465832162,1.477550141080226,14.430470119080526
Transformer,none,from20,15,0.1117199639476652,1.2697120653796994,19.20678225261317,24.32522136499352,0.3889677955168777,1.228440587189528,19.20678225261317
Transformer,none,from20,16,0.1121242449236233,1.3489501870861316,58.23474325731895,60.01161262345391,0.3900473297210911,1.2823137712175374,58.23474325731895
Transformer,none,from20,17,0.1116705030085172,1.2723007708342722,35.49289470462772,36.92178458961188,0.3980837514500433,1.3455821241101351,35.49289470462772
Transformer,none,from20,18,0.1128647601516374,1.4460681322562212,64.12039122216963,67.4385517472797,0.3922062869616337,1.423652163208322,64.12039122216963
Transformer,none,from20,19,0.1115327425489384,1.2421762873317124,29.9348825904812,32.66093909448008,0.3954445832061848,1.2228710653867274,29.9348825904812
Transformer,ar_bounded_52,from20,0,0.1114288609278517,1.2221468219013192,8.875709324313574,21.619600922308678,0.4004810262727081,1.3607315547142105,8.875709324313574
Transformer,ar_bounded_52,from20,1,0.1114464329033733,1.2312450934422607,15.671343377328675,20.742963801111586,0.3996485030533123,1.195669477415634,15.671343377328675
Transformer,ar_bounded_52,from20,2,0.1114685914081125,1.2184076093827432,8.7189977753821,20.158662696008125,0.3903051776431384,1.2434561866721,8.7189977753821
Transformer,ar_bounded_52,from20,3,0.1116297103602897,1.2728961967459258,12.159127815534603,16.069206163683727,0.4009194005483676,1.509664199420017,12.159127815534603
Transformer,ar_bounded_52,from20,4,0.1116647170501348,1.270145957285162,20.9419425143704,24.750395402220416,0.3984374006100841,1.3219024039982532,20.9419425143704
Transformer,ar_bounded_52,from20,5,0.1115121475425638,1.2446194124433836,7.01328482007547,24.22480285222839,0.4019237461847016,1.2901130420757227,7.01328482007547
Transformer,ar_bounded_52,from20,6,0.1116289497001412,1.2558146774533545,4.600929953975205,22.432791698971403,0.3972746475349211,1.3029529668527418,4.600929953975205
Transformer,ar_bounded_52,from20,7,0.1115797304139561,1.247681336840644,6.995170556018944,18.86270357881128,0.3962345026074206,1.281157633278629,6.995170556018944
Transformer,ar_bounded_52,from20,8,0.1114571195624579,1.2286791064327531,7.891129677845937,22.67886687289007,0.3978444745641646,1.1712993382721528,7.891129677845937
Transformer,ar_bounded_52,from20,9,0.1114696877443618,1.23590254851952,9.753182642892636,21.77621965671593,0.4009798880275039,1.156931332373548,9.753182642892636
Transformer,ar_bounded_52,from20,10,0.1115388278981202,1.2557634013144852,0.6043670340830108,18.55550404437769,0.4007696068095912,1.3020960716222416,0.6043670340830108
Transformer,ar_bounded_52,from20,11,0.1114157863002547,1.2276934833248825,19.113702860836177,24.130144739457137,0.3993098929781115,1.1721050260834531,19.113702860836177
Transformer,ar_bounded_52,from20,12,0.1114731578355857,1.2466207513508003,-2.967207519698119,14.162935359506026,0.3992400701750832,1.229537070739407,2.967207519698119
Transformer,ar_bounded_52,from20,13,0.1117739771185156,1.291358746086593,21.96851009188287,28.407339150697123,0.3987178670279593,1.404557224175998,21.96851009188287
Transformer,ar_bounded_52,from20,14,0.111440589085521,1.2432296437154584,-6.044402145389401,17.472178119814863,0.4012976951023563,1.183471721572858,6.044402145389401
Transformer,ar_bounded_52,from20,15,0.1115140889352757,1.2350586700798192,12.03845899615453,20.177612945346933,0.3978889841730242,1.2600066365765852,12.03845899615453
Transformer,ar_bounded_52,from20,16,0.1115923609661461,1.2438205262174946,33.893544920574975,38.75411135236215,0.4020165117897037,1.0952169669985223,33.893544920574975
Transformer,ar_bounded_52,from20,17,0.1120480556374198,1.3363210008442794,38.2405955665186,41.44301056187911,0.3987412875116249,1.4118444870673357,38.2405955665186
Transformer,ar_bounded_52,from20,18,0.1115051231223252,1.221522657341274,17.39154771686004,29.08276880569386,0.3968427098195082,1.1115686950214931,17.39154771686004
Transformer,ar_bounded_52,from20,19,0.1118317711531143,1.292098729305197,36.745472481479176,38.518626057973904,0.4021051014846406,1.3444459068455137,36.745472481479176
Transformer,kmeans_8,from20,0,0.1118432199495456,1.3170690791422608,19.062982368833467,29.35169564339,0.3468179373838151,1.5271418009806348,19.062982368833467
Transformer,kmeans_8,from20,1,0.111668794362542,1.2734150705374292,-8.51453741952055,22.28026013356133,0.3514017228979951,1.6851801160166378,8.51453741952055
Transformer,kmeans_8,from20,2,0.1118908166518121,1.3213709712562864,11.658337660876825,25.160613299628118,0.3370213189312444,1.6572553337087066,11.658337660876825
Transformer,kmeans_8,from20,3,0.1117372767310091,1.2883509912958195,6.936739931614789,21.27338612058073,0.3576764236909567,1.6863452579608762,6.936739931614789
Transformer,kmeans_8,from20,4,0.1117589937498925,1.303509822966762,4.455550836746815,21.53999083110936,0.3664499758127681,1.7853079206745286,4.455550836746815
Transformer,kmeans_8,from20,5,0.1118109531102628,1.3057593732973691,1.195727335213252,21.744171043745848,0.3460610857188194,1.825063946977195,1.195727335213252
Transformer,kmeans_8,from20,6,0.1119617500564613,1.3187039458379692,19.51333075907554,30.694380197635017,0.3530759949949624,1.6728623876573223,19.51333075907554
Transformer,kmeans_8,from20,7,0.1120983883695418,1.3163440198127134,18.44700464802093,34.42731091530516,0.3407039568663494,1.5927854965549184,18.44700464802093
Transformer,kmeans_8,from20,8,0.1118837466083338,1.3105412155236835,12.927264729404245,31.55987016726675,0.3540845839447525,1.49976043666277,12.927264729404245
Transformer,kmeans_8,from20,9,0.1117556699078832,1.2923988534325752,9.987181119116254,27.079052683610456,0.3529649520668204,1.6311353394070305,9.987181119116254
Transformer,kmeans_8,from20,10,0.1118819534450536,1.3265343368346825,11.317510972644133,23.88490512323651,0.3513319925353323,1.7201262634909713,11.317510972644133
Transformer,kmeans_8,from20,11,0.111923467715956,1.3299187251681792,8.93906223396479,23.6465399008619,0.3408911539584902,1.806872759695228,8.93906223396479
Transformer,kmeans_8,from20,12,0.11183142475245,1.3046636353977836,7.154389702813437,20.063818071811344,0.3517294134599452,1.7120961377747308,7.154389702813437
Transformer,kmeans_8,from20,13,0.1117489971796281,1.2932952954197754,7.815699472623551,15.918439526834971,0.3461613743944683,1.6422505553525892,7.815699472623551
Transformer,kmeans_8,from20,14,0.1118150153078893,1.3191444815292137,13.209289842736217,17.824245476121874,0.3398259775380032,1.5863823950320752,13.209289842736217
Transformer,kmeans_8,from20,15,0.111746901935145,1.2980862908012112,3.5547612471564003,24.35866249504605,0.3362274786761229,1.5822191918991395,3.5547612471564003
Transformer,kmeans_8,from20,16,0.112245508993965,1.3759416616132576,31.396098973960832,36.84078068901758,0.3539949866101283,1.6272504842893565,31.396098973960832
Transformer,kmeans_8,from20,17,0.1120720899040157,1.3467894695527654,22.1756623457805,35.18764546327672,0.3516227770806531,1.690201838870388,22.1756623457805
Transformer,kmeans_8,from20,18,0.112109578889455,1.338786615378556,17.786623806047096,31.537297059205585,0.339146242670834,1.7647944214709013,17.786623806047096
Transformer,kmeans_8,from20,19,0.1119212816622419,1.3070629223338484,13.47849560928325,30.524663448215158,0.3604257547688741,1.6603538413987855,13.47849560928325
Transformer,none,from30,0,0.1117195946455329,1.2720788967132854,27.872829659894887,34.60092972315174,0.3955291455155019,1.2727411413164038,27.872829659894887
Transformer,none,from30,1,0.1120380287411422,1.3383341731273506,63.13497553799229,63.16451567094928,0.3944762929072819,1.2703616887681202,63.13497553799229
Transformer,none,from30,2,0.1117995093423116,1.2755127902603327,24.606689385341937,28.33376748431536,0.3907102867364591,1.3827758968830588,24.606689385341937
Transformer,none,from30,3,0.1115829838550117,1.2604612816791845,37.5263363851493,38.5381337931019,0.3971877906025312,1.2216252375560752,37.5263363851493
Transformer,none,from30,4,0.1126557461457481,1.4281588754578771,81.9065501172109,81.90655011721091,0.3985118528867166,1.277617447494477,81.9065501172109
Transformer,none,from30,5,0.1120694504053332,1.3242219156553414,70.9836518231805,70.9836518231805,0.4045855584351024,1.2691591508635351,70.9836518231805
Transformer,none,from30,6,0.111861262041607,1.2800891342376195,37.60752541633123,41.34147785883203,0.3945805526003109,1.3114586359325215,37.60752541633123
Transformer,none,from30,7,0.1117922406522809,1.2574528513649086,18.190990319614567,31.04616868663506,0.3962513230896266,1.409388532318954,18.190990319614567
Transformer,none,from30,8,0.1117064010996592,1.2692793343450577,42.805667543583226,46.25592283545281,0.4015693560249907,1.2277459139310212,42.805667543583226
Transformer,none,from30,9,0.1118245177531498,1.2956526563192603,34.182629913339696,37.08239742859666,0.4054892312551234,1.3817676506950722,34.182629913339696
Transformer,none,from30,10,0.1117927979075607,1.2702254035999758,31.21876554643425,38.06335425303466,0.3981817150355884,1.3869720373488583,31.21876554643425
Transformer,none,from30,11,0.1118128677921269,1.284757368995895,31.86892807881395,37.0912222599062,0.3878770391295982,1.2624867799796833,31.86892807881395
Transformer,none,from30,12,0.1116546446230974,1.2592224996731674,47.63706563198693,48.35327552023495,0.4009879329120706,1.2321461720628746,47.63706563198693
Transformer,none,from30,13,0.1115600492108552,1.2397358203281543,43.92085567371279,45.76553743369585,0.4058153911146719,1.2749786153208944,43.92085567371279
Transformer,none,from30,14,0.1119714985767605,1.3099909132459957,47.78736750848297,53.731073809530464,0.3902550798343413,1.4095763086782414,47.78736750848297
Transformer,none,from30,15,0.1114532955977522,1.2327123651142784,3.052485903023579,14.865768728554984,0.3996406873566177,1.241892895207209,3.052485903023579
Transformer,none,from30,16,0.1121674792485328,1.360712155943726,60.79972238828999,61.39479898011672,0.3908992509287536,1.311286429678607,60.79972238828999
Transformer,none,from30,17,0.111545995939485,1.2484274685330683,22.99647106311252,26.615978477843065,0.3976037036811247,1.308026075934818,22.99647106311252
Transformer,none,from30,18,0.1122783625097114,1.34491753207312,37.39507768206451,44.09345176947514,0.3873994139374619,1.416986809946007,37.39507768206451
Transformer,none,from30,19,0.1119697515404285,1.3270996247114255,36.09391651883016,36.7545760247384,0.3910054557958672,1.3362563450537537,36.09391651883016
Transformer,ar_bounded_52,from30,0,0.1114100512001817,1.2213221388100066,7.869671250103221,19.78216473134491,0.4041186255748114,1.2950781907053692,7.869671250103221
Transformer,ar_bounded_52,from30,1,0.1114996699608039,1.2414787960734723,13.904970841898592,19.195448642514734,0.3992491360351328,1.2551218706112657,13.904970841898592
Transformer,ar_bounded_52,from30,2,0.1114825138599135,1.2258125230148014,13.462982957216036,20.713145070057244,0.3914634543955085,1.1430386705007551,13.462982957216036
Transformer,ar_bounded_52,from30,3,0.1116107840732118,1.2623427731467736,12.911473436837117,18.89326573231431,0.4009074906886116,1.3946343734610374,12.911473436837117
Transformer,ar_bounded_52,from30,4,0.1115679353623053,1.239559296579548,19.715560732030152,23.543707008529218,0.3980109371973021,1.2334566927997748,19.715560732030152
Transformer,ar_bounded_52,from30,5,0.1115900784574034,1.2503649247938025,14.317604376148235,23.81876494869132,0.3975693628509815,1.2172995252949017,14.317604376148235
Transformer,ar_bounded_52,from30,6,0.1115154388733828,1.25415798198722,3.4769169818300294,19.05369274719421,0.3952066081686197,1.3496028223781713,3.4769169818300294
Transformer,ar_bounded_52,from30,7,0.1116008336981683,1.2390168022161157,8.660846371402389,20.478588453188078,0.3960868604986452,1.2806035338088044,8.660846371402389
Transformer,ar_bounded_52,from30,8,0.1116754546552467,1.2569375841051378,17.903856147602475,26.951138359512555,0.3967363561169403,1.1340930322811569,17.903856147602475
Transformer,ar_bounded_52,from30,9,0.1115322717775995,1.2440191281493185,5.066512894971735,15.738690475108276,0.3919826242072853,1.31889212602654,5.066512894971735
Transformer,ar_bounded_52,from30,10,0.1115516374550112,1.2465127203556037,14.36358674178874,20.70766425463568,0.3980246058057931,1.296717824618402,14.36358674178874
Transformer,ar_bounded_52,from30,11,0.1115254370968993,1.2494360321374522,8.195727934125822,17.944728488699877,0.3940486932910496,1.1996328634149236,8.195727934125822
Transformer,ar_bounded_52,from30,12,0.1115477443636028,1.2582039989170912,-2.4852753387285613,14.3985136113503,0.3962019586349706,1.1623444524548436,2.4852753387285613
Transformer,ar_bounded_52,from30,13,0.1115064761987904,1.240882506609974,17.71556073619104,21.280446629034547,0.3922573496860616,1.0174193212632785,17.71556073619104
Transformer,ar_bounded_52,from30,14,0.1114632098870513,1.2384203306646688,-0.0371564103096586,16.425081180353246,0.3987041188193381,1.282304325180724,0.0371564103096586
Transformer,ar_bounded_52,from30,15,0.1116594066257765,1.256221884166443,21.324664294899804,26.084162234791368,0.3981503607641218,1.209628500767714,21.324664294899804
Transformer,ar_bounded_52,from30,16,0.1115901943054372,1.2424314443756923,33.01857977511167,37.06929946017178,0.399607782809114,1.130543899583374,33.01857977511167
Transformer,ar_bounded_52,from30,17,0.1115536670427719,1.24937671912954,15.935161305700218,22.656015413447637,0.4014227454089288,1.3893114519378402,15.935161305700218
Transformer,ar_bounded_52,from30,18,0.1115089784676207,1.2232648358198177,0.6014873212783953,21.7581980030216,0.3969562587115089,1.191063981135542,0.6014873212783953
Transformer,ar_bounded_52,from30,19,0.1117586215575358,1.2760788224688346,23.895495713878944,26.91063711597468,0.3962716743908098,1.3147667718092526,23.895495713878944
Transformer,kmeans_8,from30,0,0.1119089102797839,1.3154705197761138,18.56135672123336,33.23483536201809,0.3495221926795929,1.6699659360504666,18.56135672123336
Transformer,kmeans_8,from30,1,0.1117644241751642,1.297388813624144,6.7415703789238925,24.303669457769765,0.3427667135719083,1.695010748216604,6.7415703789238925
Transformer,kmeans_8,from30,2,0.1119146226532009,1.316180709860167,16.37510499902679,25.151509703779293,0.3527170869566213,1.7012841469311806,16.37510499902679
Transformer,kmeans_8,from30,3,0.1116521559761962,1.2721759514553812,5.907942882078737,18.07273587929378,0.3567500974897286,1.5881069281139737,5.907942882078737
Transformer,kmeans_8,from30,4,0.1119226936682447,1.3315462067796606,10.833349265352664,24.26056684772584,0.3609689289611296,1.804682341632984,10.833349265352664
Transformer,kmeans_8,from30,5,0.1118025447526342,1.3038565327168192,1.6034374836613443,22.177891441793005,0.3494985145773924,1.8457670723102788,1.6034374836613443
Transformer,kmeans_8,from30,6,0.1120532073459445,1.3215015028434336,18.26112450959548,24.86641923838563,0.3532955391927526,1.6822772610872312,18.26112450959548
Transformer,kmeans_8,from30,7,0.1122361020480285,1.3467161050007463,22.210404605438438,31.265490251974736,0.3550943263431415,1.7640206877871063,22.210404605438438
Transformer,kmeans_8,from30,8,0.1118948458195013,1.3197788930820338,14.727078969198722,29.488620801045315,0.3551164262386741,1.5442274868094463,14.727078969198722
Transformer,kmeans_8,from30,9,0.1117336369869153,1.28090394464222,7.60120807656343,24.24867643509269,0.3462970789636279,1.6739918208067948,7.60120807656343
Transformer,kmeans_8,from30,10,0.1117537357374115,1.2962552947704802,0.9388764277687168,19.44254536533796,0.3515327015511386,1.750277394447211,0.9388764277687168
Transformer,kmeans_8,from30,11,0.1118489169974694,1.3127602570534738,16.890664628894438,21.45044153388164,0.3518161842861226,1.5805610476475078,16.890664628894438
Transformer,kmeans_8,from30,12,0.1119554373619947,1.3298738061655948,16.665304695868837,24.120204582792148,0.3406940668145714,1.6800613071781365,16.665304695868837
Transformer,kmeans_8,from30,13,0.1119250264862712,1.3254648144018353,16.185973536085015,21.5446356262754,0.3447578716888752,1.6968449323920731,16.185973536085015
Transformer,kmeans_8,from30,14,0.1117237332125065,1.2853417402690002,-3.4833251281707565,15.89205751740158,0.3548540865079585,1.73789081106535,3.4833251281707565
Transformer,kmeans_8,from30,15,0.1116062958704315,1.2707580607953477,-7.469669812178703,20.73135155459017,0.3452195181372788,1.642889475133614,7.469669812178703
Transformer,kmeans_8,from30,16,0.1116722445322087,1.2730149952578065,4.835114253633233,18.828053976957605,0.3572010665482843,1.7752539496625204,4.835114253633233
Transformer,kmeans_8,from30,17,0.1121024330161581,1.3689876443947588,32.640595060327044,41.63715784177101,0.3529676246308018,1.5832194760927842,32.640595060327044
Transformer,kmeans_8,from30,18,0.1117269922823878,1.2772072631255824,8.963400359934523,22.40287989464049,0.3515404162756105,1.6123712026573895,8.963400359934523
Transformer,kmeans_8,from30,19,0.1117494440184799,1.2796412859610655,3.739247993703052,24.973246697020627,0.3575745336584476,1.813393937728226,3.739247993703052
ParetoNBD,-,-,0,0.11154702984277978,1.2294686373151513,-15.645665806267994,27.720615350202362,0.39395062991261476,1.3959391432824122,15.645665806267994
ParetoNBD,-,-,1,0.11153861282541969,1.2280611552212066,-17.306462969786768,27.718119606099947,0.39436509720599644,1.408946039011706,17.306462969786768
ParetoNBD,-,-,2,0.11153587654593476,1.2269398119116564,-15.938360117281139,27.717495090256794,0.39919004945938336,1.395099884362058,15.938360117281139
ParetoNBD,-,-,3,0.11153445476579119,1.2265160350862034,-16.684976887480957,27.685739108488942,0.39807594263461366,1.400613083331336,16.684976887480957
ParetoNBD,-,-,4,0.11154929012202107,1.2307431804764934,-16.98926920424623,27.707731072107986,0.39622537249829426,1.4087869407947797,16.98926920424623
ParetoNBD,-,-,5,0.11153730137235358,1.2277582357424168,-16.868486733362428,27.691689971705074,0.39649635896155955,1.4007399320590663,16.868486733362428
ParetoNBD,-,-,6,0.11154104591928239,1.227937015516114,-15.802415824732195,27.714817994702095,0.3950839056211278,1.4009829608269424,15.802415824732195
ParetoNBD,-,-,7,0.11153875590535649,1.227978440514889,-16.397610915736298,27.69474303686657,0.3910318711260844,1.401378654849443,16.397610915736298
ParetoNBD,-,-,8,0.11153846187385737,1.228295863875025,-17.551257291821177,27.75854547778389,0.3936896139651645,1.4127346898392117,17.551257291821177
ParetoNBD,-,-,9,0.11154511089827704,1.2296986053781984,-17.532331948186542,27.741330823693808,0.39330024920060397,1.412326623908842,17.532331948186542
ParetoNBD,-,-,10,0.11153148350780082,1.2262087534263477,-15.481879438928864,27.740887707827763,0.3969807510426574,1.401457744431636,15.481879438928864
ParetoNBD,-,-,11,0.11153849454513996,1.2281340665667944,-16.081896257486825,27.69553423278975,0.3953343142015871,1.3937144139805757,16.081896257486825
ParetoNBD,-,-,12,0.11154883085721508,1.2303448389182756,-15.274134299661055,27.748452341493525,0.3942243548566502,1.3908815534278218,15.274134299661055
ParetoNBD,-,-,13,0.11152577129815816,1.2246986907392476,-17.705455234735794,27.79074552299637,0.3939164596011131,1.412697533718908,17.705455234735794
ParetoNBD,-,-,14,0.11154359906443884,1.228151389942539,-16.35051027417439,27.692389642619332,0.39818370143628884,1.398771479775977,16.35051027417439
ParetoNBD,-,-,15,0.1115418518739255,1.2289055545219336,-16.50303572609319,27.688760447695216,0.39413224195386126,1.4051173738776985,16.50303572609319
ParetoNBD,-,-,16,0.11154283772288656,1.229145755421669,-17.162884565328287,27.733089143002395,0.3926474168580463,1.4113239571805647,17.162884565328287
ParetoNBD,-,-,17,0.11154437175495635,1.2287595715180435,-16.38985894760561,27.702890886980335,0.3938624341429103,1.4056234416834634,16.38985894760561
ParetoNBD,-,-,18,0.11154905788928778,1.2302844754224023,-16.886101793637884,27.70347608348365,0.39252644431860156,1.4086150951655023,16.886101793637884
ParetoNBD,-,-,19,0.11153790813856808,1.2282034988307544,-16.688832246194693,27.69417028761556,0.39807383345540787,1.403364529752944,16.688832246194693
