rule,cdnow MAPE,cdnow |bias|,cdnow Spearman,cdnow collapsed,cdnow epoch,cdnow gap %,electronics MAPE,electronics |bias|,electronics Spearman,electronics collapsed,electronics epoch,electronics gap %,gift MAPE,gift |bias|,gift Spearman,gift collapsed,gift epoch,gift gap %,multichannel MAPE,multichannel |bias|,multichannel Spearman,multichannel collapsed,multichannel epoch,multichannel gap %,epochs trained
current: patience 7,65.13341302925255,65.13341302925255,0.09159139846311626,4,12.0,7.338771105884641,79.33722610598988,64.60036421548168,0.02006606255137095,17,9.0,3.3540902560119323,77.95605298324517,35.14111270396825,0.0018698302240699,19,6.0,5.412755638007452,99.27611664222526,80.4925336360014,-0.0035711950128877,9,8.0,4.4575541620020225,18.65
GL1,65.13341302925255,65.13341302925255,0.05190871859441065,6,3.0,15.830418093048563,113.68832091562939,107.52043767485523,0.032389126356062045,16,4.5,6.433389598829313,92.95263581088875,64.72265331158269,0.00018184267668481212,18,3.0,10.259390003076396,143.1753697780781,119.14924960548697,-0.0046174671384549,13,5.0,14.22489546721431,6.5125
GL2,65.13341302925255,65.13341302925255,0.05512394470893065,6,4.5,15.669303077326694,113.68832091562939,107.52043767485523,0.032389126356062045,16,4.5,6.433389598829313,88.93408035410175,60.21142293157027,-1.927271601864857e-05,18,3.0,9.250019170499543,143.1753697780781,119.14924960548697,-0.0046174671384549,13,5.0,14.22489546721431,8.2625
GL3,65.13341302925255,65.13341302925255,0.05512394470893065,6,4.5,15.669303077326694,113.68832091562939,107.52043767485523,0.032389126356062045,16,4.5,6.433389598829313,83.45214696500989,53.63769239475005,-5.766052251283863e-05,18,3.0,8.7889455322637,143.1753697780781,119.14924960548697,-0.0046174671384549,13,5.0,14.22489546721431,10.1875
GL5,55.73918232649493,54.472355203828414,0.05512394470893065,6,5.0,15.195777776887816,113.68832091562939,107.52043767485523,0.032389126356062045,16,4.5,6.433389598829313,74.9062481965666,55.22118890021375,-1.927271601864857e-05,19,6.5,6.515904717296879,101.36753415112008,85.41230956794445,-0.0063209028791496,12,5.0,10.833185042772635,24.8875
PQ0.5,43.14302888613803,36.722355678704425,0.20441643340840293,2,23.5,1.7875201717399274,50.18248122328226,28.75547361872873,0.0228010567711677,19,12.0,2.8623654049550376,49.80126842874597,29.389158012236294,0.0027656160308284,19,44.5,1.9960148069657055,64.5839538710164,29.143653844080088,-0.0004715715336109,8,63.5,1.449167884957137,55.5625
PQ1,40.76442361446635,30.844951494453618,0.2215195804472946,1,33.0,0.8127027024642681,41.85839395324298,15.810948896160635,0.0412441466079645,17,34.5,0.8688179189063275,41.725096906793624,21.66210709801817,0.00671059713318545,18,67.5,0.6966911800530329,62.55223735916748,24.83395244161695,0.0037228535012491,7,95.5,0.0,79.5
PQ2,37.218749953227906,24.878605679259636,0.2484657935925315,0,34.0,0.11759918116530678,43.67518241727983,21.466788302930276,0.04457255816223235,15,93.0,0.0,41.0996084297949,21.66210709801817,0.031239316103262,16,84.0,0.0,61.19589397350131,21.694027139360447,0.00472738136732695,6,106.5,0.0,102.5
PQ3,42.67548130614719,40.11177882740202,0.2623149932124516,0,37.5,0.0,43.67518241727983,21.466788302930276,0.04457255816223235,15,93.0,0.0,41.0996084297949,21.66210709801817,0.031239316103262,16,84.0,0.0,58.397386785346406,23.54290770755997,0.00472738136732695,6,122.5,0.0,111.0
UP2,42.51442326841733,32.15264429365141,0.25463058811889017,0,39.0,0.04967622026418488,42.706204133081066,27.894160562759115,0.0201116012603461,14,19.0,1.2429761848628824,41.67187456296233,24.27831823943052,0.007111187324278449,19,46.5,1.5368152576256624,65.60634171430355,41.029847623544065,-0.0011577522247247,8,55.0,1.1566007382350867,58.3125
UP3,42.67548130614719,40.11177882740202,0.2623149932124516,0,57.5,0.0,50.282481729807536,40.831022596217856,0.037965182192974095,13,26.5,0.3951218406828884,41.72314359157099,24.073241847509053,0.03863625613204005,16,97.0,0.0,63.47014772525029,38.64925065939662,-0.00034642921251770004,10,97.5,0.0,102.1875
UP4,44.42067374654401,42.08293253435001,0.26643001433216873,0,62.0,0.0,49.87737230222373,33.73357665371557,0.04172648445346095,11,113.5,0.0,41.046386085963604,21.092771364510554,0.040191407602909554,16,121.0,0.0,56.67164078357616,20.98320627119392,0.0019513681727059999,7,110.5,0.0,130.1875
oracle: best fixed checkpoint,46.11538532548226,45.95673159078265,0.24115960962818594,1,30.0,,45.484671751717045,26.097444508931716,0.06925797296221234,14,100.0,,38.80712797736123,14.551759350251814,0.09286092897463441,9,150.0,,56.42164130590912,28.042907609062183,0.03013551350488635,6,150.0,,
