floor,patience,cdnow,electronics,gift,multichannel,passes,epochs trained
0,7,7.338771105884641,3.3540902560119323,5.412755638007452,4.4575541620020225,False,18.65
0,15,0.35156480961474346,3.3540902560119323,2.167421244566503,2.978751584946041,False,41.1625
0,25,0.0,1.1899981948741973,0.13609600767901264,1.0433313995213604,False,73.4875
0,40,0.0,0.6548925652534142,0.06498645142914014,0.37096990651716466,True,99.1875
30,7,0.5073556385976864,2.5024754037294366,3.7058592320560404,3.3020828391405406,False,36.825
30,15,0.35156480961474346,1.1899981948741973,1.5436634326950678,2.8696783139502138,False,50.2625
30,25,0.0,1.1899981948741973,0.13609600767901264,1.0433313995213604,False,73.5
30,40,0.0,0.6548925652534142,0.06498645142914014,0.37096990651716466,True,99.1875
50,7,0.3186241254728288,1.403547848343885,1.2184664048749938,1.5080733602586411,False,54.875
50,15,0.07496994616861156,1.1182512851224464,0.8655251343015054,1.5080733602586411,False,64.7625
50,25,0.0,0.6548925652534142,0.12605984757384825,0.6625692066615647,True,82.7375
50,40,0.0,0.3283982132295993,0.06498645142914014,0.37096990651716466,True,100.675
75,7,0.0,0.9891493992854836,1.1318577479376717,1.1431754999431547,False,78.175
75,15,0.0,0.3898066314027988,0.49328298565836837,1.0433313995213604,False,86.9375
75,25,0.0,0.04481203070176111,0.06498645142914014,0.44248781979208246,True,102.5
75,40,0.0,0.0,0.0316404764209643,0.3025479026227455,True,112.7875
100,7,0.0,0.5747614260451601,0.7233456140609255,0.6389518210781138,True,102.0625
100,15,0.0,0.17851356048254724,0.14713499201985608,0.38650053423707953,True,109.0875
100,25,0.0,0.0,0.06498645142914014,0.24433328876910557,True,119.3625
100,40,0.0,0.0,0.0,0.17943391830250652,True,126.1
150,7,0.0,0.0,0.0,0.08638934097775258,True,150.0
150,15,0.0,0.0,0.0,0.08638934097775258,True,150.0
150,25,0.0,0.0,0.0,0.08638934097775258,True,150.0
150,40,0.0,0.0,0.0,0.08638934097775258,True,150.0
