panel,epoch,CE→MAPE,CE→|bias|,CE→Spearman,rollout MAPE→MAPE
electronics,1,0.5052631578947367,-0.3609022556390977,0.7909774436090224,
electronics,2,0.5263157894736841,-0.34736842105263155,0.8616541353383457,
electronics,3,0.42556390977443603,-0.4481203007518797,0.8556390977443609,
electronics,4,0.5112781954887218,-0.42556390977443603,0.806015037593985,
electronics,5,0.4451127819548871,-0.47368421052631576,0.7894736842105263,0.28421052631578947
electronics,10,0.48872180451127817,-0.38345864661654133,0.7624060150375939,0.30977443609022554
electronics,20,0.31729323308270674,0.10526315789473684,0.31879699248120297,0.04210526315789473
electronics,30,0.37293233082706767,0.20902255639097742,0.18345864661654135,0.20601503759398496
electronics,50,0.5729323308270676,-0.0631578947368421,0.7338345864661654,0.58796992481203
electronics,75,0.5578947368421052,-0.29323308270676685,0.7428571428571428,0.4270676691729323
electronics,100,0.5729323308270676,-0.2827067669172932,0.7654135338345864,0.625563909774436
electronics,150,0.6375939849624059,-0.3037593984962406,0.8917293233082706,1.0
gift,1,-0.012030075187969924,-0.20601503759398496,0.40751879699248117,
gift,2,-0.2556390977443609,-0.4015037593984962,0.4766917293233082,
gift,3,-0.15488721804511277,-0.3954887218045112,0.4330827067669173,
gift,4,-0.2646616541353383,-0.437593984962406,0.4586466165413533,
gift,5,-0.1518796992481203,-0.3413533834586466,0.26616541353383455,0.09022556390977443
gift,10,-0.26766917293233083,-0.3413533834586466,0.362406015037594,-0.26315789473684204
gift,20,-0.33383458646616543,-0.33233082706766914,0.5007518796992482,-0.21052631578947367
gift,30,-0.27669172932330827,-0.34736842105263155,0.4872180451127819,-0.1789473684210526
gift,50,-0.06165413533834586,-0.28721804511278193,0.6526315789473683,0.09473684210526315
gift,75,-0.21954887218045113,-0.37293233082706767,0.6646616541353383,-0.18045112781954886
gift,100,-0.26165413533834586,-0.34586466165413526,0.6827067669172932,0.05864661654135337
gift,150,-0.2646616541353383,-0.3714285714285714,0.6556390977443608,1.0
multichannel,1,0.2781954887218045,0.1263157894736842,0.6962406015037594,
multichannel,2,0.27669172932330827,0.11578947368421053,0.675187969924812,
multichannel,3,0.28421052631578947,0.1518796992481203,0.6616541353383457,
multichannel,4,0.2526315789473684,0.13533834586466165,0.7398496240601502,
multichannel,5,0.1413533834586466,-0.030075187969924807,0.5593984962406015,0.0781954887218045
multichannel,10,0.34586466165413526,0.20601503759398496,0.4646616541353384,0.14887218045112782
multichannel,20,0.41804511278195483,0.23759398496240602,0.4857142857142857,0.15789473684210525
multichannel,30,0.45112781954887216,0.26165413533834586,0.5864661654135337,0.3639097744360902
multichannel,50,0.4766917293233082,0.2992481203007519,0.7187969924812029,0.051127819548872175
multichannel,75,0.4947368421052631,0.35037593984962395,0.78796992481203,0.03458646616541353
multichannel,100,0.4195488721804511,0.27518796992481204,0.78796992481203,-0.13834586466165413
multichannel,150,0.4451127819548871,0.306766917293233,0.8105263157894737,1.0
