rule,electronics MAPE,electronics |bias|,electronics Spearman,electronics collapsed,electronics epoch,electronics gap %,gift MAPE,gift |bias|,gift Spearman,gift collapsed,gift epoch,gift gap %,multichannel MAPE,multichannel |bias|,multichannel Spearman,multichannel collapsed,multichannel epoch,multichannel gap %,epochs trained
current: patience 7,71.04938710175546,60.858327118450234,0.01617470457529715,15,12.5,4.369985995697659,47.76919722414037,18.750436060182608,0.0060890441494033005,19,10.5,8.363943256563035,74.5592095872812,53.21052297582163,-0.007568204532178749,4,9.0,3.230303701184969,21.266666666666666
GL1,98.39041098937521,98.39041098937521,0.0172935246971994,17,4.5,8.395923165637562,49.89790456966021,26.969458763268214,0.00039282498377264994,19,6.5,10.458231856499166,100.18859491152526,90.37718881134009,-0.016683586555544,11,3.5,16.20139106079279,11.833333333333334
GL2,98.39041098937521,98.39041098937521,0.0172935246971994,16,4.5,8.395923165637562,34.771378710215835,19.910121980297134,0.00916750501190635,18,42.0,4.242507859404205,90.99341973564343,78.14912111375872,-0.016683586555544,11,4.5,16.20139106079279,25.933333333333334
GL3,98.39041098937521,98.39041098937521,0.0172935246971994,14,7.5,7.768434182787596,32.88743551527955,26.14485321259272,0.0198691257537744,17,52.5,3.4934562214828375,81.61403236118261,71.37061247904376,-0.0260594930787067,11,4.5,16.20139106079279,44.0
GL5,98.39041098937521,98.39041098937521,0.0172935246971994,14,7.5,7.768434182787596,28.277486844970007,18.318936926106325,0.14050603636130324,10,101.5,0.2783662873266734,74.5592095872812,62.10964774026682,-0.0260594930787067,9,5.5,14.709179797902262,62.733333333333334
PQ0.5,49.692862038248805,17.338861597979893,0.044863317199262606,15,70.5,0.8758843859232416,28.612129422584076,7.86605555690942,0.0294305122561196,14,99.5,0.5489102798956651,56.828945887422094,29.999997103668484,-0.0058312715588612,3,71.5,0.4789145308785301,91.25
PQ1,44.96827698470494,14.470800260389417,0.10524314559192055,11,105.0,0.0,28.277486844970007,10.179755406415197,0.0596794790607485,13,105.0,0.09396533444178248,54.9671043012814,26.223681394925766,-0.0058312715588612,2,88.5,0.10095059284052785,116.16666666666667
PQ2,44.96827698470494,14.470800260389417,0.10524314559192055,11,118.0,0.0,28.612129422584076,16.990402947305125,0.2563366651167249,10,142.0,0.0,54.515349688498596,23.06140076221996,0.00528357007779415,2,145.5,0.0,141.0
PQ3,44.96827698470494,14.470800260389417,0.10524314559192055,11,123.5,0.0,28.612129422584076,13.828097586073046,0.3281658729825928,9,144.5,0.0,54.515349688498596,23.06140076221996,0.00528357007779415,2,146.0,0.0,148.41666666666666
UP2,53.2970438822137,22.01225665970702,0.0287858515673671,11,27.0,0.4225943325939924,32.69240881209091,10.009598487461503,0.0112502974131993,15,32.5,1.9029735043520861,62.62719096869165,35.53947069796554,-0.0050314840901564,4,62.5,0.5140620925704484,64.41666666666667
UP3,49.77036763953546,22.01225665970702,0.0519163046443465,11,37.5,0.0,32.842932823951145,13.947207343814988,0.02755393135425215,12,96.5,0.0,55.87719192916299,26.089909466457343,0.00538431521415405,3,126.5,0.0,102.75
UP4,46.434390820125046,17.01369865823647,0.07733369257313705,10,105.0,0.0,29.528359726662984,13.828097586073046,0.3281658729825928,9,143.0,0.0,55.87719192916299,26.223681394925766,0.00538431521415405,3,140.0,0.0,132.75
oracle: best fixed checkpoint,43.64095152998323,10.754506770325333,0.17822947163386235,8,150.0,,28.974259090422933,10.265271953529764,0.34511003043581784,7,150.0,,53.43640215261921,21.85964640475025,0.017253958303103598,0,150.0,,
