rate,churn,model,auc,share_to_dead,alive_ratio,true_alive_share
10,20,LSTM,0.7833944936744839,0.19063598725212413,0.9521800919554846,0.7218468468468469
10,20,Transformer,0.7063450959090996,0.23860475367591272,1.1858203218730692,0.7218468468468469
10,20,ParetoNBD_MLE,0.9228495455607697,0.06645094898227709,0.7471546837156345,0.7218468468468469
10,20,LSTM,0.7437800304699403,0.2457103589114694,0.5859883995152335,0.7084708470847084
10,20,Transformer,0.6788204617367866,0.2813030699517929,0.9174126922596241,0.7084708470847084
10,20,ParetoNBD_MLE,0.8901441462557131,0.09165692836869246,0.7215017040540702,0.7084708470847084
10,20,LSTM,0.8105352024416,0.2137159932243345,0.6728092589508015,0.6965669988925803
10,20,Transformer,0.6929751778399267,0.2810162235785771,0.676751770362438,0.6965669988925803
10,20,ParetoNBD_MLE,0.9160612953013124,0.07746353539425521,0.732511211500989,0.6965669988925803
10,20,LSTM,0.7521534869979782,0.2153563890051309,0.9964698577511837,0.7015418502202643
10,20,Transformer,0.6734114593893192,0.27868041270982163,0.6458765984787241,0.7015418502202643
10,20,ParetoNBD_MLE,0.8877898590602861,0.09339965116973417,0.7032901379334653,0.7015418502202643
10,20,LSTM,0.7480690743421209,0.21055312691009487,0.8188228782167336,0.7012263099219621
10,20,Transformer,0.645632133450395,0.2865066649913596,0.8947431902850778,0.7012263099219621
10,20,ParetoNBD_MLE,0.9063575208219633,0.07895751141357076,0.7531092786781586,0.7012263099219621
10,20,LSTM,0.7718803591844512,0.2291387481917341,0.4999475041873674,0.7192982456140351
10,20,Transformer,0.6535019293064024,0.26988766910125084,0.5442593104459957,0.7192982456140351
10,20,ParetoNBD_MLE,0.8787692930640244,0.08952158801398435,0.7337229376115251,0.7192982456140351
10,20,LSTM,0.8074785199722373,0.19049066320327473,0.6573096449599483,0.7214912280701754
10,20,Transformer,0.6613754397721562,0.26489042812423585,0.9839722828751069,0.7214912280701754
10,20,ParetoNBD_MLE,0.9040219706579231,0.07621300901903688,0.7733794504886337,0.7214912280701754
10,20,LSTM,0.7532152419200613,0.1933641608408359,0.6944363457881935,0.7248908296943232
10,20,Transformer,0.70460413080895,0.25180815128876194,0.6971004901828283,0.7248908296943232
10,20,ParetoNBD_MLE,0.888025315547906,0.08631137533810428,0.7154627908080383,0.7248908296943232
10,20,LSTM,0.7746083766963109,0.24301463896620873,0.5431118582063419,0.6822125813449024
10,20,Transformer,0.6013635599060212,0.31191848385825366,0.5787837149577117,0.6822125813449024
10,20,ParetoNBD_MLE,0.8919922733414001,0.09531651154007952,0.7220307335794938,0.6822125813449024
10,20,LSTM,0.7838890502468777,0.24724818014206562,0.7760278670597748,0.6947835738068813
10,20,Transformer,0.6468022073772872,0.29858869201011773,1.0197719635517535,0.6947835738068813
10,20,ParetoNBD_MLE,0.8979872204472843,0.08705039429871006,0.7496921475649649,0.6947835738068813
10,40,LSTM,0.7888520971302428,0.4575765850794273,0.5671762994528688,0.4561824729891957
10,40,Transformer,0.729467294062972,0.43622705208277013,0.768977237203057,0.4561824729891957
10,40,ParetoNBD_MLE,0.9260921343092832,0.1390167306317641,0.6816829184472779,0.4561824729891957
10,40,LSTM,0.8400068290462098,0.5004147218477499,0.7040564728274795,0.45368171021377673
10,40,Transformer,0.7877674709765536,0.5084850808200181,0.6891295740830017,0.45368171021377673
10,40,ParetoNBD_MLE,0.9437684953334851,0.11865331513464554,0.7008773802281902,0.45368171021377673
10,40,LSTM,0.8671480705023682,0.4045661051570521,0.9539879086010542,0.42391304347826086
10,40,Transformer,0.7474421688258165,0.5131109260384314,0.9986165180471672,0.42391304347826086
10,40,ParetoNBD_MLE,0.9266038333124286,0.1464281051385484,0.6511373465820772,0.42391304347826086
10,40,LSTM,0.7779391587395444,0.4859233708203419,0.7651610875920072,0.444047619047619
10,40,Transformer,0.774974022768111,0.44851949430776444,1.032572810207181,0.444047619047619
10,40,ParetoNBD_MLE,0.9288596999844998,0.13157667917405916,0.628901872414888,0.444047619047619
10,40,LSTM,0.8714093209754814,0.3991530898730744,0.8750636110283295,0.4620770128354726
10,40,Transformer,0.6986102894454305,0.5222027992755269,0.8369773331748166,0.4620770128354726
10,40,ParetoNBD_MLE,0.9411659983785797,0.10979259011461319,0.642516745068092,0.4620770128354726
10,40,LSTM,0.834762367284054,0.4178747175041288,0.7408657425538914,0.48288075560802834
10,40,Transformer,0.7643740719652565,0.48176029485270094,0.728385171600421,0.48288075560802834
10,40,ParetoNBD_MLE,0.9265247680610913,0.13345088497077098,0.6895418247670921,0.48288075560802834
10,40,LSTM,0.8314623908857139,0.37730622582154794,0.8474574876488737,0.5066026410564226
10,40,Transformer,0.6999544516322459,0.48068186885986897,0.892820598093022,0.5066026410564226
10,40,ParetoNBD_MLE,0.9208784492798745,0.12461641054849142,0.6380597658918229,0.5066026410564226
10,40,LSTM,0.7347847743489945,0.47962894944445184,0.5608836196445718,0.47596153846153844
10,40,Transformer,0.5869966870540265,0.5203722456903305,0.9219468336041801,0.47596153846153844
10,40,ParetoNBD_MLE,0.9367152024835511,0.11927303745194888,0.6843836999239464,0.47596153846153844
10,40,LSTM,0.8470136269755747,0.40246252099873286,0.5029509023275095,0.4528301886792453
10,40,Transformer,0.7115492546695402,0.5309784842785323,0.7265002001967034,0.4528301886792453
10,40,ParetoNBD_MLE,0.9384625314295976,0.12693850656559394,0.6743826599995149,0.4528301886792453
10,40,LSTM,0.8335081264470576,0.3694186603877812,0.8276572741374706,0.46953405017921146
10,40,Transformer,0.8013290007564816,0.44504566796874584,0.5480098250977441,0.46953405017921146
10,40,ParetoNBD_MLE,0.9330255828347432,0.13535674735543826,0.7348208934834456,0.46953405017921146
10,60,LSTM,0.8888811018913059,0.5995372860921828,0.6396041158405484,0.2641509433962264
10,60,Transformer,0.7972733049263662,0.5299785199116013,0.6313583234949206,0.2641509433962264
10,60,ParetoNBD_MLE,0.9499747701278314,0.15817370406304904,0.5801503399318363,0.2641509433962264
10,60,LSTM,0.8935601314666521,0.5758611303815292,0.517560661663129,0.2878581173260573
10,60,Transformer,0.8028726552995223,0.624519999355024,0.7020560425057202,0.2878581173260573
10,60,ParetoNBD_MLE,0.9564244339125856,0.12549337810612987,0.6259234325281537,0.2878581173260573
10,60,LSTM,0.8632144908803676,0.5875548873420555,0.42792989100988127,0.2855209742895805
10,60,Transformer,0.7464858897027145,0.5453974047455421,0.6120586468063898,0.2855209742895805
10,60,ParetoNBD_MLE,0.944577588683039,0.17065638890220836,0.6557628029626847,0.2855209742895805
10,60,LSTM,0.9258987337398725,0.5570489846102441,0.7131310094227181,0.28344370860927154
10,60,Transformer,0.781634909392437,0.5727305471081773,0.7065162751617813,0.28344370860927154
10,60,ParetoNBD_MLE,0.9495612140895192,0.15083469572568042,0.6586550341439047,0.28344370860927154
10,60,LSTM,0.9258574985942646,0.5955076992531873,0.8872604097924847,0.284366576819407
10,60,Transformer,0.6416758151033997,0.7087279219773006,0.6773077753550137,0.284366576819407
10,60,ParetoNBD_MLE,0.9571406895689971,0.18796046671932626,0.7371178208874167,0.284366576819407
10,60,LSTM,0.8801978703939488,0.623676123865495,0.3722783111928543,0.252
10,60,Transformer,0.7405662601741032,0.625465963694547,0.4590346148393344,0.252
10,60,ParetoNBD_MLE,0.9443972875345424,0.19015485147047928,0.5984648586241981,0.252
10,60,LSTM,0.8067381291065502,0.583487450944087,0.5125651252032161,0.30563002680965146
10,60,Transformer,0.7354534986113932,0.6401481780714326,0.6747642791194364,0.30563002680965146
10,60,ParetoNBD_MLE,0.9493920612341664,0.14796278539544208,0.6062495279494302,0.30563002680965146
10,60,LSTM,0.8865367352415855,0.5637739142290615,0.9324982913442603,0.26819407008086255
10,60,Transformer,0.8382936783364335,0.5214903988662566,0.9882531662630215,0.26819407008086255
10,60,ParetoNBD_MLE,0.9529183671580739,0.19045587725265642,0.7069090600589231,0.26819407008086255
10,60,LSTM,0.9177729983380583,0.5884559912459344,0.7832547612829701,0.2669432918395574
10,60,Transformer,0.7965783556554893,0.5755053928220727,0.5473202361326835,0.2669432918395574
10,60,ParetoNBD_MLE,0.9417636132564278,0.2044408491176089,0.6694112870716965,0.2669432918395574
10,60,LSTM,0.9063911910323121,0.566839544550872,0.5859562619023367,0.2980769230769231
10,60,Transformer,0.7896146527546061,0.5182340752921378,0.474691860357798,0.2980769230769231
10,60,ParetoNBD_MLE,0.9539846871139087,0.1326844397327811,0.6481512160409557,0.2980769230769231
10,80,LSTM,0.9020163831127914,0.7128866339266245,0.48454645389217166,0.13278688524590163
10,80,Transformer,0.8558309412121636,0.7585210121677135,0.6746066007342723,0.13278688524590163
10,80,ParetoNBD_MLE,0.9676421853485495,0.19171011152064846,0.6645235839182558,0.13278688524590163
10,80,LSTM,0.924896510940272,0.7621438258391564,0.612874415171153,0.12459016393442623
10,80,Transformer,0.9049871870687956,0.7017256596759677,0.9136754837422281,0.12459016393442623
10,80,ParetoNBD_MLE,0.971023063276168,0.1479405875816854,0.5447879734610732,0.12459016393442623
10,80,LSTM,0.8921884776435481,0.8408434298903226,0.44692533224694386,0.1305785123966942
10,80,Transformer,0.8698560908697117,0.8247343984327584,0.4929308829715625,0.1305785123966942
10,80,ParetoNBD_MLE,0.976199643836935,0.21114370137843586,0.7255786088462254,0.1305785123966942
10,80,LSTM,0.8894957983193277,0.7341917007681252,0.2792540300393926,0.15141430948419302
10,80,Transformer,0.8418444300797243,0.7400642356297271,0.5994965270031696,0.15141430948419302
10,80,ParetoNBD_MLE,0.9702434820081879,0.14848003900509096,0.6379441297344144,0.15141430948419302
10,80,LSTM,0.9232339413983773,0.7380398934248036,0.5314931456622481,0.12395309882747069
10,80,Transformer,0.7477908118443491,0.7514543868166039,0.2675050714321261,0.12395309882747069
10,80,ParetoNBD_MLE,0.9717198077618727,0.1675811423908474,0.510528307575869,0.12395309882747069
10,80,LSTM,0.9328015734265734,0.7837036604871033,0.5569590363700391,0.14473684210526316
10,80,Transformer,0.8607298951048952,0.7102188348553098,0.9423697170267201,0.14473684210526316
10,80,ParetoNBD_MLE,0.9797639860139861,0.1754485217443171,0.7775819089365352,0.14473684210526316
10,80,LSTM,0.9325158634882524,0.6485536465291168,0.6912687653104855,0.17073170731707318
10,80,Transformer,0.7592072543303034,0.6513962191523784,0.47587781454243094,0.17073170731707318
10,80,ParetoNBD_MLE,0.970298833819242,0.1946246709215421,0.6858813432504772,0.17073170731707318
10,80,LSTM,0.8877993295019156,0.8265304040753997,0.46545351927838885,0.132890365448505
10,80,Transformer,0.7502873563218392,0.8168742537841206,0.3265459698133198,0.132890365448505
10,80,ParetoNBD_MLE,0.9565613026819924,0.20885760488875427,0.5293241754535414,0.132890365448505
10,80,LSTM,0.9154797700058026,0.8140813199716983,0.6732872217520391,0.11735537190082644
10,80,Transformer,0.8361950730600834,0.854010274346152,1.0272139591286564,0.11735537190082644
10,80,ParetoNBD_MLE,0.9615049849659756,0.2037077668349649,0.7058801201586847,0.11735537190082644
10,80,LSTM,0.5826372155287818,0.8661180426095111,0.3612191918003153,0.13089005235602094
10,80,Transformer,0.7808299866131192,0.6582711637919757,0.35761416349974123,0.13089005235602094
10,80,ParetoNBD_MLE,0.9691700133868809,0.14787079916299378,0.5023704418169003,0.13089005235602094
1,20,LSTM,0.45131994442339274,0.22152117875871782,0.7060419303790897,0.7821576763485477
1,20,Transformer,0.4727927245168624,0.22108055956865647,0.5634029677634741,0.7821576763485477
1,20,ParetoNBD_MLE,0.6910193255020841,0.18031062827352826,0.70671481790453,0.7821576763485477
1,20,LSTM,0.502827763496144,0.1874346644098364,0.7636424832610172,0.8121085594989561
1,20,Transformer,0.583690374178806,0.17918602869704361,0.5263857485122742,0.8121085594989561
1,20,ParetoNBD_MLE,0.7117680662667809,0.14770135204185303,0.7325971904801658,0.8121085594989561
1,20,LSTM,0.4885477695253033,0.20595912138919467,0.6013754909382576,0.7941747572815534
1,20,Transformer,0.4740969691377958,0.20833091268363482,0.8288605071969694,0.7941747572815534
1,20,ParetoNBD_MLE,0.7134866448309269,0.17130544260464786,0.7728453336333079,0.7941747572815534
1,20,LSTM,0.552452282565919,0.26020758446414005,0.6905688847578222,0.7352297592997812
1,20,Transformer,0.559646792601338,0.25944018217249265,0.9315781055114913,0.7352297592997812
1,20,ParetoNBD_MLE,0.7087145808736718,0.21250269359143412,0.6188557139566313,0.7352297592997812
1,20,LSTM,0.5395372928176796,0.22060680103317534,0.7418958807730666,0.776824034334764
1,20,Transformer,0.5498432851678708,0.22007418718800945,0.6928186427672135,0.776824034334764
1,20,ParetoNBD_MLE,0.7366659583510413,0.17164276416530416,0.7927774525677448,0.776824034334764
1,20,LSTM,0.5248010610079575,0.22437181620672572,0.9761878373625851,0.7741273100616016
1,20,Transformer,0.522160598022667,0.22418787039352603,0.6270913674849737,0.7741273100616016
1,20,ParetoNBD_MLE,0.7217144924041475,0.1869163990340588,0.6266510194610235,0.7741273100616016
1,20,LSTM,0.4577024025842924,0.216875681560016,1.1538764858540738,0.7855670103092783
1,20,Transformer,0.5698440339188371,0.20945300296997568,1.135465344276963,0.7855670103092783
1,20,ParetoNBD_MLE,0.7049767817484351,0.17447779712307784,0.7436041366273773,0.7855670103092783
1,20,LSTM,0.5373598553345389,0.20749758660648782,0.8870908754461173,0.79
1,20,Transformer,0.5443037974683544,0.20491218044089732,0.3342574272222641,0.79
1,20,ParetoNBD_MLE,0.7795660036166364,0.16056809151868262,0.7620151578037241,0.79
1,20,LSTM,0.45438605156574136,0.2195510390332691,1.4421839497336215,0.7827868852459017
1,20,Transformer,0.5051244690309197,0.2142857142879797,0.32333873351085646,0.7827868852459017
1,20,ParetoNBD_MLE,0.7084362343178899,0.18535723445366653,0.7604859584810233,0.7827868852459017
1,20,LSTM,0.5164785222108196,0.20790469340326553,0.8987431802106031,0.7907488986784141
1,20,Transformer,0.5062747397742267,0.2096344549306593,1.2526774144062496,0.7907488986784141
1,20,ParetoNBD_MLE,0.6920539510335729,0.17250004354811754,0.8145870917057071,0.7907488986784141
1,40,LSTM,0.5025905300196715,0.41098967677875375,1.4645559705803615,0.5880829015544041
1,40,Transformer,0.5011913667470147,0.4129174717361623,0.40046844361817147,0.5880829015544041
1,40,ParetoNBD_MLE,0.7218574238772061,0.30580349677854357,0.6635662724100426,0.5880829015544041
1,40,LSTM,0.49153188691650235,0.4298850574916849,0.8232089123999979,0.5710659898477157
1,40,Transformer,0.5752662721893491,0.4159853008215645,0.4137522970580501,0.5710659898477157
1,40,ParetoNBD_MLE,0.7295726495726496,0.32790206121537485,0.6800802109343731,0.5710659898477157
1,40,LSTM,0.4458501054245735,0.39412541992588374,1.4107829385288093,0.6115702479338843
1,40,Transformer,0.41829595552999804,0.40973359120887404,0.2542216871653487,0.6115702479338843
1,40,ParetoNBD_MLE,0.750670883649607,0.29055014246422367,0.6505184069945625,0.6115702479338843
1,40,LSTM,0.5347934918648309,0.41504860424694295,1.3357741724448962,0.5802469135802469
1,40,Transformer,0.6356695869837297,0.40151622165932566,0.7252943293608056,0.5802469135802469
1,40,ParetoNBD_MLE,0.7466207759699623,0.3133225639981634,0.7732842438872208,0.5802469135802469
1,40,LSTM,0.5313413742690059,0.42019896743554025,1.3940336892669292,0.5757575757575758
1,40,Transformer,0.5762714076858814,0.4098318900024548,0.28061127175489886,0.5757575757575758
1,40,ParetoNBD_MLE,0.7949561403508771,0.2511134087790644,0.7217266345626363,0.5757575757575758
1,40,LSTM,0.460650406504065,0.4248687203386841,1.375082268961405,0.5784061696658098
1,40,Transformer,0.4562872628726288,0.425851600229995,0.7491415422174872,0.5784061696658098
1,40,ParetoNBD_MLE,0.7171544715447156,0.34550749300604733,0.5624213912799099,0.5784061696658098
1,40,LSTM,0.4237557118231319,0.42289359661262577,1.3879558197098607,0.5850515463917526
1,40,Transformer,0.46188469641831065,0.4207277452892733,0.3096890516172768,0.5850515463917526
1,40,ParetoNBD_MLE,0.758324896708348,0.3107386291489337,0.7205334882429754,0.5850515463917526
1,40,LSTM,0.4751484389963609,0.4505563886451641,0.9047320569661346,0.5523114355231143
1,40,Transformer,0.49924583413139234,0.4478394408080099,0.6775094193667581,0.5523114355231143
1,40,ParetoNBD_MLE,0.7547883547213177,0.3132632378934363,0.5177587388298499,0.5523114355231143
1,40,LSTM,0.47529451042113796,0.421067404473959,0.8336130942953608,0.5807228915662651
1,40,Transformer,0.5201149425287356,0.4196621321038442,0.9778412088134913,0.5807228915662651
1,40,ParetoNBD_MLE,0.7638670291410311,0.30817903441669,0.691851716355258,0.5807228915662651
1,40,LSTM,0.505838983962975,0.4153932497579322,1.434989651597501,0.5831202046035806
1,40,Transformer,0.4931519750295985,0.42179227398834,0.5539325529734296,0.5831202046035806
1,40,ParetoNBD_MLE,0.7731406737703154,0.2787891036376342,0.718898616843858,0.5831202046035806
1,60,LSTM,0.5607915136678907,0.5640783572884331,1.0804381121008426,0.43
1,60,Transformer,0.6576907384740921,0.5450927325658721,0.668619794971104,0.43
1,60,ParetoNBD_MLE,0.7987896096831225,0.36208801653857325,0.5034632183740941,0.43
1,60,LSTM,0.48586647727272725,0.6377282789167928,0.7701945345366543,0.36423841059602646
1,60,Transformer,0.5265388257575758,0.6298752985009234,0.6154791153295361,0.36423841059602646
1,60,ParetoNBD_MLE,0.8057054924242423,0.3854671324315879,0.4503039849537128,0.36423841059602646
1,60,LSTM,0.49933601978203135,0.5944914748596566,1.2989372355054718,0.4053156146179402
1,60,Transformer,0.6220349848887261,0.5789253079618732,1.278949668874686,0.4053156146179402
1,60,ParetoNBD_MLE,0.811910431358183,0.44050616309859064,0.5082787242526959,0.4053156146179402
1,60,LSTM,0.5180397727272728,0.5465868428113841,0.6959867473096085,0.4520547945205479
1,60,Transformer,0.5034801136363636,0.5472415978555136,0.22625642976208185,0.4520547945205479
1,60,ParetoNBD_MLE,0.808404356060606,0.3638485412216114,0.41687369988546746,0.4520547945205479
1,60,LSTM,0.5347455621301775,0.5724299922957,1.4427852872357623,0.42517006802721086
1,60,Transformer,0.4550532544378698,0.5835171447622355,0.5144489336204884,0.42517006802721086
1,60,ParetoNBD_MLE,0.7848284023668639,0.3569426454973071,0.6515558255982724,0.42517006802721086
1,60,LSTM,0.44726507713884994,0.5490724812263982,0.9506115485487557,0.45722713864306785
1,60,Transformer,0.512429873772791,0.5392347805161235,0.7188148361519766,0.45722713864306785
1,60,ParetoNBD_MLE,0.7971949509116409,0.3429428724069608,0.6898917382776686,0.45722713864306785
1,60,LSTM,0.5071892806267806,0.620772872103889,1.5070185956155426,0.3786407766990291
1,60,Transformer,0.5007790242165242,0.6117312768027161,0.235206540779089,0.3786407766990291
1,60,ParetoNBD_MLE,0.7988336894586895,0.40732037987578645,0.4397208763830259,0.3786407766990291
1,60,LSTM,0.5062146892655368,0.5868711262362213,1.922955496017049,0.4139072847682119
1,60,Transformer,0.47349152542372885,0.5904936014484643,0.36405862401436295,0.4139072847682119
1,60,ParetoNBD_MLE,0.7732881355932204,0.3946590675951219,0.4755673997896126,0.4139072847682119
1,60,LSTM,0.5306127756970453,0.619614827851284,1.505050159065074,0.3776223776223776
1,60,Transformer,0.602710153974199,0.5950140333147808,0.36014906140396474,0.3776223776223776
1,60,ParetoNBD_MLE,0.7928110694964629,0.4203843524642427,0.41517753545952507,0.3776223776223776
1,60,LSTM,0.45187326549491214,0.624833793721292,0.9943329152878456,0.3795379537953795
1,60,Transformer,0.4533996299722479,0.6278434003737992,0.9779323858055259,0.3795379537953795
1,60,ParetoNBD_MLE,0.7790703052728954,0.4083086584302032,0.4688648945951327,0.3795379537953795
1,80,LSTM,0.4425,0.7459333062094561,0.7434454495128358,0.25773195876288657
1,80,Transformer,0.5813194444444444,0.7332713755051657,0.6830535228226247,0.25773195876288657
1,80,ParetoNBD_MLE,0.8558333333333333,0.45506797598498566,0.3589180905275375,0.25773195876288657
1,80,LSTM,0.5008387096774194,0.755437252345657,1.0425372823132903,0.24390243902439024
1,80,Transformer,0.38683870967741935,0.7785176607428528,0.42343563873684,0.24390243902439024
1,80,ParetoNBD_MLE,0.8585161290322582,0.40438347310468525,0.3622158262192232,0.24390243902439024
1,80,LSTM,0.5801773729626079,0.8355845881579365,0.8993107087352131,0.15819209039548024
1,80,Transformer,0.41910354745925216,0.852007057781017,0.4063552091940385,0.15819209039548024
1,80,ParetoNBD_MLE,0.8052492809204219,0.5187478849790907,0.31092132904387837,0.15819209039548024
1,80,LSTM,0.535958904109589,0.766016122242194,1.9541228139882427,0.23157894736842105
1,80,Transformer,0.527475093399751,0.7659637659272742,0.3490137745940611,0.23157894736842105
1,80,ParetoNBD_MLE,0.8114881693648817,0.48751723515191686,0.28162828693358855,0.23157894736842105
1,80,LSTM,0.5094658553076403,0.7392647513991243,1.03671756009914,0.2602040816326531
1,80,Transformer,0.5045977011494254,0.7384784701785236,0.5837677967975325,0.2602040816326531
1,80,ParetoNBD_MLE,0.7873563218390806,0.44559723798633316,0.2329399747009987,0.2602040816326531
1,80,LSTM,0.5467530657748049,0.7234267316116155,1.4155129239236586,0.2736842105263158
1,80,Transformer,0.5597129319955407,0.7206457306694745,0.5702730307872556,0.2736842105263158
1,80,ParetoNBD_MLE,0.883221850613155,0.4450116319960067,0.360369288409183,0.2736842105263158
1,80,LSTM,0.47665397094089434,0.7330751936317977,1.4232484504391918,0.26842105263157895
1,80,Transformer,0.5524756665256031,0.7157390783267104,0.6327028669740445,0.26842105263157895
1,80,ParetoNBD_MLE,0.8158414444914657,0.48960705120994147,0.4428992199133455,0.26842105263157895
1,80,LSTM,0.481058282208589,0.8034031034035612,1.5243856162950218,0.19704433497536947
1,80,Transformer,0.4626533742331288,0.8104292710004157,0.24663037522994552,0.19704433497536947
1,80,ParetoNBD_MLE,0.8353527607361964,0.5238794428217168,0.25513874224527444,0.19704433497536947
1,80,LSTM,0.40087579617834396,0.8364555090585098,1.4297641001391372,0.1693121693121693
1,80,Transformer,0.38674363057324845,0.8459730827083985,0.3884174505885787,0.1693121693121693
1,80,ParetoNBD_MLE,0.7726910828025478,0.5449706903310381,0.26232447379528245,0.1693121693121693
1,80,LSTM,0.5380952380952382,0.7600234810530063,1.9389296046206654,0.23728813559322035
1,80,Transformer,0.5398589065255732,0.7594103711311243,0.4335082324693851,0.23728813559322035
1,80,ParetoNBD_MLE,0.8231922398589064,0.46948007168873906,0.3720973747295504,0.23728813559322035
30,20,LSTM,0.9277837487669498,0.11268975449824958,0.8907994928223705,0.6753112033195021
30,20,Transformer,0.7746916761139166,0.2829980654650137,1.019027556757684,0.6753112033195021
30,20,ParetoNBD_MLE,0.9573106991946525,0.039132574506467795,0.7489710063988191,0.6753112033195021
30,20,LSTM,0.9074110576923077,0.168851822040212,0.8041279966288188,0.6632124352331606
30,20,Transformer,0.7412716346153847,0.22322959737166448,1.1059478724613654,0.6632124352331606
30,20,ParetoNBD_MLE,0.9608557692307692,0.03944774642795728,0.7582679191934287,0.6632124352331606
30,20,LSTM,0.9231987887869141,0.1427882283296005,0.7658793384329544,0.7088082901554404
30,20,Transformer,0.7496930344841939,0.2782063099093954,0.6468257369523402,0.7088082901554404
30,20,ParetoNBD_MLE,0.9656666874778881,0.0292988669397702,0.751310828567421,0.7088082901554404
30,20,LSTM,0.8980711024729975,0.17751662065086052,0.8835611902020116,0.6899063475546305
30,20,Transformer,0.8050578517416259,0.17060263594590636,0.7579680678943956,0.6899063475546305
30,20,ParetoNBD_MLE,0.9673944952271047,0.030941943978028685,0.7306859335733017,0.6899063475546305
30,20,LSTM,0.9016333062385694,0.14743890357461237,0.5339809859954261,0.6919875130072841
30,20,Transformer,0.8108209713472871,0.17565529317424214,0.5759565157831066,0.6919875130072841
30,20,ParetoNBD_MLE,0.9519305019305019,0.043536581748047774,0.7545541068487065,0.6919875130072841
30,20,LSTM,0.9252200313521067,0.15975216989298993,0.9588355669433919,0.6563467492260062
30,20,Transformer,0.7704638600865015,0.1890665786225594,0.6439644678276522,0.6563467492260062
30,20,ParetoNBD_MLE,0.9753621546074376,0.027160585801104836,0.7267718058182286,0.6563467492260062
30,20,LSTM,0.9342848851417399,0.0985582094877701,0.7230696568014302,0.7030927835051546
30,20,Transformer,0.7661213954056696,0.17560235502919022,0.6892161770677022,0.7030927835051546
30,20,ParetoNBD_MLE,0.9629918132942327,0.03376054479665571,0.7602510920780566,0.7030927835051546
30,20,LSTM,0.9183968368080517,0.1477780030122353,0.7555857289599174,0.6639089968976215
30,20,Transformer,0.7638437574886173,0.2160168962302571,0.9665549870996845,0.6639089968976215
30,20,ParetoNBD_MLE,0.950946561226935,0.047058853407771946,0.7478619976077134,0.6639089968976215
30,20,LSTM,0.8923479266728696,0.1553769160991518,0.8928071961142504,0.6898340248962656
30,20,Transformer,0.754532652701989,0.19616297501752195,0.9346031177606783,0.6898340248962656
30,20,ParetoNBD_MLE,0.9526064324691327,0.04154442041036798,0.7438836745604102,0.6898340248962656
30,20,LSTM,0.9011911721718797,0.16945793604576648,0.6075665360982087,0.6797116374871267
30,20,Transformer,0.7697919711585306,0.19388963503594323,0.9206737993306296,0.6797116374871267
30,20,ParetoNBD_MLE,0.964143038098022,0.03430015628130465,0.75782162134673,0.6797116374871267
30,40,LSTM,0.95421644615193,0.19587802265402332,0.8622044096642907,0.4375678610206297
30,40,Transformer,0.8334930109123656,0.34596996275596437,0.7466735333970724,0.4375678610206297
30,40,ParetoNBD_MLE,0.972426875652682,0.06846860208735865,0.7376207508909179,0.4375678610206297
30,40,LSTM,0.9489619850326942,0.23346597813946168,0.9098179344351265,0.4037199124726477
30,40,Transformer,0.8240620571343328,0.3609171887610246,0.6915375521555006,0.4037199124726477
30,40,ParetoNBD_MLE,0.9767807861564853,0.0674556581845663,0.6699044717202821,0.4037199124726477
30,40,LSTM,0.9514253640416727,0.16440964847071685,0.7680311464557381,0.4447983014861996
30,40,Transformer,0.8458612648708342,0.2754592563412158,0.49414779462571634,0.4447983014861996
30,40,ParetoNBD_MLE,0.9690741408342726,0.06684044102161021,0.7266966072599793,0.4447983014861996
30,40,LSTM,0.9609327254207694,0.17033089263812318,0.7834394032984761,0.4232861806311208
30,40,Transformer,0.8172430518504147,0.35967650776467447,0.9493282631224852,0.4232861806311208
30,40,ParetoNBD_MLE,0.9739074550128534,0.06707373819302928,0.6907051966675575,0.4232861806311208
30,40,LSTM,0.9659032226548869,0.16933103059084123,0.7336987081086798,0.44957081545064376
30,40,Transformer,0.7612411431655246,0.38644666382170373,0.7130306854235109,0.44957081545064376
30,40,ParetoNBD_MLE,0.9789785388956348,0.04462791608018603,0.6954739457553428,0.44957081545064376
30,40,LSTM,0.9578393759773083,0.16064564374002221,0.6015532242436833,0.4543524416135881
30,40,Transformer,0.8182070257100258,0.34176704852014855,0.7641706334038241,0.4543524416135881
30,40,ParetoNBD_MLE,0.9711012218626132,0.060561693517394925,0.7593374046147009,0.4543524416135881
30,40,LSTM,0.9674405902599572,0.1601863672052394,0.8204689497629453,0.43333333333333335
30,40,Transformer,0.8239508242262725,0.3164812407513535,0.5217187285060838,0.43333333333333335
30,40,ParetoNBD_MLE,0.974691709710379,0.06203278370285787,0.7330763728468683,0.43333333333333335
30,40,LSTM,0.978377452116157,0.14377056726523166,0.5257646044299716,0.4551422319474836
30,40,Transformer,0.8508119014519617,0.2858723096025326,0.7627775748371107,0.4551422319474836
30,40,ParetoNBD_MLE,0.9857724165894347,0.03727978135115902,0.7478081782141572,0.4551422319474836
30,40,LSTM,0.9383495469083156,0.2740622423247341,0.7858785682271253,0.4224137931034483
30,40,Transformer,0.8290982904355773,0.35272766253594134,0.8303482065872737,0.4224137931034483
30,40,ParetoNBD_MLE,0.9754559473042949,0.0631730710659162,0.7043592324288606,0.4224137931034483
30,40,LSTM,0.9500379883697145,0.17276406204815703,0.6032447392158832,0.40520043336944744
30,40,Transformer,0.8145437012360831,0.33107792413622567,0.576228764648057,0.40520043336944744
30,40,ParetoNBD_MLE,0.9740266697836611,0.06526627042040396,0.6878945371077932,0.40520043336944744
30,60,LSTM,0.9670335065827775,0.33943725025772203,0.8478241060149586,0.2517241379310345
30,60,Transformer,0.8232154255132602,0.5256552484128073,0.39418664339625514,0.2517241379310345
30,60,ParetoNBD_MLE,0.9906290988924661,0.049238954238858504,0.6951591961226306,0.2517241379310345
30,60,LSTM,0.9626110273169097,0.3031343498113857,0.28975231453421774,0.2533783783783784
30,60,Transformer,0.8600904977375565,0.4148896882029127,0.6370798454933154,0.2533783783783784
30,60,ParetoNBD_MLE,0.9820043572984749,0.08539221343925453,0.7223941373186042,0.2533783783783784
30,60,LSTM,0.9794945159752027,0.2366172781494729,1.0701636185081074,0.26998841251448435
30,60,Transformer,0.8644560256148238,0.4494472383628487,0.7970833102496584,0.26998841251448435
30,60,ParetoNBD_MLE,0.9852306015396144,0.07078830413610893,0.8112985751739612,0.26998841251448435
30,60,LSTM,0.9705900713204426,0.30090209447848065,0.31111245514703734,0.21257142857142858
30,60,Transformer,0.879040061176397,0.5581846723164452,0.4477967770222151,0.21257142857142858
30,60,ParetoNBD_MLE,0.9799147900182593,0.10446831217480455,0.6703466485087819,0.21257142857142858
30,60,LSTM,0.9783424187928516,0.2723756689415084,0.8001193576400505,0.24856815578465064
30,60,Transformer,0.8570550466449365,0.45011241785516143,0.907385688805424,0.24856815578465064
30,60,ParetoNBD_MLE,0.9850651905136563,0.08498221470219859,0.6905137610914367,0.24856815578465064
30,60,LSTM,0.9837625178826895,0.18108101276151725,0.6986045339332949,0.2609182530795073
30,60,Transformer,0.8910976719989594,0.3521899788464756,0.5930064624419829,0.2609182530795073
30,60,ParetoNBD_MLE,0.9866855247756535,0.06687383492114338,0.700688728814799,0.2609182530795073
30,60,LSTM,0.9734564535913861,0.24491167132873976,0.8759342037156912,0.26497695852534564
30,60,Transformer,0.8693267002862204,0.47804528759624115,0.8003536361484698,0.26497695852534564
30,60,ParetoNBD_MLE,0.9796647130979964,0.10706312356224,0.7004998092147676,0.26497695852534564
30,60,LSTM,0.965070147983417,0.33506563553723545,0.9200365090150031,0.2629757785467128
30,60,Transformer,0.8386390467561705,0.4402842860168325,0.46669784185688534,0.2629757785467128
30,60,ParetoNBD_MLE,0.9866705103917854,0.06410639362287271,0.7272731609313258,0.2629757785467128
30,60,LSTM,0.9696693731255945,0.25509019045739545,0.585820652344017,0.24390243902439024
30,60,Transformer,0.8494294491990345,0.4908674512803781,0.9076200813709495,0.24390243902439024
30,60,ParetoNBD_MLE,0.9774339843464268,0.10099299678721883,0.7304566014772184,0.24390243902439024
30,60,LSTM,0.9678328574372259,0.36065629859169784,0.5512803039079955,0.24678362573099416
30,60,Transformer,0.9183347561155103,0.3323505872426929,0.8230903095721469,0.24678362573099416
30,60,ParetoNBD_MLE,0.9878499308233494,0.06041205501240164,0.6895024053296209,0.24678362573099416
30,80,LSTM,0.9615473729236471,0.5618883029925262,0.32455260307235384,0.10935441370223979
30,80,Transformer,0.9435374634633207,0.6667943444968559,0.7764774944128443,0.10935441370223979
30,80,ParetoNBD_MLE,0.989306337777144,0.1541052875520621,0.6487191462362061,0.10935441370223979
30,80,LSTM,0.9944705579343871,0.22624236107916187,0.34255569183717854,0.11308767471410419
30,80,Transformer,0.9081726280544734,0.6318071575115105,0.610953391895525,0.11308767471410419
30,80,ParetoNBD_MLE,0.9965390682849876,0.052769692163892906,0.6250502136129745,0.11308767471410419
30,80,LSTM,0.9858641536273115,0.1730243975704948,0.4404815481982503,0.10217113665389528
30,80,Transformer,0.9042940967283073,0.6813138689452367,0.5000464918606246,0.10217113665389528
30,80,ParetoNBD_MLE,0.9898737553342817,0.1368030345685241,0.6911934129885315,0.10217113665389528
30,80,LSTM,0.983288386988033,0.1228674906262984,0.5802730172254669,0.10855683269476372
30,80,Transformer,0.9214478341479858,0.647472120631734,0.4231638536891964,0.10855683269476372
30,80,ParetoNBD_MLE,0.9943030507331873,0.07632369992375639,0.6612597302562384,0.10855683269476372
30,80,LSTM,0.9803466621351354,0.19474512658062587,0.3415051509416841,0.14303797468354432
30,80,Transformer,0.8922759179618567,0.5861554507459407,0.7447619565852917,0.14303797468354432
30,80,ParetoNBD_MLE,0.9893530803518908,0.09310226412161572,0.7646942684894934,0.14303797468354432
30,80,LSTM,0.9797341489689135,0.4826424260540107,0.46156465978150935,0.1
30,80,Transformer,0.8714700677131425,0.6000145175900491,0.5666537837981487,0.1
30,80,ParetoNBD_MLE,0.990400892582333,0.10759162195555654,0.6002880102724681,0.1
30,80,LSTM,0.9925904495555877,0.28094884787206575,0.5496267603907664,0.1220472440944882
30,80,Transformer,0.8533037594226658,0.6576723690909351,0.36951854092260544,0.1220472440944882
30,80,ParetoNBD_MLE,0.9951862031277625,0.06964145706088298,0.7060665225756301,0.1220472440944882
30,80,LSTM,0.9960543436016155,0.3686028723330422,0.22537364985633784,0.10427135678391959
30,80,Transformer,0.9292316531201947,0.6856730468377451,0.785337842012127,0.10427135678391959
30,80,ParetoNBD_MLE,0.9959107115699826,0.08352397796447822,0.6158994499845883,0.10427135678391959
30,80,LSTM,0.9690629037467701,0.2509267028307774,0.5162044663180919,0.09473684210526316
30,80,Transformer,0.828468184754522,0.7486058107470491,0.38609883109881243,0.09473684210526316
30,80,ParetoNBD_MLE,0.9862221414728682,0.1569083755632139,0.7159056599878111,0.09473684210526316
30,80,LSTM,0.9848736086365962,0.18164442084785687,0.6094586645706775,0.10835509138381201
30,80,Transformer,0.9515073471043765,0.47282176174486157,0.7858768196053689,0.10835509138381201
30,80,ParetoNBD_MLE,0.9921677926934679,0.10060910149567828,0.7436262459415192,0.10835509138381201
5,20,LSTM,0.5648651533480396,0.27062372236992494,0.7614429276507946,0.7265160523186682
5,20,Transformer,0.5233402120543656,0.27276982144247625,1.0675430836550828,0.7265160523186682
5,20,ParetoNBD_MLE,0.8396249911051021,0.12435289840898048,0.7685346834484923,0.7265160523186682
5,20,LSTM,0.6307447028092728,0.26536221460857956,0.7352687074610342,0.7212918660287081
5,20,Transformer,0.6564068071658873,0.2666070479211228,1.053863489986191,0.7212918660287081
5,20,ParetoNBD_MLE,0.8450522779521562,0.13034365415275492,0.6841214485363454,0.7212918660287081
5,20,LSTM,0.6798962074100026,0.2616684751209228,1.2850588016361022,0.7161997563946407
5,20,Transformer,0.5304151703599895,0.28279141039607947,1.012508725812097,0.7161997563946407
5,20,ParetoNBD_MLE,0.8296874543808941,0.13940226987213958,0.72264153563086,0.7161997563946407
5,20,LSTM,0.6825225790703351,0.23466064169745163,0.8362987289947922,0.7185273159144893
5,20,Transformer,0.4953691111343585,0.28194749811315445,1.1508219724618123,0.7185273159144893
5,20,ParetoNBD_MLE,0.8698992223733306,0.10912915239629427,0.7192807402606683,0.7185273159144893
5,20,LSTM,0.5051048263813059,0.28396135941244594,0.7367670965033617,0.7161366313309776
5,20,Transformer,0.5292435575453155,0.28296379751115625,1.0169584767633282,0.7161366313309776
5,20,ParetoNBD_MLE,0.8667319556671762,0.1133546026060615,0.7084138046173862,0.7161366313309776
5,20,LSTM,0.6933810375670841,0.2230243219393605,1.190722249612098,0.7437425506555423
5,20,Transformer,0.4598911747167561,0.25797435959634213,0.8744640040617053,0.7437425506555423
5,20,ParetoNBD_MLE,0.8726222420989862,0.1040182057875341,0.7786149142835179,0.7437425506555423
5,20,LSTM,0.6561049363733544,0.22621136671914766,1.1150296015393657,0.7365911799761621
5,20,Transformer,0.4941315585233347,0.2636212390074699,0.619006177116171,0.7365911799761621
5,20,ParetoNBD_MLE,0.7935831539486593,0.13885154445772288,0.7371923045609313,0.7365911799761621
5,20,LSTM,0.6854247570922816,0.21005772818136295,1.0869219325913253,0.7604290822407628
5,20,Transformer,0.6321605140441992,0.22424824438341479,0.5889662630994341,0.7604290822407628
5,20,ParetoNBD_MLE,0.854087711910666,0.10457958069943438,0.8029294276171853,0.7604290822407628
5,20,LSTM,0.6918946832291106,0.23485908062917416,0.9073673454809501,0.7173652694610778
5,20,Transformer,0.5043504711241901,0.2820303882265812,0.8715200452767792,0.7173652694610778
5,20,ParetoNBD_MLE,0.8417277383209304,0.11845391541709484,0.7033720133484572,0.7173652694610778
5,20,LSTM,0.6290849673202614,0.2192382527724207,1.0438224431740584,0.7400241837968561
5,20,Transformer,0.500345797233622,0.2599495516061799,0.7123411176626148,0.7400241837968561
5,20,ParetoNBD_MLE,0.8645538835689315,0.10364802607052093,0.7401986486061197,0.7400241837968561
5,40,LSTM,0.6896314437355315,0.5113194093284967,0.7742726528414459,0.47214854111405835
5,40,Transformer,0.5000599909660663,0.5280980128700105,1.148001987418961,0.47214854111405835
5,40,ParetoNBD_MLE,0.88258356388685,0.21119259007883692,0.6229926378791116,0.47214854111405835
5,40,LSTM,0.7432201178709559,0.4581892463277388,0.8482479874713617,0.5041551246537396
5,40,Transformer,0.5597565841979251,0.49227718504363666,0.7880369432724975,0.5041551246537396
5,40,ParetoNBD_MLE,0.8894384247037879,0.17526375107811737,0.6918297089211207,0.5041551246537396
5,40,LSTM,0.6954398459358309,0.4685028118247739,0.7338460656390863,0.5080862533692723
5,40,Transformer,0.7360415682569674,0.4313311608651647,0.9204078319271254,0.5080862533692723
5,40,ParetoNBD_MLE,0.8769848479343048,0.18297184314894727,0.7054783450931686,0.5080862533692723
5,40,LSTM,0.7502759817063555,0.4554110830803233,1.1856047272369925,0.5117801047120419
5,40,Transformer,0.5288700863257064,0.4871129275643966,1.1157497198893884,0.5117801047120419
5,40,ParetoNBD_MLE,0.8583648169607045,0.20457028068823296,0.6793794915887612,0.5117801047120419
5,40,LSTM,0.6455302122560768,0.4969897833565851,0.7952942453378027,0.49132176234979974
5,40,Transformer,0.6548235478717335,0.48678175695682774,0.7660361849358814,0.49132176234979974
5,40,ParetoNBD_MLE,0.875085587127696,0.1965341474268979,0.6997042063062707,0.49132176234979974
5,40,LSTM,0.5209051254089423,0.5280185891311705,0.7539096577873488,0.47106325706594887
5,40,Transformer,0.7680189022173755,0.44876194589748014,0.6844976211765879,0.47106325706594887
5,40,ParetoNBD_MLE,0.8930316248636859,0.1896891369106238,0.6240562862121523,0.47106325706594887
5,40,LSTM,0.8076380350955628,0.4794367600570985,0.8038003328999611,0.4861294583883752
5,40,Transformer,0.4821413602324801,0.5146583345854359,1.0338410839720873,0.4861294583883752
5,40,ParetoNBD_MLE,0.8739416843634737,0.1920477369767205,0.6577969303450977,0.4861294583883752
5,40,LSTM,0.5219266687078996,0.5073214809355979,0.7756203758567878,0.49100968188105115
5,40,Transformer,0.5744756582976118,0.5050631564676022,0.9641745473747731,0.49100968188105115
5,40,ParetoNBD_MLE,0.8915110226576853,0.18043890706014554,0.6543512258134463,0.49100968188105115
5,40,LSTM,0.5399377893518519,0.4819384111306031,1.048227830809852,0.5161290322580645
5,40,Transformer,0.5121636284722222,0.4830915015093726,1.087984516321804,0.5161290322580645
5,40,ParetoNBD_MLE,0.8910047743055556,0.17427513611927956,0.7589740881916559,0.5161290322580645
5,40,LSTM,0.6951884791426339,0.45422207924958974,0.8745063592924497,0.5245231607629428
5,40,Transformer,0.5026792691549139,0.47541648119659125,1.0553607693777052,0.5245231607629428
5,40,ParetoNBD_MLE,0.8778625386075243,0.19261079062484907,0.6800757310571109,0.5245231607629428
5,60,LSTM,0.7999499069700874,0.6157976439440651,0.889954630743897,0.33170731707317075
5,60,Transformer,0.5104897190019559,0.6682785607285909,0.8286613462711208,0.33170731707317075
5,60,ParetoNBD_MLE,0.8944050856352275,0.25615992366664114,0.662376719607518,0.33170731707317075
5,60,LSTM,0.457484214436053,0.6783293728903367,0.662265886227872,0.3245469522240527
5,60,Transformer,0.6643431967314597,0.6596249238235112,0.8634261307205073,0.3245469522240527
5,60,ParetoNBD_MLE,0.9209174198340969,0.24304550018874632,0.5775218965740827,0.3245469522240527
5,60,LSTM,0.5078633603979226,0.696206348234433,0.943771172084009,0.30337078651685395
5,60,Transformer,0.4904237680735376,0.6970104434036573,0.863470149386065,0.30337078651685395
5,60,ParetoNBD_MLE,0.9107660985541169,0.25114606170027565,0.6291545291416522,0.30337078651685395
5,60,LSTM,0.5312991726308309,0.6660491873667964,0.6174928798602131,0.33221476510067116
5,60,Transformer,0.6868496523019136,0.6430106762578378,0.6946558244186233,0.33221476510067116
5,60,ParetoNBD_MLE,0.9016420486269732,0.23082194582589818,0.5668174326128472,0.33221476510067116
5,60,LSTM,0.526595189800058,0.6757340990037856,0.7773631378958862,0.3232484076433121
5,60,Transformer,0.6902115328890176,0.6535273445018623,0.7273003609265816,0.3232484076433121
5,60,ParetoNBD_MLE,0.9243813387423935,0.2169582632908628,0.6154702370748292,0.3232484076433121
5,60,LSTM,0.4947690901848685,0.7207137593949693,0.6212028550976605,0.27956989247311825
5,60,Transformer,0.6733756648468802,0.7004764017385807,0.7953490964817216,0.27956989247311825
5,60,ParetoNBD_MLE,0.9058026195552847,0.25824986633697505,0.5982937689720955,0.27956989247311825
5,60,LSTM,0.5427794077083177,0.6883696788456142,0.7728222414265126,0.309328968903437
5,60,Transformer,0.5599375611223952,0.6878009216028591,0.8014999721280704,0.309328968903437
5,60,ParetoNBD_MLE,0.9188106522229744,0.19453943489166656,0.554799560813582,0.309328968903437
5,60,LSTM,0.44848497112945873,0.7123527939070247,0.7056033763606349,0.29
5,60,Transformer,0.7276253305272247,0.6853758083172846,0.4860193177833472,0.29
5,60,ParetoNBD_MLE,0.9165115212346877,0.21066773795831273,0.4878605870339254,0.29
5,60,LSTM,0.5472321752539913,0.668529949700133,0.7449640000795988,0.3291139240506329
5,60,Transformer,0.5879614931059507,0.6667520156402111,1.087209790850167,0.3291139240506329
5,60,ParetoNBD_MLE,0.9006712626995647,0.25493442973499797,0.6354599193379259,0.3291139240506329
5,60,LSTM,0.4823994000328107,0.6864944553270236,0.7642811278751176,0.314785373608903
5,60,Transformer,0.7397700906981649,0.6230891301445343,0.9649051442340324,0.314785373608903
5,60,ParetoNBD_MLE,0.9303534181724435,0.22768238326209297,0.6367319822422461,0.314785373608903
5,80,LSTM,0.4803198653198653,0.8413211385262551,0.6440167189523608,0.1592356687898089
5,80,Transformer,0.6421380471380471,0.8284920764933247,0.2658208490716966,0.1592356687898089
5,80,ParetoNBD_MLE,0.9433501683501685,0.2659370144736467,0.6019630314509805,0.1592356687898089
5,80,LSTM,0.4762472077438571,0.8237984869008739,1.0441936957855775,0.17708333333333334
5,80,Transformer,0.6828443782576321,0.8029635603188625,0.9366437138270586,0.17708333333333334
5,80,ParetoNBD_MLE,0.9220551005212211,0.31243814114745244,0.580953082867823,0.17708333333333334
5,80,LSTM,0.4891642011834319,0.8652173519243354,0.8599122581288491,0.13513513513513514
5,80,Transformer,0.5359097633136095,0.8631188601545434,0.12174519697545733,0.13513513513513514
5,80,ParetoNBD_MLE,0.9392381656804734,0.2963469152210511,0.4407217535784259,0.13513513513513514
5,80,LSTM,0.47831907429063825,0.846373730710117,0.6932600099158158,0.15430861723446893
5,80,Transformer,0.520188342463224,0.8441610064461177,0.4199049835754683,0.15430861723446893
5,80,ParetoNBD_MLE,0.9287099156767402,0.271020417803755,0.520760885718038,0.15430861723446893
5,80,LSTM,0.44549434922535736,0.8758098698201581,0.46298494490777714,0.1257606490872211
5,80,Transformer,0.6149240326322879,0.8657270516729343,0.23064596145430796,0.1257606490872211
5,80,ParetoNBD_MLE,0.9355774268393084,0.3096965075565307,0.5160119631158686,0.1257606490872211
5,80,LSTM,0.5072594290704656,0.8086165630023227,0.5896986943605952,0.19096509240246407
5,80,Transformer,0.7849325910157743,0.7612259726953701,0.4360790864197354,0.19096509240246407
5,80,ParetoNBD_MLE,0.9538507723377545,0.22130209513254617,0.6793591103883241,0.19096509240246407
5,80,LSTM,0.5189506512566502,0.8507731958228144,0.5790450528159578,0.14870689655172414
5,80,Transformer,0.4659512016143827,0.8530797663427169,0.2893002852817528,0.14870689655172414
5,80,ParetoNBD_MLE,0.9235553109521188,0.2628880257585467,0.3604199695038133,0.14870689655172414
5,80,LSTM,0.48198720809162576,0.8305742563914948,0.6899463157063606,0.17008196721311475
5,80,Transformer,0.48163022460211213,0.8328358209856671,0.18331733848740364,0.17008196721311475
5,80,ParetoNBD_MLE,0.9278149635579354,0.3394616450615408,0.6709323524344998,0.17008196721311475
5,80,LSTM,0.5309402712571727,0.8535130770016333,0.39359575413263787,0.14457831325301204
5,80,Transformer,0.5091125456442358,0.8543892243548812,0.17443068809120865,0.14457831325301204
5,80,ParetoNBD_MLE,0.9120044340114761,0.35433499181100114,0.4517249379943309,0.14457831325301204
5,80,LSTM,0.4780735846612255,0.8181633687616651,0.5382864179574786,0.1824175824175824
5,80,Transformer,0.7300816167897396,0.7818073214351724,0.25602648143127854,0.1824175824175824
5,80,ParetoNBD_MLE,0.9268687653841171,0.3026244463215277,0.5870665015485419,0.1824175824175824
