rate,churn,LSTM,Transformer,ParetoNBD_MLE
10,20,0.2434770632354409,0.29799787648547876,0.12157807465683708
10,20,0.30643470244985344,0.3489577913347103,0.1397067588315413
10,20,0.26750786757181194,0.342665875638583,0.12784881389959465
10,20,0.2821583656359997,0.353976865703702,0.15773678123732884
10,20,0.2790246681507879,0.3664497533129828,0.1510399819613471
10,20,0.28954635964830194,0.3358363294946124,0.13819768709395686
10,20,0.2673631230591235,0.35379486133801424,0.1509167998981914
10,20,0.24186685856415255,0.3152647895164162,0.12839929730711055
10,20,0.31153559582410023,0.39031815136503756,0.15654012255864844
10,20,0.31007327458708833,0.36879383014503964,0.14322713487350816
10,40,0.5183073153920594,0.49444078407779624,0.2191258490901723
10,40,0.5667264489949092,0.5717031823136851,0.1957110430073743
10,40,0.46778530043135963,0.5714659951194855,0.22352166849537272
10,40,0.5522704933564384,0.5150998503882461,0.21054102825122825
10,40,0.46887607995478836,0.5904260130243321,0.19328002238330008
10,40,0.48579448356818766,0.5521214368940568,0.2131666209563851
10,40,0.4269436651982877,0.5390412421408133,0.17035974195478176
10,40,0.5324710529177681,0.5747450106722067,0.18568652105010255
10,40,0.46366597966633455,0.5913284158733876,0.2016673625947938
10,40,0.42503826622909024,0.5023375600550268,0.1957213820159474
10,60,0.6446631359483255,0.5712011042840658,0.2412735693889601
10,60,0.6247622844196042,0.6680664222928815,0.20234865793334997
10,60,0.6466333264866283,0.5922074282377948,0.2576382319998653
10,60,0.6197366849555552,0.623741245366329,0.24218891265261974
10,60,0.6423547052487518,0.7480820382724763,0.260957850307507
10,60,0.6737408017904376,0.6671397676761066,0.27593490040422614
10,60,0.637165753697951,0.6891196507158517,0.23538258924772024
10,60,0.6451832559240929,0.6082147725530926,0.3317864683559191
10,60,0.6399195727003505,0.615870676153466,0.2756896455367022
10,60,0.6199427194868351,0.5629570000863718,0.20584217830743576
10,80,0.756413503053982,0.8030509045323604,0.3196564266153911
10,80,0.7987222586719498,0.7469057235978765,0.27225784108398104
10,80,0.8693252021454798,0.8548136571680273,0.31897098736488916
10,80,0.7886981386882257,0.7993855596026972,0.2907874019450827
10,80,0.7719208376038629,0.7734868165783947,0.2515634440607703
10,80,0.8311833446891841,0.7700574454120662,0.3140071134419857
10,80,0.7166340988009109,0.7055925316963866,0.3095571585262626
10,80,0.860117957512346,0.8457630745999036,0.29663312758135635
10,80,0.8751017000842414,0.9027228807900786,0.41618955443736877
10,80,0.8906468453399267,0.6826591818352363,0.22027385087835283
1,20,0.6826068556825403,0.6805595755104222,0.6382835219543385
1,20,0.6853439263748566,0.6782923964987296,0.6455829764244799
1,20,0.6482753081885266,0.6500029047872131,0.6276359266434928
1,20,0.7011833124815191,0.7005214577113802,0.6574680790810291
1,20,0.6806353084369253,0.6786820859131564,0.6331451533865315
1,20,0.676435235515035,0.6792032441217598,0.646102555010729
1,20,0.6979961831982128,0.6948749621682105,0.6581483431775593
1,20,0.650219886341762,0.6505783237120425,0.5952169218698002
1,20,0.7126497801087106,0.7149667972883148,0.6880775191069685
1,20,0.6676776836830104,0.6694423925488866,0.6303004572055545
1,40,0.766702844727292,0.7729321925564736,0.6932692169004875
1,40,0.782781158499371,0.7717041800598519,0.7069879871502746
1,40,0.7914166161812799,0.7975889268999377,0.7311642526485795
1,40,0.7606517229295122,0.7558977256541445,0.7149318538760905
1,40,0.7574864627150772,0.7525471218211687,0.6524868219218801
1,40,0.7891101064236065,0.7845013892912365,0.7444209621482717
1,40,0.7701733269127621,0.7721464154077385,0.708865261610063
1,40,0.827046010572646,0.8245075195542406,0.7592409785213646
1,40,0.8007137414986834,0.7978617688876075,0.7561803887510365
1,40,0.7583101609785923,0.7576312177369432,0.67121550883094
1,60,0.8672645739812929,0.8591100851457197,0.7552106271517632
1,60,0.8811566131960262,0.8812240205141617,0.7409279546771564
1,60,0.848177735337282,0.8409338585762237,0.7670684591343521
1,60,0.8316818057311608,0.8205453391779698,0.764094336936411
1,60,0.840716409106432,0.8467014237463663,0.7357320422661355
1,60,0.8538286298570993,0.8511654206952798,0.8051693966291114
1,60,0.8728999721476586,0.8632027602417333,0.7911329179570048
1,60,0.851136264458682,0.8545094455054993,0.802534922773044
1,60,0.8692715870160257,0.8634637609266391,0.7874300767750233
1,60,0.8615117112164745,0.8617630371546985,0.764150889290964
1,80,0.928934526201625,0.9257667286023261,0.8312073030598882
1,80,0.897487502454024,0.9059061958452862,0.74175082598955
1,80,0.9461913197675283,0.9481693868676501,0.8466031005831545
1,80,0.9477089520617155,0.9444609444363483,0.93688703647214
1,80,0.908789002209876,0.9101664602915843,0.8583028327128555
1,80,0.8845515367434994,0.8832135198779335,0.709354537455095
1,80,0.8879590307344073,0.8910831837722696,0.8024576045968029
1,80,0.9231884758712998,0.9230769228251194,0.7810241825419154
1,80,0.950640867687696,0.9527878658631761,0.8649295873812736
1,80,0.9170531259396947,0.9189260331772185,0.8040674683176199
30,20,0.12202623186485072,0.2954965242830794,0.04745746681147885
30,20,0.18410785118028125,0.2350485522709389,0.053310428182753646
30,20,0.1532765801940932,0.29106988031284414,0.03910006546389761
30,20,0.19475114938216967,0.18329444063914127,0.04328459190592643
30,20,0.16606806293431664,0.19228489296873355,0.06228348214224477
30,20,0.16983196009158363,0.19731471867370426,0.03680588221853522
30,20,0.11204159962832452,0.18668289026541837,0.04779367917612939
30,20,0.16652792988332965,0.23321015069570847,0.06728742058372476
30,20,0.17312470707043112,0.21177902094629053,0.05728088641944393
30,20,0.18995430852503975,0.21203820183337224,0.05402012367107244
30,40,0.22182630849920668,0.36531578070981663,0.09420644862648672
30,40,0.26206815912463644,0.38343268527219054,0.09938014696575438
30,40,0.20392607628660062,0.30637347883526844,0.10736620717473608
30,40,0.19632241280636312,0.3784452598046254,0.09279525766191274
30,40,0.18977384203288686,0.40190568591142206,0.0661643265094903
30,40,0.19097278628015407,0.36281970621565757,0.08754757455426583
30,40,0.17971380633808479,0.3300900670080526,0.0832791476042124
30,40,0.16878693376823672,0.303750295350092,0.062380217333091854
30,40,0.3028263977871731,0.3758352870725985,0.09317955069194359
30,40,0.18924906683613912,0.3444084510446301,0.08569516776851213
30,60,0.3802994926834669,0.5504026272442853,0.09931400854972189
30,60,0.3350501532391224,0.43384467698720725,0.12158933838154264
30,60,0.29133823964556893,0.48852464896649833,0.12963824194573678
30,60,0.32036913751282237,0.5722239592324021,0.12519493205062604
30,60,0.317428848887953,0.47654048643530184,0.13627671073085562
30,60,0.21130319131917236,0.3720186763630836,0.09790728197105322
30,60,0.2705059207909655,0.49463886136266594,0.13489698552441046
30,60,0.35878313641885456,0.4547613532332429,0.09404838162798244
30,60,0.2912384241622401,0.5136781677737474,0.13845385488369413
30,60,0.39271211726004707,0.35912980115611204,0.10226162588545847
30,80,0.581769403006485,0.6834383662989059,0.19214084108110027
30,80,0.308083669528129,0.6682805989276024,0.1480868177201131
30,80,0.2512594062555563,0.7158706927045189,0.22231331121852554
30,80,0.19164395886095312,0.6785858586046568,0.14663931781226738
30,80,0.23235255288512616,0.602442700024345,0.12623570555630512
30,80,0.5187674540261081,0.625818771603019,0.16094013764967438
30,80,0.33374515807375355,0.6819504073280489,0.1390493820043964
30,80,0.3916204670400461,0.6976817585496528,0.10746643604925965
30,80,0.3491573981712998,0.779613400277551,0.25024042000689856
30,80,0.19067391499085773,0.4789296624896352,0.1084358102968013
5,20,0.4417958816652828,0.4428551671898119,0.2795048586130162
5,20,0.3931565094227318,0.3964677717407819,0.2466053728032235
5,20,0.3746601554595348,0.40382948587700257,0.2472388097433825
5,20,0.35796685584191423,0.42037143201048627,0.23085757347314265
5,20,0.43959488221710663,0.4381857735056326,0.23452569206017848
5,20,0.37320777932584087,0.42157409942627294,0.2413477625597081
5,20,0.3726748552741235,0.43577528258094667,0.28281622170031784
5,20,0.36597708380586946,0.38357967800967774,0.251440868398748
5,20,0.3799740782881603,0.44378280355550004,0.2635159481845403
5,20,0.3637539631364277,0.4355981742224812,0.2564032897928397
5,40,0.6156309531524797,0.6300234831972585,0.3502670521174437
5,40,0.5833195163539225,0.6178908889944065,0.3244094455322049
5,40,0.6030510057507157,0.5636661783319504,0.36306423844312696
5,40,0.578747139086988,0.6124047276893251,0.33888948949245423
5,40,0.6524629042709248,0.6370072142857579,0.3708127625073017
5,40,0.6311196534749038,0.5534890576476352,0.31057975883072164
5,40,0.5928234178791085,0.6232198005209583,0.33575337574741826
5,40,0.6376121260597207,0.6355687950914521,0.37777403638761575
5,40,0.6052830586156763,0.606161531987274,0.30559892444363684
5,40,0.5796397509485303,0.6013720417980976,0.33463209680317085
5,60,0.7337438987436525,0.7787993510325358,0.4321240615680708
5,60,0.7804643508509884,0.7649283692059284,0.4239978099760219
5,60,0.7997711199084304,0.8006065767863305,0.4653386001405934
5,60,0.7507400443979979,0.7282200066051526,0.35562218248508914
5,60,0.7887246160825647,0.771312730645288,0.4277865407418858
5,60,0.7895110423674191,0.7685951033599929,0.37709063365716977
5,60,0.7873155688912412,0.7863520737230262,0.37754196708663346
5,60,0.7850486175340189,0.7598187696233024,0.3288726201680347
5,60,0.7538134141802731,0.7524123664579868,0.38193290233873645
5,60,0.7921287096179469,0.748870772553099,0.42003889587750654
5,80,0.8945759455355496,0.8858356478232782,0.4507905367692332
5,80,0.8879520706874086,0.8738905726895199,0.5678700168857876
5,80,0.909068647509431,0.9063821481809988,0.4457854251835572
5,80,0.898187897349698,0.8975130052507357,0.4243203673619244
5,80,0.9122010293839965,0.9064656022253809,0.43775905749770566
5,80,0.8550502632822458,0.815498303568966,0.32859913245533284
5,80,0.9094501717929976,0.9113174007635718,0.4754387066928428
5,80,0.8920317524224345,0.8923973880449384,0.48197411860610134
5,80,0.8936861941114554,0.8949372967887508,0.46598655378619896
5,80,0.8896499238209138,0.8653895383497757,0.583788137204868
