rate,churn,model,corr_raw,corr_detrended,corr_vs_true_season
10,20,LSTM,0.9352314450765687,0.8772596617830669,0.902623923328698
10,20,Transformer,0.5363964089753308,0.43519484195168356,0.667345607995672
10,20,ParetoNBD_MLE,0.03662199023545082,0.015706486457564575,0.010278524413316129
10,20,LSTM,0.8424227715354702,0.7844088299527988,0.8253627052807558
10,20,Transformer,0.3284191810792277,0.4234832511998118,0.6517261135745854
10,20,ParetoNBD_MLE,-0.08134948911129099,0.06987734349338456,0.018005979531475695
10,20,LSTM,0.8757524694177641,0.8166783997490866,0.8724007352626898
10,20,Transformer,0.617963218817006,0.25798359554989153,0.7210179992776902
10,20,ParetoNBD_MLE,-0.10779758919678187,-0.023511298672161625,0.015641415054963557
10,20,LSTM,0.9296733531985981,0.8503339344114901,0.8401429278063584
10,20,Transformer,0.6009332417030557,0.5126100387665187,0.6887777921080167
10,20,ParetoNBD_MLE,-0.08419377115068744,0.03469269099475778,0.01491594351183984
10,20,LSTM,0.7842253748720649,0.7831536719985791,0.7913483480051219
10,20,Transformer,0.4313152389173863,0.25567014173825703,0.5918537556027729
10,20,ParetoNBD_MLE,-0.09531103260913705,-0.006835475534290356,0.007774815902761135
10,20,LSTM,0.862250677195421,0.8099004503822036,0.8635963840043774
10,20,Transformer,0.5386672236231678,0.25836181364492916,0.5146129215269977
10,20,ParetoNBD_MLE,0.03135903009780389,-0.05822003903240381,0.01806931283856606
10,20,LSTM,0.8930049343827101,0.8207062227566048,0.9212266797639511
10,20,Transformer,0.5110321542380448,0.24561107261991574,0.4977201216201231
10,20,ParetoNBD_MLE,-0.0598622131441075,0.008689166553555672,0.013416693908870587
10,20,LSTM,0.8694309270763614,0.7081555975101275,0.8146584341546982
10,20,Transformer,0.5393434665023273,0.30312113210022745,0.5705204751688314
10,20,ParetoNBD_MLE,-0.05335941269145654,-0.006143615819066673,0.019955973264312817
10,20,LSTM,0.8542708143764217,0.8708609844561339,0.8522551035261214
10,20,Transformer,0.5515653424939849,0.40863056360281014,0.579088711451963
10,20,ParetoNBD_MLE,-0.12261437924925357,-0.026037652382814132,0.012729003439768495
10,20,LSTM,0.8646446568386106,0.7741711211359278,0.8225561792621273
10,20,Transformer,0.6260567151182101,0.5659431827024516,0.64124226384159
10,20,ParetoNBD_MLE,-0.13025498026862545,0.028733102197612822,0.0133289352174524
10,40,LSTM,0.8009404674283506,0.775943964882482,0.6953812311839722
10,40,Transformer,0.6610850005081109,0.6289362257572614,0.6933981994999762
10,40,ParetoNBD_MLE,-0.008232166759348509,0.008922858178322895,-0.006132487551234569
10,40,LSTM,0.7865202688160161,0.5575128141712401,0.7652286086796586
10,40,Transformer,0.6570554813945504,0.5143487442400524,0.8392863304215307
10,40,ParetoNBD_MLE,0.03561205195152924,0.08290181517872128,-0.005268585154129764
10,40,LSTM,0.8789102192582974,0.6889679768357799,0.9148028794500943
10,40,Transformer,0.49276637420592984,0.518101173896068,0.7936649422563619
10,40,ParetoNBD_MLE,0.07787616623743658,-0.014985340228343065,-0.005405880008870747
10,40,LSTM,0.8833785560694867,0.7954977483864483,0.7658768168811428
10,40,Transformer,0.6196596064047799,0.7177033241325782,0.8034263160092769
10,40,ParetoNBD_MLE,-0.02523365549671274,-0.04727072711302417,-0.006373872644958585
10,40,LSTM,0.8177624074998704,0.6216954656728897,0.9280241727516
10,40,Transformer,0.5445613772079024,0.4236010488225475,0.6756030532265657
10,40,ParetoNBD_MLE,-0.05782511370043327,-0.003843440895480297,-0.0050594653514570475
10,40,LSTM,0.8231114611713408,0.8070687433599512,0.8602004556353972
10,40,Transformer,0.6755223610644863,0.5173009939503237,0.7631525146534981
10,40,ParetoNBD_MLE,-0.11035265177586508,-0.06760458382323993,-0.0034993995237936637
10,40,LSTM,0.7436142304452984,0.5398688472177443,0.7763322505337278
10,40,Transformer,0.48648149864226753,0.18519567348588978,0.4962481839518433
10,40,ParetoNBD_MLE,0.01816895018175861,0.03416645981288224,-0.0003441472218652819
10,40,LSTM,0.7017494903643362,0.4514666427575471,0.6117895977600757
10,40,Transformer,0.694745962246048,0.6362445950365212,0.7299012153895269
10,40,ParetoNBD_MLE,0.06998623297798909,-0.0334033064076536,-0.002479907183997613
10,40,LSTM,0.7920220878516888,0.6620394873513548,0.7999251857454038
10,40,Transformer,0.7096645692413421,0.5229251446209857,0.7330925218964587
10,40,ParetoNBD_MLE,0.01096201073116234,0.04327304859092899,-0.005237662034502747
10,40,LSTM,0.8738480338527518,0.7155918077697937,0.9267641234430813
10,40,Transformer,0.4645874703925495,0.2314611909177179,0.5064000975714184
10,40,ParetoNBD_MLE,0.08987914987915545,0.031369751620954546,-0.00517553292108046
10,60,LSTM,0.6436531508254222,0.47588165979364433,0.5970225599870422
10,60,Transformer,-0.048669592843222226,0.1988054664286295,0.4533712956505305
10,60,ParetoNBD_MLE,0.07020677345045186,0.019964616853563846,-0.02588659197237116
10,60,LSTM,0.8106014202716856,0.656476309682077,0.8537481493217245
10,60,Transformer,0.4466116462351498,0.09804804114696573,0.4084681263079729
10,60,ParetoNBD_MLE,0.0827474599914197,-0.056455913320864866,-0.024973143328008478
10,60,LSTM,0.6017097759653002,0.581056825365879,0.7084762604190018
10,60,Transformer,0.3795360054258203,0.18446395097194726,0.38658332819144015
10,60,ParetoNBD_MLE,0.0882362629148037,-0.0245854248561648,-0.022056720335965667
10,60,LSTM,0.6108244096242548,0.40803527221606845,0.7800083326307558
10,60,Transformer,0.49775023970910176,0.33290377291612233,0.6808319300084976
10,60,ParetoNBD_MLE,0.009135622019215433,-0.06458157124006918,-0.022106945038800292
10,60,LSTM,0.6548727387826188,0.4488158945981198,0.7510358343422723
10,60,Transformer,0.4086402871749694,0.03865494050035739,0.3395368261480855
10,60,ParetoNBD_MLE,0.18572527369659306,-0.05174993047525832,-0.02067252517011038
10,60,LSTM,0.7396975418006246,0.5677812670517491,0.813139918970107
10,60,Transformer,0.24402259632014855,0.04187215589145244,0.41444664076486987
10,60,ParetoNBD_MLE,0.18857193645645512,-0.026100075457084638,-0.027983314627829183
10,60,LSTM,0.7358122102982769,0.5835664638343918,0.855793144502824
10,60,Transformer,0.5122671529060865,0.27108607081130476,0.5302345043218443
10,60,ParetoNBD_MLE,0.06377176728584963,-0.11933859767009394,-0.02048572841773738
10,60,LSTM,0.6883208422589981,0.5203764067204466,0.7093373210102962
10,60,Transformer,0.26152186593381005,0.23404354358533755,0.6804786179740404
10,60,ParetoNBD_MLE,0.12908441311268143,-0.06435122768052873,-0.022947901604876378
10,60,LSTM,0.8489651447183281,0.7232646434952519,0.8039168202281641
10,60,Transformer,0.35715279083125706,-0.007897774026545163,0.11352949574620336
10,60,ParetoNBD_MLE,0.19797282520727674,0.0772697238064073,-0.020630543612273785
10,60,LSTM,0.796645213599604,0.6796633896150474,0.8782735535731593
10,60,Transformer,0.08823347309089156,0.08671001041459768,0.4537492017582755
10,60,ParetoNBD_MLE,-0.010238331014558828,0.004317113013194962,-0.020117321489132534
10,80,LSTM,0.6036221298709256,0.33052517019912486,0.5788827590044404
10,80,Transformer,0.3806100211289047,0.21989461833458443,0.6710867797207455
10,80,ParetoNBD_MLE,0.08379559472303569,-0.0010488953677107113,-0.03930161755151617
10,80,LSTM,0.5454486859453879,0.3505187503553861,0.553920154989705
10,80,Transformer,0.26586404821854565,-0.11660789127698053,0.2445716880270202
10,80,ParetoNBD_MLE,0.14559267076280988,-0.07594051512111777,-0.045666696197163036
10,80,LSTM,0.49586862315091135,0.47902246250103714,0.7406659000751601
10,80,Transformer,0.20470387593758826,0.03266572807079013,0.35197619744544106
10,80,ParetoNBD_MLE,0.14807670803240372,0.10811744970346267,-0.032964993946836
10,80,LSTM,0.21579899149871998,0.2156220413945086,0.37345871554988275
10,80,Transformer,0.4191604306049748,0.4311678992189763,0.5152495851529226
10,80,ParetoNBD_MLE,-0.09696672725324526,0.13923098320143354,-0.0382253046224854
10,80,LSTM,0.39987817554006155,0.23344689461028215,0.6217356807853653
10,80,Transformer,0.16712226215019207,0.18137605158310166,0.517863147093531
10,80,ParetoNBD_MLE,0.0007464202274698481,0.05457775328312511,-0.04509310888283205
10,80,LSTM,0.5371813243345049,0.26796559537256404,0.63373406407008
10,80,Transformer,0.23601969935418968,0.09100628915744671,0.030636880832222657
10,80,ParetoNBD_MLE,0.1263323057619522,0.062378783823962274,-0.03334428543857083
10,80,LSTM,0.48400878284330195,0.37735040946381754,0.7146273541600425
10,80,Transformer,0.44011632210769697,0.32124912932614147,0.6810206098102505
10,80,ParetoNBD_MLE,0.20034142088853765,0.043166731975237765,-0.03093368130258411
10,80,LSTM,0.4814845008240504,0.23691262948080002,0.4067156806225604
10,80,Transformer,0.39595630251763453,0.16351932953487697,0.46347845279323474
10,80,ParetoNBD_MLE,0.12911086910403616,-0.0680471917586673,-0.04609698386439205
10,80,LSTM,0.43367478300666457,0.24072691750247813,0.7050925605184646
10,80,Transformer,0.37045039345237396,0.14960605811753971,0.6049396832486582
10,80,ParetoNBD_MLE,0.2566443093721821,-0.1135055342463187,-0.04573918697397232
10,80,LSTM,0.5323492293496846,0.28016833943468944,0.14704786490783628
10,80,Transformer,-0.2598948247344854,0.1295908676835369,0.3720540827995596
10,80,ParetoNBD_MLE,0.08937008062820292,-0.045366100809459624,-0.04549980984359973
1,20,LSTM,0.3035350062212391,0.40766833978436257,0.44199304320062355
1,20,Transformer,0.38115196112572003,0.30410473220543294,0.22803071147252865
1,20,ParetoNBD_MLE,-0.14441335281738707,-0.009385367472832433,0.016310138072647116
1,20,LSTM,0.3288552797873585,0.1912284361095243,0.35886461884652565
1,20,Transformer,0.18661410611210585,0.016087007842079455,0.19404484576529546
1,20,ParetoNBD_MLE,0.08110139970860217,0.026241528422320602,-0.026213409830362095
1,20,LSTM,0.028707102678245118,0.04202637917396361,0.41916944000413325
1,20,Transformer,0.08904662662726734,0.10015719396994233,0.27438766456842234
1,20,ParetoNBD_MLE,0.12289181285117835,-0.06372079408756709,-0.02897027233348921
1,20,LSTM,0.3486231141827883,0.10167923612723853,0.19420254838409295
1,20,Transformer,0.25494026986062873,0.1315434856082744,0.11158237366738345
1,20,ParetoNBD_MLE,-0.10364018774596032,-0.10971893047305373,-0.016042963000347504
1,20,LSTM,0.4992913548518848,0.4678266002325948,0.5774888556899858
1,20,Transformer,0.4879331668171235,0.38822946354735777,0.4034773294517136
1,20,ParetoNBD_MLE,0.06575302849415295,0.10632555161250232,-0.014421393608279575
1,20,LSTM,0.4115278311049541,-0.04972030979503104,0.17927592340439663
1,20,Transformer,0.4079139749178945,-0.04489984963483261,0.36907373575253455
1,20,ParetoNBD_MLE,0.03802891033737189,-0.13942929520923075,0.009257057917135988
1,20,LSTM,0.3738997991966087,0.24054434054467128,0.30618749195841194
1,20,Transformer,0.26148528458096154,0.11033857647728139,0.31123791577791726
1,20,ParetoNBD_MLE,0.009488566555745547,-8.042680168192776e-05,-0.02720493417537465
1,20,LSTM,0.22751070850903582,0.20574921200313917,0.37623153532978737
1,20,Transformer,0.38373651355833294,0.23368160673922667,0.36320559981886485
1,20,ParetoNBD_MLE,-0.13255659862985233,0.006912873554895326,-0.003484219379762985
1,20,LSTM,0.49924270746500515,0.3722906498480925,0.6296193662096246
1,20,Transformer,-0.015563989619000965,0.010053242399008554,0.16043167877035655
1,20,ParetoNBD_MLE,-0.06073883747409378,-0.08120152575063767,-0.0274670113669917
1,20,LSTM,0.5023402290039432,0.2085497479521866,0.6151794188038912
1,20,Transformer,0.36150774405827013,0.30023623690939,0.19808068118948172
1,20,ParetoNBD_MLE,-0.14458706863662557,-0.057680765761056574,-0.031029866337220602
1,40,LSTM,0.08748888652853706,-0.0797868373623385,-0.004837479976602396
1,40,Transformer,0.20653118254113398,0.22189840391669874,0.1145044046053443
1,40,ParetoNBD_MLE,-0.04895349050576708,-0.04037066397397414,-0.018152998701266392
1,40,LSTM,0.1825842185968927,-0.052420046798452226,-0.15807795820192538
1,40,Transformer,0.18392000910814696,-0.0897752218689701,0.21654670916076701
1,40,ParetoNBD_MLE,-0.08844555864262929,0.035243991087456496,-0.03064592668892288
1,40,LSTM,0.44043863086573326,0.11494926565830235,0.0782270556889469
1,40,Transformer,0.1862014353293164,0.04297739278818425,-0.0884931561333548
1,40,ParetoNBD_MLE,0.05450279385022112,-0.09904327684151455,-0.025285357956046285
1,40,LSTM,0.2075305706753304,-0.07878105651950212,-0.09750777590317601
1,40,Transformer,0.5086508780542331,0.17289535099298114,0.1390415340186216
1,40,ParetoNBD_MLE,0.009057934675641734,-0.01939571585495302,-0.02827478142946328
1,40,LSTM,0.2686321947880707,0.14471846102739383,-0.08476292560459125
1,40,Transformer,0.273914649924642,0.3055860109775091,0.15009040239852026
1,40,ParetoNBD_MLE,0.02512331154701054,-0.03390432265159497,-0.03895091173804908
1,40,LSTM,0.06925370883738484,-0.013307578079664845,0.1128323815834954
1,40,Transformer,0.21953614694592044,0.016932272148399954,-0.07824502994247405
1,40,ParetoNBD_MLE,0.02637008162390058,-0.08236728507601113,0.005587377051441991
1,40,LSTM,0.5407594025009623,0.21503989896812417,0.2672559516809521
1,40,Transformer,0.4827206501209657,0.3204243675942569,0.05103400110966426
1,40,ParetoNBD_MLE,0.04919985410735908,0.03671159662251961,0.00816430118687921
1,40,LSTM,0.23107767903207482,-0.02918155336448279,-0.03157180834661904
1,40,Transformer,0.21678153352511206,-0.04023679368684132,0.08162988116908533
1,40,ParetoNBD_MLE,0.0676177644685413,0.035604255560899904,-0.014690806106071623
1,40,LSTM,0.27099285377715826,-0.0561151210962592,0.4626589123239486
1,40,Transformer,0.25266351751587446,0.14091344125484928,-0.007904035007646068
1,40,ParetoNBD_MLE,-0.08205109428727238,-0.10937485351197167,-0.0275519618305334
1,40,LSTM,0.3821140050433786,0.194296217775939,0.09887269910901117
1,40,Transformer,0.2540162043876763,-0.05832485264877336,-0.007526305424119367
1,40,ParetoNBD_MLE,0.009625969987432885,-0.05610911401836278,-0.03243235585493711
1,60,LSTM,0.1733572628264732,-0.10753260448489664,-0.10723844340076143
1,60,Transformer,0.28441244643012187,0.06901275066777636,0.46813578749018886
1,60,ParetoNBD_MLE,-0.013373900442102215,-0.07257724945859287,-0.022534571641792314
1,60,LSTM,0.030469489008085528,0.08884722227649358,0.009412531389035582
1,60,Transformer,-0.035869519396639245,0.0984229441175847,-0.08846764848899485
1,60,ParetoNBD_MLE,0.058102370098825476,0.06733003491013433,-0.03365690231373317
1,60,LSTM,-0.051348439395458786,-0.13352288425925604,-0.18726090504309836
1,60,Transformer,0.003439087398348137,-0.09183326815951834,-0.16574463172463483
1,60,ParetoNBD_MLE,0.2329130363293498,0.10163000945727664,-0.016803861358373157
1,60,LSTM,0.0627852287974791,-0.1421654343784033,-0.12636122305269074
1,60,Transformer,-0.03643903559318175,-0.12328873084790082,0.01651624107582486
1,60,ParetoNBD_MLE,0.0003359743616351402,-0.07900637212518731,-0.028784330381946794
1,60,LSTM,0.01823538346619633,0.05661641885398895,0.1582110380955635
1,60,Transformer,0.051352338194840814,-0.12901563020173748,-0.13038672936633494
1,60,ParetoNBD_MLE,0.03392042648962151,-0.09771683977806993,-0.03747953762499862
1,60,LSTM,0.15689276725649876,-0.1461033678994157,-0.05735187128853982
1,60,Transformer,0.41606294415774,0.10020012894385597,0.2274247974648097
1,60,ParetoNBD_MLE,-0.26568864662111563,0.013076980915030309,-0.03339646855964502
1,60,LSTM,0.01856265544788456,0.13529152749793388,0.011732049008386447
1,60,Transformer,0.021605813869212037,0.11321286547337968,0.09201792229207077
1,60,ParetoNBD_MLE,-0.25019593193364426,-0.09330509632399665,-0.0339015217062321
1,60,LSTM,-0.09423924734991014,-0.11992146896127263,0.010792219968709237
1,60,Transformer,0.13940710652599408,-0.0687833865100298,-0.07872060218107395
1,60,ParetoNBD_MLE,0.04104715778379776,-0.1593644024841672,-0.03412882117855634
1,60,LSTM,-0.09297933743660673,-0.33224801797297787,-0.005260030044718753
1,60,Transformer,-0.007826480110976327,-0.19302109670331483,0.010538076566771125
1,60,ParetoNBD_MLE,-0.04290824097329027,0.08246246093989483,-0.027623708586950887
1,60,LSTM,0.19267948927615783,0.21056074014917608,-0.15592235413877528
1,60,Transformer,0.2106039617474506,0.2533050005413588,0.07412447878025581
1,60,ParetoNBD_MLE,0.005286990883784773,-0.11664942746983954,-0.036075460124044
1,80,LSTM,0.012219488557973675,-0.05883817809506907,-0.1514182191851895
1,80,Transformer,-0.05003326108591544,-0.062409964433006275,-0.106098972845219
1,80,ParetoNBD_MLE,0.15941137240750677,-0.05943604665755739,-0.040007690445184124
1,80,LSTM,-0.03703792847800544,-0.0021301742869447512,-0.208806560997878
1,80,Transformer,0.07798406779536209,0.06860465645536659,-0.034950092020699215
1,80,ParetoNBD_MLE,-0.07801223235385268,-0.010251357774733235,-0.05205216451174803
1,80,LSTM,0.09343890657378444,-0.07244201291564795,-0.09250252000027234
1,80,Transformer,0.017650848605282814,-0.18403021166850253,-0.019067941402255848
1,80,ParetoNBD_MLE,0.057573562103026145,0.07737698741179139,-0.047951454499403724
1,80,LSTM,0.14308704593750093,-0.0377164563145424,-0.17600424223452424
1,80,Transformer,0.1702413172338983,-0.0017734883216042568,0.045290649427035735
1,80,ParetoNBD_MLE,0.2643763066704391,0.03156504112797685,-0.05171370147191446
1,80,LSTM,-0.18356504410173616,-0.21060961438810877,-0.10109008534581536
1,80,Transformer,-0.010720150153783442,-0.1593829943808168,-0.20994582076470417
1,80,ParetoNBD_MLE,0.052861460123160536,0.05201570006588775,-0.05927646327177707
1,80,LSTM,0.4182587898091277,0.3107917329994889,-0.0904947564467781
1,80,Transformer,0.23894864484173847,0.24005627258315604,0.12834496399385137
1,80,ParetoNBD_MLE,0.006720835017082728,-0.003984170263967097,-0.0255967659827032
1,80,LSTM,0.141946356034479,0.013814766298983032,-0.03237319328288643
1,80,Transformer,-0.07900414477678298,-0.10950096200726972,-0.12321901325318298
1,80,ParetoNBD_MLE,0.05809012771456102,-0.06655166559862863,-0.029350269923123246
1,80,LSTM,0.2489174218372686,0.10877171421473766,-0.2164835912930766
1,80,Transformer,0.324145315704353,0.2444987337502535,-0.03296296838497028
1,80,ParetoNBD_MLE,0.14231116235318705,-0.02158497865259655,-0.05842665486280687
1,80,LSTM,0.14663359999067938,0.24270029549311342,0.08308609327880405
1,80,Transformer,0.11808344646225057,0.16323485053475636,0.007679613000964626
1,80,ParetoNBD_MLE,-0.056823041547834865,0.07502581716974079,-0.07076807021413399
1,80,LSTM,0.26077784530251924,0.2976734056645677,-0.006653363344405966
1,80,Transformer,0.11297405908402848,0.09917348012239696,-0.0704424959689622
1,80,ParetoNBD_MLE,-0.15736383605320392,-0.026107814335641702,-0.05192383470395306
30,20,LSTM,0.9419275300389949,0.885140159842199,0.8340835861654534
30,20,Transformer,0.47773561840366746,0.15276709589275234,0.37107281484966087
30,20,ParetoNBD_MLE,-0.014135135922216518,-0.015004872793699645,0.017479998091152783
30,20,LSTM,0.9579565466525893,0.9299178092236285,0.8810427603667192
30,20,Transformer,0.8331361370486635,0.7820456311961895,0.8737304720362291
30,20,ParetoNBD_MLE,-0.04813189151743756,0.03041338585831174,0.014309298781840177
30,20,LSTM,0.9509987136871506,0.9124159122132504,0.8491926083781499
30,20,Transformer,0.5132631655520199,0.31206873623782455,0.3669749168002057
30,20,ParetoNBD_MLE,-0.13187825404088996,0.019423334440589614,0.017902767183325067
30,20,LSTM,0.9468536422584494,0.9314588501975013,0.8979220128029378
30,20,Transformer,0.5907170898540945,0.5419183167600353,0.7672251621991915
30,20,ParetoNBD_MLE,-0.13815312338590507,0.006441457000456323,0.017020365040350417
30,20,LSTM,0.9464228314260504,0.9430629684343914,0.9265799578615427
30,20,Transformer,0.42733189980180064,0.4661123054048766,0.6963952899497227
30,20,ParetoNBD_MLE,-0.08619455918284467,0.006311286835425792,0.012876964734482185
30,20,LSTM,0.946400187194987,0.9017223065988088,0.9066028980873782
30,20,Transformer,0.4607656041518749,0.5086409838534128,0.7178462440285037
30,20,ParetoNBD_MLE,-0.0805494979902433,0.02748212017553539,0.014282183566518806
30,20,LSTM,0.9561679125131984,0.91350230185835,0.9107925982354976
30,20,Transformer,0.4939959178022508,0.21192383119685113,0.5816299272654041
30,20,ParetoNBD_MLE,-0.05765676738311347,6.84904940366234e-05,0.014707747034250507
30,20,LSTM,0.8796373805874923,0.8721869245318503,0.9236185085133238
30,20,Transformer,0.7102131071470563,0.5459070844932236,0.7814498861380015
30,20,ParetoNBD_MLE,-0.0212431037478362,0.026827433514607955,0.016525915465639324
30,20,LSTM,0.9693121995580578,0.9457258536457954,0.9255330488049384
30,20,Transformer,0.6740383222815465,0.7145804344608812,0.7388445831865044
30,20,ParetoNBD_MLE,-0.08536335673215277,-0.01774978986783964,0.019306801826808998
30,20,LSTM,0.849895099608111,0.9441208588972925,0.8883232384062401
30,20,Transformer,0.9040429817040541,0.8125437923864418,0.8669419067131642
30,20,ParetoNBD_MLE,-0.06626128045707987,0.020437895079532382,0.017326821501141083
30,40,LSTM,0.9582774037039262,0.8816510584866066,0.9159195714047441
30,40,Transformer,0.5105556040385361,0.6359204306752979,0.7681523703261918
30,40,ParetoNBD_MLE,0.008177936388759813,-0.04619751211697175,-0.004209234811884743
30,40,LSTM,0.9533548037718632,0.8936397411585691,0.9013050790500968
30,40,Transformer,0.7054270635765958,0.5440853521721948,0.7389360080798824
30,40,ParetoNBD_MLE,-0.05520345417209426,0.02253435716475059,-0.00480682468083525
30,40,LSTM,0.9401450091872735,0.908206832576896,0.9171840309771828
30,40,Transformer,0.5663010549908075,0.436916375621972,0.6627410883784894
30,40,ParetoNBD_MLE,0.01652239687320566,0.035812278481173423,-0.0035879705164665677
30,40,LSTM,0.9342994253774729,0.8953284003738198,0.8904627622110043
30,40,Transformer,0.48196934820675963,0.4090168378050625,0.6811070202414244
30,40,ParetoNBD_MLE,-0.09747666616563887,0.020351086546029767,-0.0036352472934924294
30,40,LSTM,0.9452433762872428,0.9001349628838731,0.9190571628456113
30,40,Transformer,0.6320219439584092,0.6494181731750908,0.7428834854083699
30,40,ParetoNBD_MLE,0.019581815913278892,0.028954904870238232,-0.0023151007629702135
30,40,LSTM,0.9277053884897912,0.8658246682065147,0.910585803246463
30,40,Transformer,0.5025514017043902,0.48042726910000283,0.6819348978282319
30,40,ParetoNBD_MLE,0.09791359952368192,0.025335244288985308,-0.0012548021516001848
30,40,LSTM,0.9385702901642142,0.8422125077430608,0.9112079209335288
30,40,Transformer,0.6429158888607058,0.5027411301132921,0.7583776201100787
30,40,ParetoNBD_MLE,0.06072238749993482,-0.021471897932100657,-0.004461668510307752
30,40,LSTM,0.8456300390665984,0.8693007367199692,0.8513109558826077
30,40,Transformer,0.6925435722116864,0.6351898332585603,0.8458085254132658
30,40,ParetoNBD_MLE,0.009436239810800854,0.03628366265803514,-0.004157368966836511
30,40,LSTM,0.9204459396249285,0.8534272406548697,0.9095965337015042
30,40,Transformer,0.7430695432753454,0.6787596649460712,0.8449511972719437
30,40,ParetoNBD_MLE,-0.037617234380530024,-0.05000772680413145,-0.004205272843948062
30,40,LSTM,0.9251226467914568,0.9001644778873908,0.9085285331159301
30,40,Transformer,0.7498840897702119,0.633680704449888,0.7787960737810948
30,40,ParetoNBD_MLE,0.05797133475214578,0.00690103256043943,-0.005605873511724052
30,60,LSTM,0.9155536187434357,0.8685960371802738,0.9238805696170778
30,60,Transformer,0.6021177130395375,0.5486882557960188,0.7012884158442841
30,60,ParetoNBD_MLE,0.056490151082095895,0.023929730786228703,-0.02219133598004481
30,60,LSTM,0.6234413096568078,0.7425900220553797,0.8420949167391503
30,60,Transformer,0.5718890683071282,0.5508661942390264,0.7696853462363301
30,60,ParetoNBD_MLE,0.1643855880643981,0.06038193689546962,-0.019505618831364365
30,60,LSTM,0.9138886672110109,0.8679815057709286,0.88284557920755
30,60,Transformer,0.5283164323613055,0.5683404707164877,0.748324678965969
30,60,ParetoNBD_MLE,0.25784869787244746,-0.05489310372671868,-0.01698270356065871
30,60,LSTM,0.7758472592578683,0.8114200127702075,0.856063263211221
30,60,Transformer,0.6262379663310812,0.4536494096224188,0.7315038764523234
30,60,ParetoNBD_MLE,0.11800128161761346,0.04496146976060461,-0.02528622781975209
30,60,LSTM,0.9153176078024025,0.838032639643511,0.9096135319108137
30,60,Transformer,0.6570614863864951,0.5096283746539191,0.8321119000714827
30,60,ParetoNBD_MLE,0.18838502323906975,-0.05126071466287992,-0.020249690375000098
30,60,LSTM,0.8230548008423476,0.7022620624668381,0.9331062155608026
30,60,Transformer,0.4511154522398593,0.30525936057325015,0.6811790148884641
30,60,ParetoNBD_MLE,-0.020661160278567636,-0.040247717435839,-0.019963415349485904
30,60,LSTM,0.9090009846743284,0.7991710918719153,0.8955232560072347
30,60,Transformer,0.7884683754051448,0.616124958128747,0.8478308832017919
30,60,ParetoNBD_MLE,0.14258809061795025,0.06664969087517417,-0.01890239391685408
30,60,LSTM,0.8252203292914203,0.7739949763135953,0.8099132923215445
30,60,Transformer,0.3044824590351946,0.33357211750364646,0.5550490577291394
30,60,ParetoNBD_MLE,0.1516399866333475,0.062131394746397214,-0.019685084817733033
30,60,LSTM,0.916498986031218,0.8739447466504972,0.8818210306262462
30,60,Transformer,0.3949493648263289,0.467981531334014,0.6434528478544599
30,60,ParetoNBD_MLE,0.17211727225836143,-0.011796828926051202,-0.020393744874602607
30,60,LSTM,0.7974426270888917,0.7493669252386685,0.8414488674212706
30,60,Transformer,0.22946800408310916,0.042275671409866114,0.17686870113992434
30,60,ParetoNBD_MLE,0.00018463398282113347,0.03319209510477387,-0.021864371428973912
30,80,LSTM,0.6115700907843068,0.4849550797049139,0.6307659493549027
30,80,Transformer,0.3450291509863617,0.16299849123681218,0.25373133263129866
30,80,ParetoNBD_MLE,0.10335569217813668,-0.05876652542792474,-0.03820115545306913
30,80,LSTM,0.5885063508784623,0.6695152913254208,0.8625341052753043
30,80,Transformer,0.654044579358464,0.6016132325782961,0.7236274791154533
30,80,ParetoNBD_MLE,0.049351859140821144,0.03495836363016096,-0.03681943472999346
30,80,LSTM,0.5623080616993293,0.6394567760149561,0.8155153475821931
30,80,Transformer,-0.016787432523775618,-0.11156213140773637,0.1509904401316373
30,80,ParetoNBD_MLE,0.09699800049822735,0.00962017218861879,-0.03450028936017514
30,80,LSTM,0.6679169602165257,0.6678105657363307,0.8885600406233393
30,80,Transformer,0.28748890089716606,0.43775675653079454,0.74664183803158
30,80,ParetoNBD_MLE,0.058900751655747055,-0.09598537343226263,-0.03629606706034116
30,80,LSTM,0.7079656432657561,0.6918263727023826,0.8074030634911191
30,80,Transformer,0.1567399116679027,-0.003936515465268004,0.10779580355324664
30,80,ParetoNBD_MLE,0.40945177840647967,0.09101164233221386,-0.02964665759676187
30,80,LSTM,0.6863103868639133,0.45361586101151113,0.6866887240112575
30,80,Transformer,0.17532969258619988,0.31448140803763286,0.5316437028396176
30,80,ParetoNBD_MLE,0.0007560729617659327,0.07975103039706753,-0.043022434296230254
30,80,LSTM,0.7658519145877334,0.7402172053983627,0.905209096413157
30,80,Transformer,0.4287246943819493,0.39420504548009694,0.593516835276238
30,80,ParetoNBD_MLE,0.01774592565744576,0.10967712813363743,-0.032507871963034354
30,80,LSTM,0.1933956428560369,0.4195526217747782,0.6715740539553725
30,80,Transformer,0.44981123382832233,0.2991331573930268,0.5294591303086154
30,80,ParetoNBD_MLE,-0.01603601571978177,-0.021636494146007927,-0.034956747263777024
30,80,LSTM,0.5682335429936854,0.4777259236167871,0.8917170776101205
30,80,Transformer,0.3667524623306772,0.23379392053339051,0.5441748974616273
30,80,ParetoNBD_MLE,0.14730015134695254,-0.09496582441096525,-0.03997790282697153
30,80,LSTM,0.8080083339199332,0.6180783485587497,0.8693516535648144
30,80,Transformer,-0.07443391186436019,-0.027544096015542075,0.10825748111281953
30,80,ParetoNBD_MLE,0.37678156715591354,0.08943427108295858,-0.03188825319108348
5,20,LSTM,0.6487156537938985,0.3540406078797015,0.4392924138067198
5,20,Transformer,0.5648955989330186,0.43370858030463455,0.6731842518386932
5,20,ParetoNBD_MLE,-0.16980966478387238,0.0443696537514088,-0.0017415245124372382
5,20,LSTM,0.7094234374742158,0.6879599283204251,0.8663190647935732
5,20,Transformer,0.6927230106977057,0.5763208384522052,0.701048607735397
5,20,ParetoNBD_MLE,-0.09466889076291858,-0.023784289226176883,0.016256070213864954
5,20,LSTM,0.8553237293246958,0.6800761255656382,0.732233065604597
5,20,Transformer,0.4146824871105886,0.058588502856510453,0.18482813449247146
5,20,ParetoNBD_MLE,-0.008851611330666824,-0.08202568462179247,0.01814366350105885
5,20,LSTM,0.5360322930136755,0.6286388689685564,0.5469318737016766
5,20,Transformer,0.2641606617209824,0.24701475697616965,0.42695728257076654
5,20,ParetoNBD_MLE,-0.12300325719868119,0.11776212699906644,0.00863493139859105
5,20,LSTM,0.7691983319837845,0.4963453325729297,0.8004385540636817
5,20,Transformer,0.5181966304989314,0.23816761404409365,0.22482877208260546
5,20,ParetoNBD_MLE,-0.019564139710997915,-0.014422082830558802,0.0053583652400914185
5,20,LSTM,0.8657667628921103,0.781897979181681,0.8994606599619397
5,20,Transformer,0.2718228867970934,0.028408545852001095,0.2422622061932786
5,20,ParetoNBD_MLE,-0.04332827383592376,-0.04310535292150694,0.010515413573990783
5,20,LSTM,0.8408256421550628,0.7174346203555636,0.8530802153153705
5,20,Transformer,0.43744016971380645,0.2866189140385891,0.5287163856802959
5,20,ParetoNBD_MLE,-0.08607965586655927,0.0940222443737577,0.012764457781784897
5,20,LSTM,0.8598064192728779,0.7247779893533322,0.7608292010563688
5,20,Transformer,0.598801061134461,0.36686780142119363,0.6058102589432507
5,20,ParetoNBD_MLE,-0.1372005217012532,0.05495597562881414,0.00599052695671004
5,20,LSTM,0.857956783015788,0.7297108507301964,0.8811077465211529
5,20,Transformer,0.3595573183852104,0.16480874007062785,0.2733669776926212
5,20,ParetoNBD_MLE,-0.07389914359235292,0.06953181920215214,0.010922588830353214
5,20,LSTM,0.8093811905214999,0.6519878449888712,0.8591193359323003
5,20,Transformer,0.45929225674358537,0.045744634468254435,0.008265297724132314
5,20,ParetoNBD_MLE,-0.15346740761446234,0.07614499891533673,0.016109194580074943
5,40,LSTM,0.7424615209071507,0.4899717496073176,0.7117434420978841
5,40,Transformer,0.38458058373948933,0.19546394379470827,0.647711377294265
5,40,ParetoNBD_MLE,-0.00032020837511528746,-0.04358255852875348,-0.007731329453059155
5,40,LSTM,0.7989119625455706,0.5515628921665543,0.7882076532441131
5,40,Transformer,0.5309194069243295,0.176804855840015,0.1615455849440615
5,40,ParetoNBD_MLE,0.08680568298095026,-0.11972295859119668,-0.007955101136531905
5,40,LSTM,0.6104928532314464,0.38108406256655913,0.5366993155869237
5,40,Transformer,0.5933762586449429,0.36625506470267694,0.5317057344731104
5,40,ParetoNBD_MLE,0.0016434423615844997,-0.0021083323192378073,-0.005701856261166477
5,40,LSTM,0.6885936007133319,0.5513286764253492,0.8013290174517141
5,40,Transformer,0.44485793000997875,0.1262148716547163,0.24506135049813374
5,40,ParetoNBD_MLE,0.0848276568520875,-0.09272781904400632,-0.007204650804098894
5,40,LSTM,0.6947463283710241,0.5870762891563708,0.7393932733256877
5,40,Transformer,0.15905815186210648,0.011969415352354296,0.5510501649834674
5,40,ParetoNBD_MLE,0.10757698373825328,-0.029583402071168597,-0.006871213363078504
5,40,LSTM,0.45717254280308156,-0.09437338291597729,-0.05523483669757146
5,40,Transformer,0.6169249428546407,0.3378265115302564,0.7169267582116469
5,40,ParetoNBD_MLE,0.04041924642443656,0.05760488062901125,-0.006729399080199792
5,40,LSTM,0.7557583601134179,0.6545331805724536,0.7626944164500589
5,40,Transformer,0.33497191489619077,-0.037998683119550555,0.05347597454260028
5,40,ParetoNBD_MLE,-0.00126621309759787,0.0014092535274500006,-0.010882926677034884
5,40,LSTM,0.6010258967497393,0.4796299269276301,0.6083248096130333
5,40,Transformer,0.30271381413669485,0.07831878215211337,0.21892558313699123
5,40,ParetoNBD_MLE,-0.04933741443265593,0.0568996280536979,-0.009676996173906164
5,40,LSTM,0.6791169759971878,0.38490780658503204,0.701961829367756
5,40,Transformer,0.11683878533930456,-0.05417735304909036,0.1761343803032466
5,40,ParetoNBD_MLE,0.07641689211089613,-0.0072974749655800525,-0.006726578769105262
5,40,LSTM,0.6959727182360528,0.5832004946107235,0.732016500324742
5,40,Transformer,0.44308901039922755,-0.014247713793653779,0.08493943420423687
5,40,ParetoNBD_MLE,0.09414084992853124,-0.04144459310616813,0.0004023263870574372
5,60,LSTM,0.6079761080358991,0.34558220629865716,0.6548582478177586
5,60,Transformer,0.4612513781268321,0.14276392013740677,0.13324186516839678
5,60,ParetoNBD_MLE,-0.025308184907394445,-0.11884808494140932,-0.025866837720297624
5,60,LSTM,0.14454064980373982,-0.11496167508423293,-0.24854179376734534
5,60,Transformer,0.4582748448715558,0.26831222314325637,0.4072070702258681
5,60,ParetoNBD_MLE,0.0822611201282936,0.12346883884928324,-0.023179382854724075
5,60,LSTM,0.5476321274370253,0.11016126807099268,0.1598956223073835
5,60,Transformer,0.3806670160508721,0.01437641253347458,0.12353269043540326
5,60,ParetoNBD_MLE,0.12087745391306758,0.07390189258932872,-0.025620451255443117
5,60,LSTM,0.5242359835739054,-0.09096540559657672,-0.05828069718797003
5,60,Transformer,0.7217476816132598,0.47524584469618814,0.6494991391235599
5,60,ParetoNBD_MLE,0.16876152764279345,0.10610512563620396,-0.02296333648343121
5,60,LSTM,0.4413736671660949,0.11770069392503715,0.031899478037601965
5,60,Transformer,0.47943999983740637,0.25104520868398494,0.4170532927843517
5,60,ParetoNBD_MLE,0.12403241210183237,-0.05725941881525732,-0.027323009227753065
5,60,LSTM,0.4170164137741721,0.16016538014154932,0.25855200510342685
5,60,Transformer,0.26052456228063037,-0.16180890750211438,0.20836936323877517
5,60,ParetoNBD_MLE,-0.05838823481831337,-0.0825994999654968,-0.02819471314618408
5,60,LSTM,0.47250110891467784,0.03676889554696611,-0.10268153553265394
5,60,Transformer,0.462338707380778,0.04721013882613156,-0.021601191970667937
5,60,ParetoNBD_MLE,-0.0006541939067899022,0.009969262297067894,-0.027374725510470457
5,60,LSTM,0.32792494131682326,0.026034926025056873,0.07164381814288359
5,60,Transformer,0.4827654527228759,0.223285519124519,0.6967130842472542
5,60,ParetoNBD_MLE,-2.7322918125331946e-05,-0.08188412075416096,-0.031321056338253335
5,60,LSTM,0.46148945321886586,0.1132951770881913,0.4207191755482853
5,60,Transformer,0.3645267870889026,-0.07169036205837809,0.47263631435651837
5,60,ParetoNBD_MLE,0.08096381857160662,0.001024385693954895,-0.023465673788909767
5,60,LSTM,0.3413280339782417,-0.04043193229226058,0.08144206246695912
5,60,Transformer,0.3813810085446254,0.18493462097200902,0.3602346723454437
5,60,ParetoNBD_MLE,0.11640089118442674,-0.016462964060656185,-0.024563827660117072
5,80,LSTM,0.26420431029037234,-0.013062339512354252,0.004421682040452657
5,80,Transformer,0.08970121288213133,-0.1178080044964515,0.0668151979667463
5,80,ParetoNBD_MLE,0.14827208744387874,0.04861871908363556,-0.03989571876841702
5,80,LSTM,0.23659668668680603,-0.031333131041243974,0.05221802537359323
5,80,Transformer,0.2041354293154302,0.08824225608689482,0.44157793024970665
5,80,ParetoNBD_MLE,0.14121312791751878,0.023074492946101515,-0.04170929136593217
5,80,LSTM,0.04588880216552963,0.016104047773281817,0.11089321909373341
5,80,Transformer,0.08338015173493078,-0.10154682912834238,-0.09060960216637119
5,80,ParetoNBD_MLE,-0.23269228771260775,-0.055349995346141885,-0.053044542716891734
5,80,LSTM,0.20254811650470853,-0.07108052770885759,0.12656268144989832
5,80,Transformer,0.14224843490053615,-0.10091617708270417,0.05325843604323867
5,80,ParetoNBD_MLE,0.31457879386792886,-0.017702753945857366,-0.04101216900226361
5,80,LSTM,-0.002802755129779204,-0.2630614744434599,-0.02371045999181694
5,80,Transformer,-0.017434786291919066,-0.072432532619283,0.1648386211165663
5,80,ParetoNBD_MLE,0.06772922844651144,0.15425547260807818,-0.04302188246210204
5,80,LSTM,0.3323736398936512,0.12023461366272367,-0.010845686407568826
5,80,Transformer,-0.09751515247182031,0.022424098240992278,-0.14443963094667198
5,80,ParetoNBD_MLE,0.2246172681183331,-0.13402456203580956,-0.03445903023255856
5,80,LSTM,0.09140303480063142,-0.42181473310878587,-0.07862839170720379
5,80,Transformer,0.25621937347285906,-0.248616444522811,0.12662840444217965
5,80,ParetoNBD_MLE,-0.0034289748768442513,0.11291256558988627,-0.055326194320609604
5,80,LSTM,0.2056204676241258,-0.09047809539103656,0.00484774292021806
5,80,Transformer,0.00023158646135323823,-0.026474257422947466,-0.11576301124305055
5,80,ParetoNBD_MLE,0.01025601302133267,0.03566302983459135,-0.034501825813628866
5,80,LSTM,0.12295640395552046,0.1646799859890511,-0.11915973534918053
5,80,Transformer,0.26742120129865815,0.2528795519108778,0.08706946561741913
5,80,ParetoNBD_MLE,-0.08548915015162496,-0.11142397156059015,-0.04693447327965396
5,80,LSTM,0.06001892781390019,-0.21266193740004277,0.007259825736011473
5,80,Transformer,0.11378619561850369,-0.05631313565436391,0.43226531989651673
5,80,ParetoNBD_MLE,0.021250801864677926,0.11229985366920804,-0.03894664103409167
